label,temp_celcius,audio_peak_hz,co2_ppm,weight_kg
0,35.0115345864307,167.4413174783536,826.5623306966169,30.914809381952722
0,34.87450352240161,117.54958936059484,913.6169864904987,20.601309457430006
0,32.965592527388466,123.31011457403258,583.6177393193891,31.232620319354066
1,34.88821414856918,433.16551911872523,2504.3681931156034,19.000767319870835
0,34.551930277854126,154.77274978141514,633.3392289742707,26.803634287144227
0,34.77173523428769,124.14014843713142,657.804302314819,30.268966030878286
0,34.43986522897742,139.13201252414626,999.7811301558728,33.005674608058484
0,34.32190125262094,136.0584682778996,446.24482942419803,16.503032483655588
1,32.155300906209526,376.9372113027386,2355.055016786593,24.0901248448058
2,24.138536136672972,125.93283261429298,665.6852745600455,6.185541573204139
0,34.80633498108525,156.3650505371742,1136.4630541642887,27.28009684560857
0,34.55255089363734,187.61447758041444,998.221741071842,23.98932758947402
0,33.36319725812947,191.40003339270723,1159.1988818565887,29.970988343952904
0,33.9419152172329,130.47300267996994,689.6453253668508,24.443817681247722
0,34.30049533538959,151.10123188596285,697.6848633123931,22.57130275829791
1,34.09764475405354,318.6152488901888,1989.9637660474395,30.56120871052128
0,34.4720688408368,122.7992824465103,706.8264529884448,20.563915805869684
0,34.69579363474333,167.9316766354401,894.6549231522797,29.53825037196473
0,35.22879475755575,201.36672508956977,1228.3736454516172,25.116653718596808
0,34.65811652294395,201.97680674889773,782.7627741732454,29.769925426660116
3,33.533332790274294,454.7885787491958,765.3951110830327,27.952513666288837
0,35.022900453183965,126.93418395209792,766.1126465586976,25.246686145986573
2,28.8305973627945,131.20212595431406,839.1577717115874,5.273874170184615
1,36.966756039927056,288.4661298813291,2500.9706905045205,22.84775741844843
0,34.74569314986246,177.58767569382866,1131.190358726997,24.540593236269412
0,34.493567852720524,83.56350362904062,613.6957166130348,26.879634649305235
3,34.267514285133956,567.9042390628483,753.4209726081311,18.05475622953424
0,34.57829206427984,52.65077562469165,669.1898506521063,26.903219713647246
3,35.60261536367115,532.0669559476243,597.1005717295453,19.265025637143346
0,34.987648051346824,198.38947848353843,830.5001373058454,18.146655471223305
0,34.47521701809394,147.55517998495765,902.8947959855161,23.45843133332051
0,33.83030433036792,188.99828399438272,769.476498678811,21.584401538969324
0,34.14103721514514,149.97434083215202,888.4916106271745,19.061123158122793
3,36.47698911419897,478.7681726742974,806.5002936489028,21.55559330481875
0,35.162566100582126,124.2221170294654,755.066622681384,35.863872634784435
0,34.535683973408126,196.65063203781102,507.1435447603085,35.845072350737354
0,34.508540267238956,195.74152203210932,503.6504819487822,29.157417370753464
2,21.819553442075037,181.33737902467487,781.9558547943496,3.950567215439496
2,27.032708942652263,166.8192039570705,944.651272297394,4.9974472377291335
0,34.47019697708971,109.78988155880191,828.2019250693534,26.015570553611063
0,35.141146302798745,197.95922618563353,770.9227529144063,25.868542497079698
2,28.447364419452576,202.18187791760707,701.424843656249,4.039033027051227
0,35.162824606711155,158.11366149776705,824.0225571288503,23.129629746689563
0,35.140627412535736,140.3056129508488,868.76235061905,16.001380193223227
0,34.33958308653778,168.26980710698527,681.7440222373596,24.66420566065906
0,33.74892359676995,129.19034783781152,894.6127675206582,31.55970966912737
1,33.277480509305526,350.1346581146204,2224.5480870290226,33.245069403323534
1,33.80777941689894,397.8764286521262,1719.2151053389784,23.34528802485772
0,34.688549688243256,165.9676816930671,591.7770170053022,23.469396575702064
0,34.357549733813585,130.46979701337844,1069.6426735573107,22.64539714040596
3,35.021037391942,585.6716858150634,799.8524827204218,23.95002958658867
0,33.81381630949158,141.1600095905134,1040.31524190087,28.296952944072387
0,34.949218762328975,135.83743171733894,912.6939878633416,18.914583396727238
1,34.18861351268301,407.7151143133718,2516.0606068027937,18.619818612456594
3,34.27426497390468,600.8159366101276,663.7828458356565,33.59163305030867
0,34.41807277766709,177.6833465074592,539.2139916413981,23.904748835855976
0,34.07501786882787,181.0245578602594,848.6606075954113,29.826978798942037
0,34.4760650115949,142.03725023120907,844.1942089627726,15.633773456529468
0,33.750500789343995,172.67056468376853,713.8458615874057,18.984245125323525
1,33.124518471503976,364.8908898341174,2468.5750948023315,25.99456710955885
0,34.65822991395842,105.70711005249011,621.6707316052675,25.93598295714205
1,34.639339554893766,320.18665755317704,2666.3850295993843,28.131419324199044
3,32.07081111697612,621.5280618132774,583.3736755079616,30.530912929494832
0,34.84575284314498,153.1069487398278,600.7076789896415,29.8611782644751
3,34.682080145321564,569.952428372688,670.7926457853305,13.232953469545507
0,35.009691615651185,110.10246662134398,787.2256632734185,24.537639611043804
0,34.04394308431155,126.75294123056692,688.4545305041283,25.933671522289476
0,34.24642024505223,125.69143339565908,1269.1828330481399,34.87242405561075
0,34.50505388001313,153.8442870273108,574.6597339700696,25.075742209592907
0,35.236220684339486,126.35241550820831,884.0513252931828,20.533054302708507
0,33.811645927644754,139.38303235249285,1098.631827711109,18.505713417305678
0,34.369967741499956,155.15335046372303,850.3601468997111,18.463673258142855
1,33.60999130658669,341.18399841425105,2460.4526072947074,19.92767427691979
3,36.25100985928764,570.9295159625328,762.7746810516268,24.723523893708983
2,21.329665398651642,157.28426866366064,656.1982569795738,5.2774969748626095
0,35.33850815765126,114.58273021773104,961.402241164268,14.318355867261248
0,34.47209800182581,105.5200731370385,773.9574187364341,21.623583123095287
0,34.10355350850355,144.9251349564982,703.1400634288731,21.466114544014403
1,34.10098867897152,334.9411538121291,2454.970517184407,22.903750639240098
1,33.97460749517931,319.98236466744794,2394.9587344742167,33.501581463524985
0,34.324678328812716,155.55120058675053,548.1502886451635,26.136199514628554
2,26.93348580494142,155.12377481885315,543.1576092263483,4.0618349324644845
0,34.63252303763291,138.1508233787799,861.5135939764522,17.768526567770557
0,34.58095336558145,170.14164636897064,572.2033126822353,24.983591139314996
0,34.763246367643525,140.5482615130596,886.2151758913202,25.253768764244484
0,34.909539197117795,139.47397617440052,819.9876281000076,33.675142608416195
2,27.34437398515877,153.04255615465902,536.6148022713365,5.230365762057076
0,34.771465446075986,236.59170921515937,752.1044631965683,19.384925401023075
0,34.36838853682748,136.7231510731101,883.2213216585219,25.952725336815146
0,34.99579817083768,127.9730720550747,832.0551435839195,28.733151047391484
3,34.08170513086528,601.6845182348094,664.6028353544154,21.97117235979084
1,34.80092716202584,334.7999645899224,2566.049519319732,23.811118665727307
0,34.99472200825877,158.43389436542046,911.4796891747746,38.8930628794913
0,34.11573305187219,177.1664651707973,795.0420068311714,22.10106796849246
0,34.4677136424561,161.04163987210114,736.1954316251015,20.83870690573392
0,34.23741536838066,142.31822771779488,818.1306697120322,25.96501095725794
0,35.3678317039446,111.77467564198099,966.070179483245,22.177178645728556
0,34.3903038577149,193.02920578406466,811.3419971727002,18.409470702076845
1,33.28322909477199,362.319756299629,2506.929884032303,26.693385794659807
0,34.46981917948625,146.12016777714683,796.1277551655353,19.889402333178417
1,33.426021689166475,348.9044003864982,2216.425182473952,30.380127923564544
0,34.998117512329706,112.89534951301579,1336.5326485577134,27.755706081012043
0,34.0414624806554,157.25433676586587,826.1378897775637,20.4805312170905
0,34.52337258621961,96.93848761723484,789.942733495649,14.116103814979189
1,34.735248282087454,365.65635643353824,2476.9981517353262,38.39519605501228
2,22.0338380809595,129.15326776541102,700.4178356835206,4.9993793456142654
0,36.02419600764836,181.47528282725668,306.67783351625275,22.562803092323055
0,35.946384116981406,182.34821100163748,1092.7019029330481,23.172871324850302
2,24.55187762828103,142.95484306542554,641.2019057064826,4.4433199615004
3,33.21190810797572,584.8568096897388,516.8318767377398,24.170010159645397
0,34.013174258112265,158.27642097081878,841.7605718425056,21.67106076011722
0,33.834435836293856,127.52609669116208,734.8333521783964,21.412563392259134
0,35.258580581544436,149.2297980026467,984.3382447583126,13.292013025948313
0,33.762116245582206,176.29316350784552,706.2051998030828,25.64476140462126
0,34.200444802780744,144.82900870501877,599.8712081112544,25.938769644292204
0,34.74003175712144,136.80196481403092,1168.084432600408,34.24816920378808
0,35.131532662474264,184.49893704852278,1026.1763129156345,20.128484421690956
0,33.787517028431566,163.26634466205377,593.83998165933,20.27584576037183
0,34.55222180432233,158.24325537342452,956.2954509327456,21.547764307022188
0,34.3004396918851,141.43892139284335,914.7823630664607,26.446312927068536
0,33.71877313812912,130.63131070330763,810.5629910215691,24.877858185378606
0,34.85663142969677,130.00064855939516,757.7197929009847,29.29948696071563
0,34.14228435869692,199.57699535461566,796.4575184975804,16.668922650267735
0,34.958866498803836,153.3620453849033,576.6100711815103,35.57477646220215
2,25.4127225877283,120.87954331543685,743.4085845136934,5.0491517243821304
1,31.250531297262988,345.6046395280177,2231.97297573537,25.181564343084464
3,33.80299361728285,739.8399486567516,661.3748662871589,26.70779608106533
3,33.79311543003451,601.4873394778493,621.1406677115384,30.5457881431822
0,34.94086602534756,154.6095366937652,749.6016298629496,29.025436311173905
0,34.97834012465059,154.55736340475482,937.6300789132825,23.781878468632772
1,34.69317504744601,342.6692353121713,2779.8839701231504,32.86730857679472
0,34.27982882416939,131.6116370828493,978.4221621741696,24.43810944855232
1,34.89536268253692,389.34057159645965,2326.2957492600553,26.88909016262206
0,34.32119796479777,155.30569883647755,511.11173400768354,24.86290654095143
0,34.277528894138435,147.26078793921855,898.3682902055971,30.321669176147985
0,34.708371533981726,129.66531280453287,861.0939736495376,22.744169278450546
0,34.39701775305408,150.58302438174675,817.0375080073252,27.540268652763828
0,33.90792849027809,209.21457244387386,610.6565493303898,17.94700676388671
0,34.59586137816583,149.46139682313114,544.4526300298359,30.49624827261021
0,34.08592574368601,145.56639205595212,928.5157157842502,31.24296729286728
0,35.20828303084621,127.04725603787166,829.1415507233816,32.211260029537975
0,34.87179353054745,153.5520140370472,648.6083763547017,16.764676608880187
0,35.518581591063985,170.27517782626683,655.35261723057,18.151476995606473
0,33.92475407580592,163.63966559945268,611.5526214290395,27.059633919770885
0,34.62270582264362,211.87684833189564,598.2812557380332,27.576751803442153
0,34.70374099651514,75.53960846690016,514.7029272690536,21.499995770247565
1,32.91273098904761,404.1563687982933,2354.927490789734,30.165601015588326
0,34.5381735060827,180.7422284801829,854.9695155442398,21.81101268554778
2,24.817364520958545,178.6688585326224,654.5280187643748,5.488350656038642
0,34.692796702476436,174.93105323727937,885.571234883581,28.76289876272886
0,33.74795857860189,152.18511296376096,814.0423500409963,20.929734381379344
1,34.7167469955531,359.66753019751525,2451.1053417398184,22.249494950642855
0,34.731842581522955,138.4916782812199,498.6046679521407,21.965840166686927
0,34.925949542109144,141.73463231516092,632.1103220395892,18.515018265692653
1,33.66454424109069,304.55104797758275,2238.6781779943503,20.338347957985516
0,34.740592533916846,168.9286305288782,879.9713564884298,25.81776316057061
1,33.81146699181725,429.58864240105845,1920.5585380539492,33.90983545220297
0,34.3176098712327,157.79580445289605,775.5481891231788,22.379275416726653
3,33.17851508309382,512.9181505148337,835.7834507363245,20.622254753907157
0,33.583388482136996,143.18483159498788,783.3097082669804,14.51174270266195
1,34.4058711266375,364.27817309940946,2487.8332205248125,12.074395479558964
0,33.75462777242626,133.31782881160717,697.2537262474951,24.343211115540623
0,34.51858734341818,207.08810862322863,947.986533903106,27.631038626839203
2,28.282688540627536,165.44343978117024,680.5286861209381,4.606789817703949
0,34.4322870966561,181.34039723715182,730.6970082702284,26.209459384274453
3,33.95082862805633,587.4791796379324,761.0602546908591,31.50350663342677
1,33.545750586554306,319.8735034214856,2590.300059099719,32.19012223131511
0,34.43225228160474,150.76211426753636,951.3253373471515,29.356981648128453
0,34.60959921672479,169.3314931461136,709.6154892111455,24.04186867906243
0,34.808695572449196,160.4886629852956,1066.0427015257303,27.410785419040216
3,34.47974475789486,523.1316718126453,724.8159772511865,28.711004319421278
2,26.976091202485303,159.00323499200172,669.0930240350626,4.929729425184722
0,33.677878684139046,152.2501029565741,838.039467122435,27.285822345075406
3,34.37538972425706,592.6018505205263,576.3221883665088,26.191467164888618
0,34.20831712876248,145.41737374110718,712.069646567489,20.522791289191275
0,34.44701012436503,159.42357986822597,879.8833735772985,26.234340032485257
0,34.02384395690676,155.24863124625057,624.2203410539728,34.16584436289313
0,34.58056330691802,159.80890024969946,599.0588450617987,18.922507230593027
0,34.278019068498516,187.34524803603657,807.4793159200804,24.200791067139583
0,34.369699649668824,114.16323007785195,587.1503789537086,19.629548323523213
2,21.889801892164517,182.19007589567673,830.3802136968243,8.076208116148027
0,34.41959629977556,178.15765988779623,804.5950100437333,21.135979774279818
0,34.574412870962384,170.15015626873364,1006.2329093429298,15.64789611619677
0,33.98679634275751,138.6798908820208,862.2868176188769,27.705135488519645
0,34.6302577378385,132.47214963342964,739.7299798757333,28.25394450925551
0,34.28664819788295,124.7892948298885,756.6511256186167,22.26141719392799
0,33.886869895360306,201.71474880970283,735.2275603020238,19.86524228320048
0,33.80351690957805,204.81447041890272,982.4065552493071,22.814129130694965
2,22.521787607512653,177.30078538930022,626.0128141162868,5.1561937991189595
0,33.57530679740368,168.4520289026765,843.4498150205546,21.73744090991553
0,34.89464518841748,164.48512433225233,882.0514376294481,30.46931965384396
2,21.71675807527239,126.7195254443038,694.9948820911559,4.520536269848817
1,33.52509586324168,371.217893043415,2568.45818520185,24.16822497549239
1,35.7040981265077,348.60680792443196,2886.6221263535945,31.905064096110458
0,34.74443747006291,199.21293738846148,1043.5330547249102,17.341185770905
0,34.36133283533783,152.0483695063803,1097.8777715635215,32.53139239410268
0,33.46649763443437,155.08027268131838,607.3924901176429,30.508855198359008
0,34.38253404942451,191.55097687326716,908.6074329081981,18.593341118364666
3,36.21910169887063,532.4531139917019,746.1407352361717,24.88109981696105
0,35.22811388889673,193.46938357109326,761.0143727196148,22.220410321485502
0,35.210450434578874,116.20471823064887,559.2137234902038,19.662450990119453
0,34.77291657479171,173.5199850572672,797.5747845427204,30.872594225827353
0,34.259013566620276,159.33634949983713,1009.4458340213512,14.53534700112191
0,34.59487310212628,197.61872039423912,826.2862363422523,26.99096838156059
0,34.14076533236225,173.42027541444835,896.9823822918772,17.781093355991175
0,34.25853595848496,125.09272119319817,586.9402196435027,23.617881107353654
0,34.1975777719947,84.54711128702473,660.8986570466292,22.448679901474446
3,32.53243185374292,629.8777199517709,670.1312463173758,29.585774526048738
0,34.05366116365171,132.63433471549345,1040.756664231187,22.865243564840867
0,34.82292698603419,119.34213460503167,750.9612454861448,19.831827710945497
3,34.239911916922274,510.6437551791292,580.8650155776659,32.63311863259845
0,34.28643666960134,135.65287498068344,789.8686821340392,26.64905467486652
1,36.544188004216664,408.3489076812059,2771.9233256876673,29.65269591180072
0,33.87056182002043,159.70808191737007,569.1300411014201,21.549447959595373
0,33.90280104669244,195.84383923652595,858.9715208447549,21.980325911841895
0,34.15410067246086,147.75207839428947,738.4000151130257,28.499533516512955
0,35.35595931343605,160.34063134759975,1060.8839886680958,33.318675731914034
0,34.75511087898773,179.16335366384828,991.8401940880386,22.71158537809488
3,33.32561688294252,546.1171765595961,774.0089320782445,23.46586187232829
0,34.0003877693807,145.70328884362573,340.1869764746647,23.74204163388372
0,34.24747976701323,170.8959709696263,953.4353007752966,20.273692738809604
0,33.997359057593144,172.712125269252,946.3614629163765,25.803822673250988
2,25.20332238829656,159.88997906950127,522.6633736541014,5.837210047518922
3,34.301156612953605,596.4938278560165,773.9015848167938,17.913855500952387
0,33.93673214850608,178.40525736565257,793.9718414331995,27.24023183577693
0,34.65763093871994,156.04286994085885,1163.0148553204358,25.977361449993193
0,34.416420410354306,188.52140373300884,864.998918528854,28.30902402211666
0,35.24616359651396,133.6265195147131,852.464354812966,24.253166079213084
0,34.615264359042065,137.25304037108367,976.2468439799674,11.309753385839906
0,34.80485094691445,119.50369053249432,796.8276839974756,38.32175825059612
3,33.52126624356798,527.8192569682141,741.9437833461784,31.870755119132316
3,32.30709742208059,445.79213798133253,468.7585964817707,25.02837375024257
1,33.505144362913185,318.34037359457,2664.7903593546794,22.359258395187847
0,35.210063714039464,115.2452907986948,616.8007820498487,40.3293211065119
2,20.46498701594694,189.77755701167862,947.409294245134,5.348567859403719
0,33.901222269220746,175.06084482587787,929.2386932777374,26.160175854073806
3,34.238511177080106,464.0367131796491,758.0049299008805,30.348476137030485
0,34.91800938618219,140.52712696066476,619.8322364254833,28.97352898839481
3,33.725281300923974,546.7287320480362,811.3161623989424,24.96033078335947
0,35.193619279463604,184.7740587462352,762.1884217216727,28.607454460239513
0,33.830938445486915,106.36244612105025,842.1141069213938,19.84116875188125
0,34.959583122369054,164.4036546673354,1034.2074761060335,23.466243471570888
3,33.49649707290344,490.21298649642324,638.571450684206,25.67044119395933
0,34.68049862496788,158.56332199721624,1025.5185443350385,26.827149027289828
3,35.73529265335747,452.47571046468954,671.6057122911596,28.842477854482333
0,34.649865661744315,205.37996299641603,877.2018551635482,14.12419998962996
0,35.3713351252104,171.7450505216509,782.9922722624007,23.488334544644875
0,34.54817356160932,141.36265804287424,703.8993258319385,29.79481570844043
0,34.43447280313435,145.7906770531861,410.4667404677412,23.143263091198342
0,35.15365205955902,163.6480584102527,865.0041404710144,28.55484334387134
0,34.15405239784216,132.1020689840638,836.791763210236,26.549224638299933
0,33.820668492454686,146.8416073207983,593.0472852557593,27.167855212083353
0,34.62558425432523,135.91702229298494,784.1901808355829,33.30591311074492
0,35.315684150339216,112.09174422431241,652.1853110541192,27.173162654944708
1,33.77496813555455,347.36872632098533,2627.4286263446547,29.626843289822038
2,19.10177454258683,153.44736626283745,614.9433181039724,6.341209561671775
2,22.496721834079096,170.13486015036398,631.288951820645,2.747030626336902
0,35.35451171344838,152.49565952926304,941.7833183001726,31.91245168252634
0,33.93721028291075,154.55893214210707,839.8926252608787,31.295847893714797
0,34.23348056151701,173.9151693354715,1051.764114290763,23.59529732158454
0,34.39974431313415,222.04565304542365,731.7317629427527,27.129522939068984
0,34.65423703207288,161.96936579921012,626.9696406723762,24.181713023850527
0,34.83742767977253,190.94170493108163,933.652067731377,31.95772620289251
0,34.97409938601957,164.91256956350492,865.2356327302651,29.702298657855543
2,29.473818238870813,184.00059691932637,627.9441769775573,6.810624850158634
3,36.066924716944705,632.2758729110407,757.5576046064464,21.576685924743916
0,35.40389102484959,168.36248436507663,940.3238024987347,25.18500782502163
0,33.89480772327062,160.74604460087542,658.3971967418322,16.630811316159054
0,34.689878248855955,118.21930387226165,637.8872208089001,25.023331577228966
3,34.641361207317296,578.587642045935,710.2154402418489,31.960794502945774
0,33.70179688398803,158.94740715924917,882.6622053620242,24.15874589422782
2,21.808863210758414,144.0047099341155,706.8945894493961,4.15135758379117
0,35.470538215541104,147.1525875850421,666.300660396248,21.82719389298004
0,35.18244122975777,132.0695653871524,937.5109908803557,28.08993234676553
0,34.04991568482497,157.39410686425649,1077.3109901107284,26.949899469720947
0,34.777057478293074,175.97124133782063,778.7627338508935,23.58892375582714
1,34.59428529073987,398.5380927899988,2516.7153789880144,31.41339973022768
0,34.325977305257155,120.73373373903144,973.2315771533135,19.49100289791057
0,34.708257954692925,156.61361699913638,918.1805081307931,26.96672735326783
0,34.0105347439154,128.1770317602556,727.0022865088025,31.746459474404215
0,34.37013444488922,170.6838229827082,529.0193692947757,24.00405327728386
2,23.918197517618474,156.68680181829183,712.8531252431816,5.20730637199826
0,34.39236530863445,91.8450646530409,618.4865854549878,27.334283907403442
0,34.39584158069429,170.74095871914628,957.9659211907003,29.422449075350933
0,34.878240365787846,185.14189391119493,892.8866817302754,16.421715116845792
0,34.231328636747065,151.71396297144443,768.7507347061465,16.791355156936007
0,34.629178098957745,117.21542553724291,701.822459165826,34.13376311263093
1,34.65032369734282,268.6817135421754,2917.871103103247,23.604739838313048
0,34.60004921372473,198.02076404338789,856.6563146818171,26.93333896232006
0,35.202345661223625,118.18618085658451,458.3968230674455,36.48566133862471
3,33.291885822868295,548.0654152438146,618.1295440951179,26.09544134682955
0,34.62370088753479,142.76918214579126,934.0633591743771,20.55635271246304
0,34.39691115893615,153.0080712702687,979.6726172954683,26.295149844090233
0,33.85945895585076,131.9117038615395,672.9734669297117,23.336738034776896
0,34.04035572402875,116.4847089414817,842.829519223457,32.4872365964516
0,34.19808249005016,131.4929543008829,771.9825609854564,26.160355677379425
0,33.56535120454195,178.72067348440768,488.4986714546931,24.750351971777057
0,34.50628065745995,127.2200794930132,748.4110796437882,20.774414310782873
0,34.02227652309924,196.9883601236338,918.101956500991,24.03194184816058
1,35.69573263840529,352.8241776317746,2126.950494332698,13.711145935574802
2,22.30934521940676,184.0483754164318,679.896148058276,3.523282968574735
0,34.64703645125442,128.8548951519698,773.6713848638891,29.686165036826598
3,33.56412749880019,569.8494487881683,776.3502020605671,38.26383445641289
3,35.159626607204366,572.7035853023964,744.750496006982,26.754495759864213
0,35.19573008397593,138.50444062668439,830.4637035356903,23.23322796235092
1,34.02081721145483,335.5636064302583,2409.674902141133,23.067491611966698
0,34.00892741181913,206.5976102385908,546.6242423356744,26.534081610075027
0,34.43226249994897,120.16138477609383,891.858046994309,27.948562288389905
2,22.89588678659476,142.33405797130678,626.8251164428351,4.815590866841807
1,32.81932986206355,264.79208748146607,2727.545964248163,19.86210692552959
1,34.1476805785737,403.1690197809432,2817.723158317623,31.88301859002035
0,33.93221954878193,139.01161084427113,845.0631072519842,18.611240414863563
0,33.67359973658152,154.04768705031245,849.5125123080736,20.215841340468575
2,24.617812772909712,166.54649313728098,630.1644912540073,3.966579151467045
0,34.81412865347858,116.35349868991565,380.98536307000575,20.895993693228483
2,32.00244024548273,137.32517451892167,612.623418667753,4.668718306591374
0,34.48822120387401,102.14805270126593,648.4951119869381,30.90403038393293
0,34.81311843322415,166.997812982285,874.4638705581712,18.940459802486245
0,34.74387070670462,149.80885990786715,856.8706728092807,29.73920012177117
0,34.799845932387015,124.46575238597073,673.2836101926065,18.432906086159708
2,30.908025068746053,166.55772181460986,632.1489906867395,4.59914860324388
0,34.00478109767252,168.19469465871114,837.2928278966652,20.169079483984632
0,34.73448713933449,135.86390807397714,797.7878577822513,29.296730912226682
0,34.72488191744993,173.51595803592664,908.441160686734,31.90675000719532
0,34.20621600504516,122.91144340878783,591.6597081521439,36.34296409951429
0,34.461352460482644,147.2501283722086,690.8301843724865,29.71690559321503
3,34.46751809752421,561.4353364249531,556.4298041181385,28.877468547699955
3,35.572138103904955,494.7715567990833,734.1116353382184,27.027658683081686
0,35.10724607679847,119.17630356631945,670.4589639650408,25.830819841850413
2,23.739074926026753,138.09143744063874,531.1535586026637,5.398468873395979
2,23.36693352093143,173.5116420957238,551.7239335035426,3.7631126584327568
2,27.071044553997293,140.6296745201984,875.3202915992606,3.5430396344112713
2,23.550303143350273,175.7196030434836,510.34491667019734,4.7530700862392115
1,33.98450219091352,401.68343822889335,3307.750735316617,28.314935994145195
0,33.7532604569615,149.91886794809818,623.9358166551826,21.86483940157561
0,34.58804950798374,127.07869893448063,769.5156274548258,24.550285809242812
0,34.432777619624595,157.14779327533336,610.5899652053484,29.510966536683533
0,35.3517378669544,138.81944552702078,679.9942354120479,22.77787327879941
1,35.05197736703007,319.7607478138892,2656.215525260034,28.63976055493953
3,33.76883323221174,555.5792954430284,759.6095120172346,23.35149694819279
0,34.56250177725683,142.41330351858588,800.1169114456033,22.775626227857924
0,33.79672191126947,144.69784986231016,1043.142766677959,16.179297112967554
0,34.16573696748338,131.50654200279124,778.5051814321716,34.020507373472064
0,34.33965128351983,159.0186904409641,614.5607155343364,31.374204615249965
0,35.56362352834925,174.30909034626413,976.2196962991131,26.438132302854555
0,34.79985829463822,157.27070123703592,802.6971725765366,25.142559124012084
0,34.63454364097589,189.80102770052557,871.6340072923983,20.564534403420897
3,34.015064212947316,616.1776928180262,575.762326512836,20.891326027528056
0,35.40792601829495,128.67776598792045,753.8864813807143,28.017438797568396
0,34.22867353650889,165.06762096251293,358.74409299459404,27.537596480511695
0,34.15038386696876,185.98694029014268,1168.9158389038162,18.602163779107457
0,34.47099402694204,122.2879879516752,907.415052574172,37.99607766178033
2,23.38528554063609,176.93394120780385,726.279227159962,5.181309795669414
0,34.549945738396204,116.41008606573148,777.7682575775495,21.31615572046774
1,34.17468491385175,368.022881878622,2386.3721241098283,22.327364416700668
1,34.70976489163772,363.77013589012864,2263.254566706475,29.058128776147132
0,35.30782329623161,161.23863030612716,818.9108009121124,24.6558361773329
3,33.57733734028235,618.3012217813116,815.1330847507538,25.029194076148475
3,33.411660085681525,562.0579110589813,660.3929406645335,23.73872525852403
1,33.05192993733052,360.36037025098193,2595.6156752686456,16.565936128208143
0,34.103652533676545,119.99643640211413,755.994481436064,32.35048296341611
1,33.558438061941004,382.54422128911017,2588.922575504945,25.004120456016622
2,26.467860692872986,76.43881810374886,603.5312853041323,7.588891236817726
0,34.77310340066164,157.91777857237815,874.6170888099939,18.90889764139663
0,35.2082700489067,126.5742153672905,659.2850301003766,20.396704725498427
3,33.76189253176137,526.3513230240596,632.151104943413,20.021882377257008
1,33.77523612556567,363.2035339681035,2253.063693003453,21.48341278826438
2,24.905949228381267,137.2024125218726,796.6043128856186,4.153442288080314
0,34.23103996005017,117.44536277479156,799.6668347809574,27.77969039370743
0,33.761110584276295,140.94322964319468,668.4484800637811,21.095800845031217
0,34.761145890470345,146.49003086347508,867.6637208754648,23.67873172012402
0,34.14234685654225,141.50612403861953,869.4531333556447,29.304598282369263
0,33.38337062898519,173.43376577115527,590.4158960364947,22.062972959632965
0,34.49257120468317,132.16362277830052,831.677776147475,24.895591980174395
0,34.36372330270485,182.52589441406417,921.5799173087513,29.248547169512214
0,34.18768204645564,146.409131326889,806.8110348250395,26.89268476866834
0,35.40638979130658,168.38131263735977,891.4055202413797,26.157481914505325
0,34.52901512522396,166.84232923782463,843.1558635137824,19.559832042015145
1,34.342333157521665,367.84177628934464,2317.210201071036,21.386590439295468
1,34.57148109913066,418.5315892488316,2866.648404825942,13.515645521936017
3,34.02563600468163,529.0911024093966,519.974061208753,14.722847964889631
2,25.654518430464154,108.74402600145037,1028.0817589915314,3.9826949781049166
0,34.35012733245758,181.94411065221752,964.103950321066,24.40789441547459
0,34.8601394952143,93.60065178576389,735.406492340019,35.86653084187673
3,33.3943198582003,494.61026280662765,630.2836969378461,26.14849668318643
0,33.524155284562596,198.40869716402364,755.4875248089418,22.020975322658447
0,34.80501203316007,163.98270918383622,889.2504326351225,15.039312442739298
0,34.76731007532227,130.6537971652674,585.9155689287339,26.743656830834414
0,34.17869709022653,112.01530022896577,1046.0128940728532,18.85976556339616
0,35.07225830446731,152.28146050227514,953.6569990234136,21.82812690656141
0,34.77102864466119,157.1122391762678,976.9330747915255,28.85812753770226
0,33.95646515299398,206.84452481458433,714.7437119040949,18.41650668799754
0,34.48591647860809,159.7845142845035,760.8285462452916,30.572673903764734
0,35.308167545654584,136.02812151317517,771.3403912908741,24.89052263433534
0,34.65472192370971,122.18447620827702,933.9790928563225,22.334185488929048
0,35.35199978458497,139.4563375734985,887.570867191656,30.52938628359894
0,34.210688602967124,127.5879238221014,793.4807727206635,24.344416998050345
0,33.88409372970532,154.264778370821,478.96302587752615,18.673251825931324
0,35.04268646778974,159.1066476054704,712.5452242486311,37.648845911590385
1,33.86353359168283,352.7504265261806,2856.2460231122745,25.762333679748526
0,34.05591464512769,140.01688052899667,963.3851536912099,23.256455919799357
0,34.64005743687876,94.33043193595519,675.1276995574358,31.35614167198274
1,32.6969473161232,325.2414385952134,2250.5270074734767,36.40763934836968
3,33.24075911868628,603.9409851445243,795.0280025515793,28.712989379145768
0,34.349323632841845,151.01732623346598,628.0622883114397,21.54001572910418
1,34.683484093422464,335.66444168145057,2549.106467842442,26.93971482419057
1,35.72747863612765,310.1961666691949,2643.0319797374905,23.38305483615071
0,34.313637056156125,152.95972948724113,764.6322046254899,13.32684682541893
3,33.70316309612177,593.528853965051,634.5908850782569,17.033322893080637
0,34.66374864373197,103.09879240458825,1087.9252294416056,15.816197132468616
0,35.03556676165885,188.9010168242383,633.703010792693,25.783203144076882
1,34.6086464160864,336.76804868401763,2446.672576505366,29.497938279717026
0,34.37402843497873,154.9428029589257,750.8542106905477,21.011252289931157
0,34.2036979760031,191.27767102881558,544.3603202499153,30.205072710209123
0,34.49699489040657,166.24664707582951,576.3541885117269,27.561396546713194
0,34.307133198272886,136.08524944154382,935.802707869467,28.539502657935397
0,34.32224817822515,144.53381076846313,804.1936511787325,25.832723384792445
0,34.94217543027473,118.95753682361936,670.1028886207905,23.792070457511848
0,33.876083614962326,123.91326311660804,624.2040744060597,17.722493826911503
0,33.972151973526564,123.43712603525262,994.8715910857568,24.893802586405048
1,33.90756882744772,378.5543173135103,2209.858905192677,24.00235807291073
0,35.0231301607436,150.1397798100511,765.9876720009976,28.188321711451284
3,34.10074001256936,504.73838412914995,763.9731471699957,32.10462156182792
0,34.92209861288729,140.52576357818134,712.4309009269871,29.503172366139182
0,33.80719771595757,147.93128385221337,641.1856875006117,22.27312905726093
1,33.46741116818963,322.39453873023234,2878.470683406661,34.71144506284512
2,25.612148870173872,141.12655298676773,784.6192352661286,5.8629956171753825
0,34.898110377871,161.00559430815116,620.3967461293385,19.57930483799696
3,34.556932137697565,582.9857606275942,644.297510488902,23.84883939155651
0,34.89393329219303,183.36186495139358,854.1435077543551,25.608719988261562
2,25.734353587500905,152.95090223370931,518.6248408040354,7.467236953863791
0,35.14346154942652,168.3211475925699,994.7977121056525,25.968646281324073
2,23.017500284941406,191.99302393359292,765.9993660904087,5.882977467703915
0,34.359215906767076,157.38629475036882,868.1943378426339,28.48643896941264
1,33.67272185550913,356.05822927845566,2656.8709353334807,29.306330338722844
0,34.10759874573419,146.093351301306,888.9531210812858,21.533243573916778
0,34.42746496663952,151.10882729890847,744.7204090821441,24.76686524078384
0,34.4823547572818,169.73421722704498,693.7269175437141,29.404756892262625
0,34.87734463436187,146.9842150616918,560.8725522128584,29.73584914807454
1,33.009319000257975,301.1495971367088,2628.027985410641,20.2977602334075
0,34.703483064290246,115.37131181791939,605.5969318231132,23.056132955066786
0,34.19731873435089,158.72611300140906,904.8179433861569,33.1749675832488
1,34.15124889698508,311.4348919113488,2185.5889210868836,18.39016301690321
0,34.228394788877786,101.71614374185657,953.7349369982562,26.218964158910325
3,33.269241223687175,551.257193097279,906.715594329985,23.223642573705785
0,35.23637978833681,178.95213754159354,883.4188108635764,27.95890011207637
0,35.07099927598402,127.2430971665556,695.2471249917145,27.771567219356932
0,33.8713433440639,160.55361459235422,721.6086689547266,23.361392995232197
0,35.46075931072284,193.243465113889,774.8688081345755,15.081265158210538
2,26.565116800372206,161.53552215735675,861.5203025723904,6.133288693813705
0,34.659564491191006,147.38920604158673,608.7318587705872,29.678933188215257
0,34.40488988984276,190.77200612811237,888.3927083991391,20.764823870903193
2,24.378888999296578,140.2214426680178,658.4537025501559,5.043756354169758
0,34.74810384305647,157.06987562406616,703.2714782137351,25.69858776247813
0,34.23032609696398,126.7413162648119,1138.1105105121433,25.896439449851258
0,34.91361461741837,171.1208386562217,953.9393256321347,23.492175196110054
0,34.33723879120908,143.72102537872092,1149.0589999300141,32.20207099532871
0,34.40365160959964,164.2083726536607,863.4299044786629,24.206404605595722
0,34.106595594218014,145.25207075114807,929.3365496650799,29.733946808861774
2,27.223905550579133,118.75827261606395,764.5173692870102,2.972956721735332
0,34.24652590186098,154.51213705165486,943.9622158492966,29.365201508590765
0,34.70194180052959,176.5181317570064,852.4737014797468,20.778236500625148
0,34.06665056918091,140.1455698852137,948.1060821014712,25.32586599734256
0,33.9893688198301,154.1787710093719,947.5586942008617,19.759975092964584
0,34.69808653704699,150.45253446101654,688.214798845307,20.23107959840072
2,21.10866565092271,142.9019659478395,626.3600591167218,7.671548283820357
0,33.67532417437227,138.31726026065644,758.9391242853394,30.235893838001346
0,33.30382712798551,212.52372916082174,1005.2216355275555,27.978704157134043
1,33.79462678373821,375.8634306203528,2584.4732648077043,17.58856529424964
0,34.66685412633671,108.66919487571312,1005.9057134549382,25.572131190996203
0,34.86884209280757,101.49778368123714,539.9737706837873,24.624368975779657
1,34.909138446420144,328.95564405448033,3254.4654117409823,21.347359782167384
2,22.078213490802742,193.9927922621163,645.9638076964848,8.165307797050552
0,34.01927292502652,159.08297756123076,769.2457965852427,20.663209517436613
0,34.54948878100821,128.86306776622789,687.6605519800028,24.657012053857727
0,33.652207761446206,163.88193041080223,880.4564698292979,19.518593967632725
1,34.04433295349044,301.8149976364758,2440.9629008487846,27.37637872728462
0,35.06318701147996,238.37995492220494,843.3714565401311,23.483546998179733
3,36.06390077437571,470.38618203682455,485.70765142564494,22.442932493819796
0,34.68971344413474,162.996662501859,920.7089919331257,25.04511970189386
0,34.05580569376286,176.42111492787816,496.8475690891909,21.931988476589822
0,34.58337539696226,163.41512196360216,748.1108184546907,30.385826342174433
2,25.40558512672769,104.97525521492543,781.2330943119791,7.196350187266736
0,34.37428593804373,113.73208014934558,903.2852859195926,17.276385623259728
0,35.59910009191645,205.96210695435937,725.9280377219411,26.00705461174393
1,34.23016517591458,421.82294531574377,2797.9225304998263,17.854158918835253
0,34.61658378717475,115.60125877334508,1024.2008759625965,18.874833052313143
0,33.61237910771245,185.99517779453973,1024.6728665716876,18.627437797099844
0,35.017349856200326,129.85352262904746,651.796976222121,25.40414990487356
0,34.10618626837636,133.79472394521753,940.1606370086356,19.539371950276802
1,32.535272967054105,307.70445319095677,2898.965809579507,25.87890319640897
0,33.924662077668515,139.76099942725267,583.9438768505579,24.327425108894655
0,34.5109343119876,139.92143354506246,744.9932033752535,15.019873367623827
3,33.92904920006787,487.76352874175376,724.8728619539393,27.11254984528852
0,34.60370910881292,144.0023842647342,933.126688399221,25.99587038691049
3,35.23522626198637,560.423111780482,654.7964262084683,26.44041510530517
3,34.85525405255287,524.1494019422039,735.1630379328067,26.08516133711378
3,34.48201309513212,556.3304309728181,594.3914966193566,38.62938116282152
1,34.9254183307991,413.797122461555,2409.5327740664043,23.57537996869434
1,33.46285299511357,284.4612305637058,2522.715313227728,31.492379707224977
0,34.94517337327533,102.50396451070353,855.5928863146461,21.466558441052456
0,34.38067639831152,107.58122876452978,696.9859088045521,26.24319190114003
0,34.31847688140967,222.129847804562,875.6855397543153,21.445303034709323
2,26.276470835808645,167.63343205221997,766.7879698236002,3.2159906516671923
1,34.30589893683935,304.54553157076396,2366.8469219919543,24.69486242018295
0,34.85159385563965,208.42625990880651,810.3255106851768,20.9339103014991
0,34.15136368630865,152.1008228085689,750.4655819785943,17.975073087699748
1,33.776290382922355,365.0928937712153,2812.1341565559824,16.268927558336557
3,32.78218218907355,549.3016137218261,654.7800320950695,23.312636387820444
0,34.30577543511759,138.9978515571044,918.638016252195,27.522742041574574
0,34.285804772597935,105.74396274709395,650.3909379707264,27.25487428952064
2,23.16006981874794,134.40160591358972,609.7520702355918,5.297231307792505
1,34.92479088180088,342.7220679137452,2685.692503023402,28.166394475458812
1,33.701090305810325,297.4075986283131,2571.1840670942656,13.202188824063104
3,33.691342646145806,533.1917504613415,666.1710816041866,23.871382468902052
0,34.150523137089344,182.34674619497582,922.325070622253,36.51659274162447
0,34.33616226663994,151.66309192164684,625.8839338773912,22.906707749576533
0,33.740845144924386,175.66788466560178,784.2806212967025,25.890382828963457
0,34.25770150889538,152.77093487126442,864.1162333766057,32.92320755606692
0,34.038283480921066,143.1436341766431,809.7926941946106,22.591679997541405
0,34.325563543545144,149.47426038524253,856.5663248673478,23.221507041396045
3,33.34517491472461,546.1144909464797,727.0726042170495,23.974731260301123
0,34.91086898341574,193.53696914393873,953.506458360383,23.16109112621706
0,35.09094882862072,186.44896893192663,674.0775463881312,28.07220527987226
0,34.42905714866327,163.47298482269844,807.4569471403216,18.444419849990176
0,33.694641394878744,175.13135504267126,535.918868450415,19.6717432655689
0,33.789349609947365,119.55586402508226,865.9489663058554,18.09987281471127
0,34.08783194808082,168.826766013539,770.103785852788,24.079858933416055
0,34.81462867697299,161.6423859341022,1098.625975884264,32.19738572705174
3,34.53072458149829,568.0742386256672,629.6588726818359,30.503055241316584
0,34.9387784934974,170.13767605103067,556.4643878277132,19.571721165069267
0,34.57148400652133,178.6703416866545,751.828499659886,28.698487570959912
1,36.51051703954888,386.1665108459125,2650.6653597986133,23.026940632361068
2,24.974859507197884,132.00604187970757,804.1077674937228,4.418912416185069
0,34.115164984640444,127.65319802442058,868.3465080996506,30.675667027394294
0,33.67039614427306,120.49275677063551,717.0799001601091,21.716665571628663
0,34.89633638087113,161.14035148096434,989.9093525776251,19.71356466417636
0,34.171734449906545,175.98621008851677,918.3777592104401,28.17914599502995
2,22.821538910608975,108.96258219904811,714.958886620922,4.038220773877613
2,23.65388134305149,202.36977736156393,886.9025005637468,3.220805746242916
3,33.563080596343255,471.75029252216336,658.3470861303597,23.08440117784864
0,34.15877352255546,152.46320741515873,666.7328817509671,34.71943212563134
2,24.13900782909777,161.08009868219068,787.2350323982113,4.798807806600968
0,34.38333939342544,118.70346675819636,832.4802504770765,26.086742098290948
0,34.925262599384006,137.33811818958387,969.6311330833598,27.29443331225913
0,34.901639746879376,84.02698281387566,916.6262331340442,16.65342230843457
0,34.51237636779072,115.8798146451827,837.3751500138826,15.215152897469169
1,33.93229230591741,319.71390165116213,2480.9122804358326,31.501920994049133
0,34.17214008396096,158.33791708229205,713.5555197196171,26.97993149455413
2,27.978787285546932,160.71669340471792,581.4321004445922,4.066281181722372
2,25.72406855907636,116.02901187152571,780.3662900787212,2.8530125703567046
2,24.239352357293665,131.27199500697583,665.3016650841029,4.707885638484162
0,34.33205679067088,137.51605307613517,718.261782346145,19.59751104015772
0,34.36903151080734,130.50551825907195,640.2225267679964,30.22186507776312
1,34.163963702750294,384.92764224043515,2167.373321831712,26.248851063224095
2,21.586799116516847,138.29032573196284,831.8726843442205,6.539875138585301
1,32.960615989497875,344.48929254461524,1827.3743306137558,30.61338483008557
0,35.03374393686201,142.35917884289756,750.4115087015708,33.6892419275808
0,33.82960965032622,156.61642900340186,906.8231205250037,21.76460791009108
0,34.51867221297699,156.4010052827286,603.5745765368908,24.12025662457233
0,33.933819797691115,167.64484212032545,538.2050384473015,27.157046255834274
0,34.552769695444304,148.17250920417607,633.4912950454855,34.09345309849246
2,26.582211930921055,142.69498306798528,733.4746514497427,3.5163242849173457
0,34.9423851924641,169.3899374012129,925.8801715529235,29.062616764644492
0,34.47483814663826,194.05634395076953,689.2858198850752,30.063225712636928
2,20.587079207301464,138.63919576742765,600.0915693329137,3.2711694497276476
0,35.03773500480901,122.88511707805029,840.7864560753721,30.2670387346713
0,34.4257644841763,180.04842556874394,651.25674028724,26.252851573026714
0,34.842422200287416,149.02055525110532,676.1798636436157,17.933292860230996
0,34.81658982462768,131.4287812831436,680.6165038830808,19.405125517589454
0,35.15873135048223,99.16911301884619,621.1753771259961,10.81354973894289
0,34.887500232183946,128.09514861372026,836.6444698213683,32.22304099389662
2,32.361384692816785,195.38022404674427,653.7573978743288,7.1691529833060414
0,34.51825862191113,100.31675885871033,810.9218506002101,16.792561918730474
0,35.18349682000719,133.86802137981002,546.6730156944103,22.30797989079624
0,34.94319095419091,112.38715436253976,930.7563604476419,24.04345900497102
0,35.112670855218546,125.57786900044015,751.811171771042,24.645059325357888
0,34.7484615716739,150.4082403723553,462.37012810634707,23.126206209235875
0,34.42660529800159,100.42136371321266,826.8303143372164,24.427486718861793
0,33.92312426818984,136.40260479032207,922.4530131117994,31.04826576117962
0,34.621062009569634,155.5090132359205,1046.1755397102784,25.13323655688227
0,35.044897248370425,171.63243381737254,976.2834288973969,20.964147589641208
0,35.04282884640132,152.16717813575997,629.8199702263734,31.137202524106343
0,34.110954055752664,171.50208217598507,1198.7422575311475,17.361149752153132
0,34.60785438820404,99.57107415471373,605.1366808229182,20.23681286538893
0,33.73846319770104,122.51453344794935,784.3683804923028,23.122406622411297
0,34.783749061374415,178.68282565301843,793.0164113616887,21.396279842563423
0,34.34236831803496,156.01682985920738,856.4922736953959,15.99548617336456
3,34.8102214064205,576.3508988513321,894.8454841559699,23.46046651934569
0,33.46891407520436,141.622860491214,555.6382876876343,15.205296970928865
0,34.86672454996679,159.77520790336914,924.5681012675935,36.10917818992299
2,22.138717904358778,85.7007627545668,744.8816313253188,8.425163015123093
0,34.304085960871355,135.27037739578773,885.2174734003602,16.123319673475333
3,34.33458441576297,548.3598715952118,549.0995548529454,20.634090240358876
0,34.443038382873326,176.64632805303248,897.8656750367912,20.1647357733455
0,34.682124152533326,148.87849727584774,558.0068014641715,32.75374474354421
0,34.53253376055711,104.547809925893,906.0082991076509,23.503817251248876
0,33.96565762242586,114.09519194751911,782.1351032068694,33.53331735591058
3,34.815793818214956,616.1506063538627,718.1877195772634,21.456996013625734
3,34.04083563856653,519.2278425167268,895.5589811468815,22.885638944374953
0,34.58384627550019,103.6901192061504,825.2474040428742,27.293908090859517
0,33.98369502197103,196.25446914072822,810.7749463910974,17.93147903364599
3,31.66399757957178,609.3854685804836,805.8289015349033,21.295969730157832
0,33.81443413869851,201.2663829945941,927.4531593216145,21.08942162988371
0,35.57980925326223,154.2647039139039,1112.6577993391777,29.158031923620086
1,33.621475857673836,371.32830431853597,2759.4253819133482,24.31377438338414
1,33.099787376086816,385.30778887262466,2170.234492591083,25.487310400934973
0,34.795414542889176,157.84344350234585,809.8928373678751,23.92175740514202
0,34.80501397746221,151.14180837116822,916.7143815326261,26.22227132817428
0,33.949168692198256,116.28171022527431,946.9628322033935,34.08167109561248
0,34.318794541497425,128.63736181810572,878.0018398402806,29.879677678594827
0,34.34011217202518,145.15745088515658,696.7777588936099,25.412541898290925
1,33.05798993398235,313.7915925532046,2890.6511629613533,22.22983630345769
0,35.650059928505485,121.05047749540917,746.8030775615057,21.472353262574043
0,34.86638901147507,96.1718051703129,718.5213989041619,18.098472101602404
0,34.25492649192748,205.7818136618519,819.597695075969,26.676736085964023
2,29.145305542463486,186.48833294472485,854.3591981315526,5.313170769604784
0,34.3265494077095,109.7258371299251,841.54900794639,26.948889832089375
0,34.51358091892119,98.35758967701003,920.1281398316016,22.81212526886484
1,33.211727239010386,398.0929392592858,3069.0943703431453,29.434230767057834
0,35.10098626658595,112.82380279694422,830.280706476043,24.43678667080657
0,33.85484820483287,137.13947489811054,725.4839725298956,23.18027678085828
0,34.925552165261145,177.09915509115072,492.9390267752944,30.541897946272556
0,34.81856203981909,170.57861108797897,671.4421667777972,25.491580900364607
2,20.459917375188773,145.37603045398993,767.6992062645146,4.773850236544684
1,34.68807168516266,362.96103227188314,2672.14566601788,17.829260317407986
0,35.441607783481665,136.66421016264326,970.7582163363157,26.7453157377237
2,21.216339926377863,195.20022420680561,596.2273634377412,4.677387876076824
3,33.57120729496135,652.4256875016615,838.9485912256108,19.421553622795876
0,34.299912520334566,204.31010557530266,705.4096816838817,26.971922947503373
2,26.623323508386893,124.881473034789,511.75197031378536,4.948738590347499
0,34.06146111507771,145.32201606615726,718.0980740825624,9.123064483804697
2,24.825647014419786,122.63796635252358,660.1701831181442,5.610038089453493
3,33.57021492971219,523.0989754181023,684.5310510379526,21.7395236947924
0,34.87628572857069,123.98546928603722,741.540879203812,21.751563675241716
0,34.20426118364949,172.78794418146884,798.42245081134,20.219712759446132
0,34.1873370382735,169.34454500235987,727.96128603941,20.851971335720844
0,34.69900228691684,199.9945098952683,647.888477345461,28.887685717287475
0,34.20452178290858,164.82703999595057,721.626550645085,24.471590459723174
0,34.03513927406981,157.27343375961738,713.5444597017331,17.673236658273122
0,34.53911571739371,148.61466201867006,698.1671209884173,32.571376610005736
1,35.03112338586369,366.6899766020152,2747.243595177322,19.31243425162325
0,34.366659887138624,196.31298531517405,664.2696653101524,28.375961085826845
0,34.44857274430738,132.59576360440033,749.7173454792911,15.333423345347024
1,32.82769973406558,319.7339400512328,2067.744797040874,22.283256327161563
0,34.97168627915583,171.20572826840464,686.2073631331408,13.255852757001755
3,33.30243500600292,504.0851880089394,767.9332530203544,21.20540246260382
0,35.32684866175566,141.51991856916894,1116.7827139881203,21.048515264537382
0,34.83284797981282,136.15348630573607,681.9827143919808,31.586925964377855
3,35.00222144539362,452.37361113775904,891.143551116656,30.837963243922104
0,33.98536852255936,137.26516559249296,821.3135018842053,25.00853080525925
0,34.155310752770184,125.9238970290505,794.6600851211751,30.32392273086668
0,34.749474817094736,129.78325796316545,839.818158136997,26.419314762863134
0,34.99316835843412,177.25429642533604,751.0733255766814,19.833269290143505
0,35.227049961484624,135.62370738948525,705.7055821731171,24.14470799542474
0,33.240126516899615,136.28589507835864,925.6330206422937,25.86649976503907
2,23.290767716957305,155.67941131835713,828.6311711179635,5.039589518687969
0,34.09132841818355,187.1711067569831,674.8151349085139,18.19035714249837
0,34.19504697516985,157.24658933569327,757.9726849589391,25.2939836687109
1,33.61212766530387,393.1127188926454,2550.6006201471655,21.391506268643123
3,33.896784477879606,540.8307471924927,552.3888258467227,26.640674936103412
0,33.93093384915693,99.02863799481143,818.7724475128559,20.58341657462865
0,35.25216623010856,163.72080630789785,826.6477783410983,25.66557671688913
0,34.29307338436014,118.89864138770385,805.1647292555077,29.478706202108512
0,34.709009784527105,161.3174184632525,954.3520213258087,24.812713620356515
2,23.935090296790655,203.70643767197208,649.1411582137222,6.524212301823422
1,33.6504516766347,398.4924140030028,2391.947530232944,22.100070510550466
0,34.600641239576,159.9041882199903,840.151446263228,24.927377396059764
1,33.41876889978343,431.98601097147866,2416.816847166884,20.377580695580495
2,23.501477869688447,184.50896871487765,727.3153193530725,5.3331374421240625
0,34.55344848905013,205.0816337092738,900.0795357345787,25.300843231963366
0,34.27511895348244,138.93328189122678,1081.1149107107772,22.501318171005025
0,35.77171648168373,168.59172298157804,833.8937047268456,24.950180762751163
0,34.275562332426716,101.11362764978693,940.4697333011885,22.918011823018517
0,35.27426377066552,169.9804345920259,744.1287766850606,24.854913230855267
3,33.3982080620253,622.0061671871599,698.6178559977965,29.5362446975235
0,34.20144344879882,187.24078044548818,817.4558068723167,24.660034555722163
0,34.72980474189906,157.3826942162855,782.1929543268013,21.29808473258402
0,34.71849134149918,142.46703036602287,872.0596449354621,30.181874491480727
1,35.04459473195595,361.3867364628959,2979.881041900063,21.524726643611988
0,34.547649983613965,180.9638796886412,854.7525902807586,27.937933688645508
2,28.736762193065807,144.29463856686272,682.4472785030831,4.773216458136033
2,31.610226783602577,194.074819748024,779.3871968460288,5.2249327817516775
0,34.22011263416068,177.2358021411133,936.2119628824978,26.06111297201187
0,34.05417289820459,137.1520154709049,896.5199108422416,23.66039680874502
0,35.29916695287931,149.30247884339215,753.5048584345872,28.68269292774922
0,34.569464153932756,178.3791308045348,661.604902054702,23.843697729199825
2,28.61472570276952,189.30730779476505,699.6697018909447,5.020834459828627
1,33.28423366249868,386.95024554764024,2392.3480796232902,20.33311395196213
0,34.536934418036935,143.46954524905024,871.4483762122928,27.22374033140588
0,35.008862836667376,146.5998808334014,506.28925011390675,27.722172722767812
0,34.315288918174346,186.22312242146168,662.4916898601775,19.895665195178342
0,34.293744300698584,165.1810412208111,681.8727411389118,29.949035440229633
0,34.477629400131626,101.47462631038485,704.8165291068901,31.140232574660494
0,34.04375064871942,139.08028380851644,658.8874942576338,21.4805315172176
0,34.53016965536046,139.60079517093203,868.7205998923241,26.368587555676836
0,34.72540533029882,122.05097637904277,729.951912056103,30.236496874410626
2,23.015929396097878,147.01512845506394,606.3570485076511,7.673002720275884
0,35.44107250485811,190.1563448560808,625.1209854649495,30.763448224250883
0,34.674916108015054,184.52642483771493,629.7239084296999,19.97843774519362
0,34.45032025473207,177.76732173012408,820.6689464259395,29.62823403981465
0,35.1533288419206,142.8952178572147,815.3718451175125,22.119991604938157
0,33.58029848017667,192.611999562102,605.4189628925426,18.1231787911952
0,35.49267669000504,111.26923212408113,560.5941845127151,24.10175993191252
0,35.099086309638885,165.89444576305695,1119.6049190343633,26.261383390381194
0,34.44240360570067,156.9026457118449,743.4507000528042,32.279470827243685
3,34.794265727602024,585.1604182337524,654.4931424892878,15.318818300410431
3,34.59243702023506,518.9404081824737,678.7408283259583,20.332589958760096
0,35.10725342073376,108.54953423967031,957.4413294475777,22.768618921361504
0,33.721946246018696,155.5240501572907,654.0153710386409,18.745791720189366
0,34.9727880315658,191.08158652875665,796.2460089060237,25.947575997297523
0,35.62392786743205,161.58174120739477,827.4638860801708,19.991154890321425
0,34.04445806130826,158.10510351333363,565.6576133622541,24.37567066439184
0,34.67560722321175,170.46026739984612,941.4056248503124,20.413873144045553
0,35.14638637446194,154.8973329529874,945.3417546029239,25.904366385317577
0,34.62403301610242,125.95283672987964,694.868221080743,19.70398502688423
1,33.42949445029686,359.67993149885245,2432.0893720846457,26.526332301191914
0,34.797970272056915,151.45544812496715,816.7384075193551,30.231308899337435
2,21.51899595737443,166.48563935174133,778.0657134036446,5.655865035853055
0,34.960708545014654,157.6997105572479,751.6381278845789,28.539134863312796
2,26.199430781317492,142.12717322696784,697.829688026439,5.832930937415103
2,26.521813554000186,187.08326907337414,636.7779658454026,7.319817526627076
0,34.76574666522325,210.37513172717638,956.2666668136299,30.447696940689752
1,33.61257180081766,314.2115015842883,1972.4644427807746,24.86313512722661
2,23.958096221258412,177.94919024169457,758.1657483586083,4.0189028377854354
1,35.98967466006746,316.48043142274054,2761.52934511262,21.970437237123843
0,34.464573331286395,159.8587167667977,818.9883884009996,25.80101508655251
3,35.320761203126125,559.4919674676976,652.793248806993,21.888508885284658
0,34.368647710184995,149.78911286265063,658.225031813115,17.62369222399551
0,34.719062196951384,121.19426382452065,989.7498089220613,33.179318065746784
3,35.08552320536612,591.5567831698324,620.6368369653718,22.464362834292768
2,29.884657325513153,134.49086677034964,672.5062320540013,3.06487163463628
0,34.48306709139655,176.0679248670071,637.0464113037747,22.471553023440254
0,35.35892876731133,184.5257517548252,846.2775542219304,9.436662923496941
0,34.42506427736807,129.32118716202532,614.7872938088508,36.64371780536637
2,20.96400809906298,172.7713512177854,749.7893622063034,5.49717167757681
0,33.87445686527601,116.75157875432299,789.2520155265908,25.39142872250531
0,35.07692360771637,135.10278106067378,650.0166126894605,14.944299158065224
0,35.037982992331145,200.25162933642088,689.7063092497649,26.22387708247962
0,33.760946502314916,184.97282396470592,576.4919437167401,19.719586635035462
0,33.70118269299885,156.09763596386568,954.9332091313104,21.45661280085171
0,34.886752194547185,161.0885477786188,881.0189547703203,26.468085001679285
0,35.22217845680301,166.06108438539934,1057.9880106483474,21.80385320405317
0,34.79486387223152,153.62329320957534,1016.9449246619706,20.935210326182514
0,34.24050585764544,77.49097499884107,750.6942141048606,20.940176344702834
0,34.736963815103046,100.0571214250042,893.5098172029909,19.356046333464896
2,23.423204603464768,114.80395918235615,689.0081869320816,7.309431326817311
3,35.35385907894676,592.7124512145473,765.3784377717247,35.562838781536755
3,33.47879780067625,613.322944420185,740.4117720816589,26.29209081151013
0,35.16042214788611,167.59541052207265,616.9503679467132,16.95387322730719
0,35.05014189449118,131.8513085865074,836.0652805165863,27.428816762800544
0,34.72012645963041,172.88747577733082,1012.8169058886454,20.492928892650173
0,34.546978610494115,166.74505972065182,1091.4734707914286,23.606636239083066
0,34.680090537311166,160.45298307181938,643.9002723108645,24.35211675574075
0,35.213508344987794,154.42049013955818,751.3036614704596,35.52376131337826
3,34.16942969442555,568.7656851777183,737.1070239985567,32.823812944743636
2,24.42578664346986,82.70820625560145,701.878823928896,2.073866382018444
2,23.9721234504527,145.1164234394688,627.7458504693158,7.912599444121469
0,34.52817315390463,137.07576740710212,522.3467119082795,19.10850340203423
0,34.641680807373724,200.43337528295507,737.5490515866712,23.93693857308298
1,32.76243532106268,325.92789363671193,2955.3570079454375,26.33143753676289
2,22.654828280815153,103.96686434373576,618.9262154881968,3.660838895012776
0,34.42061873677729,130.24256209330105,1154.8491486423056,24.6013187824499
0,35.017676377927266,171.12520743582485,718.0241263658816,34.81752567014159
0,34.36537192586093,131.05891365391628,1159.2309516615849,26.037998999299393
1,34.20671027474059,392.0724958170996,2483.0786332199436,20.74765710789731
0,35.27756009533827,154.56310302261392,640.6122914385927,18.841537733142857
0,34.61438069793958,214.37407908858503,743.136257928392,32.2057078276637
0,35.17885187495183,122.06686779750329,738.6636414188173,24.578344604798957
2,26.85402821120112,162.42945288420492,694.567730817005,6.878795441205924
0,34.209451502451195,136.4380036225242,746.6910668190654,23.195806399995405
2,23.08480710413431,118.07436239673345,801.4917414995258,5.10225784679053
2,24.942675530910957,166.93029181737464,897.1414315208604,5.590340941383543
0,34.51514019691823,171.30467789006462,867.9683574204228,27.49631185069468
0,33.92689826883385,162.6098639581809,733.32009058395,15.843937645321592
0,34.267592781899324,134.98038197301028,762.2351809817401,26.454887812282514
0,34.1298802942714,159.64312274126078,563.9356849879803,27.14570158791256
0,34.591490346313535,164.0106666910176,792.6399342845448,31.443501753934427
1,34.27438622763534,329.4960920179761,2906.6754641347115,24.301591550469322
0,33.95003765750991,148.2059127334944,827.020530802195,22.169826950717194
1,32.77143115431771,432.37317814960437,2535.6075505168537,27.860386526252356
0,34.80040744691123,142.2206648498331,850.4154646997588,24.450564263370467
0,34.463609527827536,155.87068139598247,696.6204176564817,29.903805998216846
0,33.768922391879784,174.8731992425185,645.6557804214381,24.045003232677633
0,34.779482871574054,177.89703080969892,944.250450927836,33.14255837718008
0,34.476094936445335,146.8239521896168,903.9598209956398,27.28767807111734
0,34.13397743261945,249.44119057854846,905.9888258898595,28.080304677600427
0,33.81271189393151,174.0177391947887,520.8009107944837,26.98591022532117
0,34.815031981129366,151.07734630452015,957.0791908886412,25.360226659613442
0,35.31750446967879,155.33959106465485,901.3185365442583,31.520503488038045
0,34.907753333050124,137.83006795226876,869.3853774632973,20.44548701142238
0,34.17269149536311,115.43561757138778,714.4030956429001,24.542719761982138
3,33.7962749440941,512.1627838467545,795.277432181804,18.98676585570856
0,35.11751449779894,115.6049758809215,823.0629096607613,24.146806105244554
0,34.90747216208248,213.92326842469947,629.4379106377773,29.754735389761642
0,34.08066400474763,189.8995118967766,569.0848117609012,22.610877920948326
0,34.91323476198495,162.06494088547973,657.5200989520464,25.958686379515722
0,35.63433811673435,99.60908374683032,934.2822869894544,20.780437816057365
0,33.19964858449618,127.02719331486944,923.223996433784,24.638289763042877
0,34.033761852003394,185.58042877027162,906.2494369162627,24.76436722392202
0,34.07013595860783,135.02728998007237,727.8686564117527,25.231247987465263
0,34.6040485223692,105.20971588280835,904.5947059605523,24.46793037599031
3,34.63511847184505,633.9671519565807,555.593322162921,31.119683167079465
0,34.65435648282551,171.1969496633929,880.215055208685,19.250854568085426
0,34.0251668210547,240.50907257025798,654.0233680859642,27.233042327727674
0,33.57933235835881,158.5989371391995,547.3839386517345,30.111069302079084
0,34.297424638177155,132.91831698119827,1038.3808044755158,27.140939493259523
3,34.50895876590502,546.5288252619238,935.542965950746,32.12212859563924
0,34.591162960720446,128.95533734715684,880.71001169425,25.920388490122544
0,34.43257343184007,110.47353778583135,684.1458015039798,26.585596786058982
0,34.70699541060269,138.9429109338826,972.4678377149551,22.9105393316183
0,34.562822237314464,119.94857902233603,821.0845347016113,16.927087940774413
0,34.66993897120037,68.93461677517087,852.0100474046885,30.314150506784024
0,33.9249640435573,169.29551752330119,839.0203469827527,28.120042061066343
0,34.13161922947269,147.56167565543302,919.3008065790086,23.557069654899607
0,34.52159404211459,189.38074436116642,759.4721683751652,23.214359180140438
0,34.25901440081542,183.54336182859547,695.1226520897605,20.717746744623263
0,34.604131880938056,155.63111897846082,793.4122381693187,21.90166314255501
0,33.712865053705656,151.0963107330981,391.3368363188321,34.241440023724095
2,23.22648453867426,131.3242236853662,942.6853485301453,6.6350519310915885
2,21.00968067916304,155.24045509215065,677.7695043477738,7.3319418949490025
0,35.28747594735022,152.47436080105868,884.6146834616096,32.11809037561074
0,34.28758699097196,168.80090667052465,826.4548866279656,29.200167124749683
2,27.554749500113182,87.33635590621422,566.8723340999765,6.790920349377224
2,25.369563490682992,154.2863742560767,873.2168404647374,5.855035919960527
0,33.95234628262068,112.03188025886533,822.3788043313094,26.04165302481172
0,34.05743943860324,135.01355244443067,653.317453775103,29.057377060547708
0,34.379922088170545,143.18675525328447,766.6562478536869,23.271058837811275
0,34.47155895275891,140.43194842569588,645.9848167528792,30.685224244126612
0,33.97783802730793,121.0451131332177,905.1166169903083,27.14790261412895
1,33.72570387530158,343.9146306706598,2295.0033407407705,19.907369836654233
0,33.7974274363379,143.8143211194616,598.9424095665443,20.546803324483758
3,34.46929394834744,570.2563590560645,820.6579982421016,24.919356496844536
3,33.75057002040838,604.3453512328786,766.9473020268382,26.937873348241254
3,32.04238385291413,527.9644876133642,453.9158483760919,24.175776841584455
0,34.5365457154331,150.00577402791356,913.4823558931763,32.706459793790444
0,34.7068194747247,169.3309872980502,715.8439074825484,24.103310006163845
0,34.22298856105919,117.54640276606739,521.4769525398781,17.38638181136847
0,33.49221116226663,170.4571017705054,752.5436720790683,24.220530281419833
3,33.368020822246386,583.5286112347708,681.192491494635,17.517440782514853
0,33.34413491822787,140.53345125585025,897.0755115106982,24.049091224215378
0,34.09317222886788,166.68896342156452,870.5127941745955,19.66556416317548
0,35.481094787682686,145.6080257298925,913.7212442778623,29.125462820186545
0,35.598334136513124,156.52038616887654,1032.6823944679763,22.86279241777048
0,34.445577240813826,103.25124110251573,1130.1599462797756,31.515219823842866
3,33.32425625280328,567.1455272309827,666.4715983573385,23.59070712782228
2,30.816249263518692,112.68585915058468,715.7910191080284,4.210640162609606
3,34.067612051315315,543.1530900772407,711.4083089430037,24.3801618000561
3,35.338255070303575,446.5356841495609,886.3151740828238,27.840223634199035
3,33.83190732086011,497.0848166767723,691.1087103701352,21.14482495893897
0,33.94095022405278,153.28143791475026,883.5119296384629,28.3179153598463
1,32.59012783422924,331.6925972112199,2664.3650064219137,18.991338872605148
0,34.67862165903302,175.62097998033084,760.5955862998812,32.80494768143354
0,33.83237508333187,123.12107847311943,948.820519707545,21.33881389015657
1,33.372472200808396,322.1547621774513,2069.5919882761023,19.185540198593262
0,34.19856950914609,136.4717685259455,927.3835620461631,24.55157131470445
0,34.75687641254924,169.72826121378404,941.5595325454939,23.36510652947154
0,35.07692367494317,126.89177882159713,541.1355428818467,30.726152032982263
3,35.40681750369267,522.336669584259,759.8112806659905,16.390686876523148
0,34.575983796056654,119.40790259248837,598.8088679667079,22.89249269993572
3,33.51678835154195,493.90254156436816,732.8995198924865,19.16834113983407
1,33.936696364926384,391.75334635420154,2394.905206549054,20.666480591164436
0,34.81205863415866,124.48874181619185,875.7504363121561,20.19568672538629
1,32.779754272994914,296.95811961531706,2257.871187533864,21.696442300854336
3,33.636312923762304,636.6948492689262,692.1595153610791,26.31576781981233
0,34.31705587993325,175.2083296515358,825.1249978767377,20.329348036543156
0,35.092417270071486,168.87219133535893,502.0812422914603,19.55119909612415
0,34.03561559436695,164.03026614903902,661.2293397228775,17.94706431570245
0,33.53138867197193,214.22488871715092,713.4232879755659,19.184833317621155
0,34.54644475201567,175.74660899639167,949.8436874451954,28.431660811136158
0,35.33697594782105,119.77101133425182,911.7804716613532,26.80934423068053
0,34.63060592821492,134.75561967126455,979.8862411734096,26.970022285970924
2,21.8855522444147,164.0276598236258,630.0346943556976,3.985321165083791
0,34.257689164093456,205.2128039122521,784.4808602079065,30.512597148299744
0,35.10824013085248,78.34216373087888,1142.6064393663437,25.39059207180149
0,34.958250965030196,109.6536127012584,768.3021592472531,18.35993489007822
3,32.30280506217801,515.2178804390875,745.6412417297985,20.995090911416394
0,33.72218669934704,157.46893657225914,744.8426575360754,19.85921182383055
0,34.06517043400757,141.73199964030215,885.5489081631067,22.28878302880003
0,33.77224192653345,136.4384405897993,742.9958351682227,19.594552486249814
0,35.03038053376257,180.34714046434627,539.2229942692462,24.19833684168186
0,34.975256703228055,179.37936019593332,739.442876709179,23.637033226531067
3,33.89028475092318,561.2970067653234,966.464525719445,24.76927710059257
1,34.88564294395403,335.1063413010117,2389.5439547065553,18.488052618950114
0,34.80506627682371,115.69791453931032,498.3239271563323,30.361380379305764
0,34.5972215207195,175.8221129077769,639.426273235081,24.20530504033865
0,34.46921271559183,186.67723612157553,853.667211883804,21.41057914313205
0,34.38291281835894,170.18643165320694,855.1617870286747,22.204812857961077
2,28.099702064850785,125.95659678809764,739.0995517812241,5.05898022850619
2,22.342903093243724,179.9512881731149,655.5801997552885,2.850457405281117
0,34.52531838598066,152.3774501978161,885.3213955833263,22.188455906227723
0,33.84521818596812,183.17134962355544,856.6091465018433,28.433892872251665
1,33.33102323104935,356.94724539025896,2715.574616423593,14.393211435406998
0,33.452872085553544,123.59058921882034,1135.6721381552168,30.180822371919163
3,33.80535233671226,545.9336838155906,899.9881598185567,27.347329362551758
0,35.70004341113802,133.36759256673673,831.7856251223534,34.01603304813155
3,32.89330021080082,523.1346843548699,634.1644045559005,31.245640617399115
0,34.483246537876774,167.41007352153545,632.4682798686988,25.686485002665094
3,34.158763842186474,552.3028624626837,606.8758132528228,18.645082691005864
0,34.29856115827066,163.72743871016496,784.9502190409777,35.30896986670942
0,33.79043013591535,154.6366645039196,737.7562960964841,23.70816511060387
0,34.03719608371038,168.24849348581247,698.1470247102042,20.903197680005693
0,33.756115016036645,123.53583184932991,828.1128103263802,20.73901997481018
2,22.96646827404506,151.4388079847148,594.4282109627898,4.123310026658561
0,34.652136235627324,126.7489514594608,901.8156810207632,15.721329026278086
0,34.46209913505986,144.5851904839427,612.8737862097927,26.691934152625233
2,24.24651403270644,141.82413795777563,812.4977687146975,8.18918430800873
0,34.5413000386668,156.78080357787255,903.5718082675874,20.591640054176224
0,34.211216766979064,178.2280865424243,821.2319533856759,24.87050051286748
2,27.097508147484998,206.13724117052962,670.3350825181342,3.0056773212868486
0,34.1177558106478,116.76382151645984,844.0214293545787,17.61572070089164
2,30.204975167413707,167.10658074712003,760.3350083434401,8.253091238076589
0,35.36450831601744,139.68219971482344,640.7837316144823,27.63147694308915
0,34.93893213496572,198.93929037822693,1008.4741326764281,23.998021145742285
0,34.59195107474787,158.21428064573283,990.2660756832069,24.30937580730169
0,34.69504632859267,242.11487971897907,887.2076339127605,29.994670648164494
1,33.96626262035753,391.6665137963919,2561.2199398717084,20.405705763887113
0,34.70917132804822,208.7135463743642,1035.17313555373,24.49662788976519
0,34.23601514086503,143.408145455175,833.7709304597704,30.328614490169308
0,34.904234006068435,172.69254206469685,842.1006936511358,32.3681021119008
1,33.63834290605952,248.0535334756608,2387.479113744093,35.90524811756785
3,34.84223682832493,512.6651999396605,779.8712234254249,25.13717269441728
2,22.659348161698425,109.71223874196045,724.3512432629109,3.935177410689902
0,34.78114816348531,197.84775896441064,731.0101644792555,29.123957839298285
0,34.23465749852342,109.03333612392106,849.598689803391,33.649504316087
0,35.235525252852455,154.00253392008602,712.8397834591702,18.445487136061818
0,35.257555864812836,156.54448328585428,685.7227181018922,26.445793997927414
0,34.39094682222672,173.21490402140512,780.7838893333882,20.62500187389
0,34.82670700895835,143.24669928614782,743.3293662492099,27.2760961974727
0,34.630689090836455,176.5363452138073,910.0761734070406,30.01174290316123
0,33.96394165741674,127.56338329807875,467.0776594296405,33.18562929914859
0,34.528415354908674,157.58641071975563,516.2217588739122,26.234621277738263
0,35.16797285748371,171.61786926756625,904.353599456355,26.487102320190814
0,33.999223728089824,189.38703200043705,406.7203971791977,26.752945990490815
0,33.99474077498658,132.5320045745019,680.0578802135783,29.182610593246263
3,34.4117540782498,604.1857024827974,772.3520003509866,30.773045805245044
0,34.03101032320812,122.7910359302999,512.3337786279869,31.21762770783389
2,23.424588734160373,119.69194725176894,520.7433349540772,6.019090827604258
0,34.35324254208811,95.26008577943497,1053.1617214625537,26.004189565186305
2,25.071085049611654,159.7016125500042,645.258572059625,3.894298409602813
0,33.96688726143494,168.05609404754193,664.5758904495151,22.02435968050192
3,34.72651652072881,598.4377045134435,693.1289058805862,24.295996635664608
0,34.735816360804066,216.95771286475068,594.2844679259938,25.74551137534541
0,34.2992331384489,127.83318550652177,903.8760128814878,27.634683954768118
0,34.73406072780716,144.91757718775776,726.466956787631,33.92050906219336
0,34.034616421098434,171.59642824830894,968.2356526530365,23.645754441049995
0,35.39366238037278,164.1897058575526,777.7590689693913,24.451057828231104
0,34.44656745990137,149.9255680863563,840.4758272363682,21.670304362291834
0,34.46073988612248,135.19489037709045,1016.3182093787718,22.698528434882924
0,35.79377784659921,127.58303315422488,943.3330475219321,26.199610676393316
2,22.922206603873164,216.23686888550475,755.2049686842818,5.093205700752945
3,33.25998788679078,576.0357327628068,588.6500806580684,28.524361184818293
0,34.2136309943533,136.20942006292685,752.0465948941875,14.658744560397993
0,34.56916943244016,188.05777578966394,787.1319392466863,30.96434698820493
2,19.84969307388485,129.44800456478714,722.9341281311745,5.1489530250677795
1,32.39287137444044,327.281161844587,2366.652747444941,27.107228213331673
0,34.58472059783678,142.6050033148611,703.2791483463636,24.23840913475298
3,34.106782008381586,514.4174627676903,949.077127583854,26.615532894907155
0,33.974057821085594,164.27928176986563,756.8049958423744,32.06829967511323
1,35.05919188453847,352.88931878446095,2456.61022489598,19.165657073723818
2,20.874690971067793,167.22005059856588,901.6719103076888,5.984335696962225
0,34.05535686873589,193.9885356099556,797.934446695386,24.628462915742777
0,34.559917285702554,106.74010634882973,283.78852271147036,35.421999052875094
1,35.01363903979203,351.79347489106345,2561.2856967250045,23.840962826447058
0,35.20037818503168,172.3189173830906,841.8855654722314,19.40089356464791
0,35.322365000932706,153.19639789225806,550.9762008817843,17.957664165147524
2,31.420565764377532,172.05224374111253,676.1431979750569,5.776378869542739
3,32.41166631733817,609.5929859098069,584.659143258414,19.492996903071006
0,33.66217948158042,154.63593693871007,924.25023329937,17.760489265746788
0,34.653196185355796,123.07191295266534,617.2604823462973,24.031979321688855
0,34.242320270297206,180.761128766198,813.0196372838174,29.7024938829568
1,34.43492701465598,284.33745926945176,2799.2787529119378,21.26286470092743
3,33.20637715026037,493.26518736367257,703.6812388103523,33.133285262747115
0,34.53290938054379,149.6330612916257,870.777238233614,22.842909875844075
2,25.361462497876193,182.2518415001675,580.2846657083849,5.83137315471004
2,23.8302320236126,153.05103757154754,679.1471167174991,1.7616684649734409
0,34.715500284004406,104.12311764192654,855.2708233736677,27.867409604780615
0,33.65121264900911,93.13111857275717,766.794894663678,23.981130320390008
2,25.263525326419767,134.82752935485667,651.8417120745635,6.309088377726676
1,35.76935295948914,278.8111996700769,2540.587404127427,20.722088992019668
0,34.72902772951072,137.0054967090493,685.0514289144654,27.337170090899896
0,35.31281307721157,152.43008534308603,984.1546147793416,20.228565600370658
0,35.11509528930107,140.3634242285266,740.8438384819574,15.1661933426073
0,34.80030491289504,193.98216735390358,711.0981991281661,22.50955671429152
2,25.990754885145066,153.51127830935133,860.2519439963667,4.1324627036323305
3,33.91299087513714,549.9427461435635,812.9557104121805,20.36295257643984
0,34.22071243261674,157.15001252500653,675.7385163640222,13.749183187554008
0,34.835995628174786,157.90081049814253,828.0426937573033,33.45593681997374
0,33.252036699051864,181.43545410441163,1081.0893143292012,25.622570429884895
0,33.70010111717089,135.1113332124479,831.4527250293071,34.26743153085047
0,34.18563797811438,171.30663705122302,801.5529272764292,26.001495101342105
0,35.35322996004645,129.29574123410646,758.6183064356273,33.664692337766475
0,35.065633990144825,170.3544975095397,913.232058850609,27.75877210638538
0,33.78802399750961,194.2171216474963,987.5350665469377,23.48232532415101
0,34.19499539058319,170.435248148019,880.7468231904803,28.94488667129963
0,34.76564509336326,95.02871706742164,1016.4106896062201,26.6728963725171
3,33.47773847407996,499.71629063231444,607.4530408073645,26.470738840733095
0,33.71170351773509,153.82381016278066,731.6161908933888,21.469014201531515
0,34.698356263302884,165.62169483996502,851.3025306502617,33.43308601920164
0,34.79848831626733,166.0346332914919,695.0076208495727,24.409655669538928
1,34.949548310484,344.86699603536454,2774.201272837173,19.266024191796113
0,35.30894679309125,132.62911568810466,800.2944796087132,22.844570421819945
3,35.757720241512665,485.606502927621,726.2661209711029,24.100569106718204
0,34.80454500379584,184.5358541278608,721.4088721310068,27.51285868602652
3,36.32146086353469,618.6057746738801,444.6711319108772,24.83623268051086
0,35.109638751059435,142.65040812005807,606.9354197978951,20.887558887674558
3,34.497156006724495,611.5634382138106,837.9570875692124,22.778143024216693
0,35.18828718122815,139.57219771437187,519.3772066750445,27.808383625079962
0,33.746503101891804,117.79144627042368,759.7233271493267,28.636296813187823
3,34.111070519174646,496.24405288059904,713.4672992060958,22.112888182544772
0,34.92899785307312,182.26368445107622,611.2579711399403,22.578019119532357
0,34.39011478522465,133.69578920059317,763.9728380934721,27.77978547033655
0,34.34119995869462,155.68591926196478,821.8680691179145,21.864244381753892
0,34.193208483695706,84.40893849697706,900.1003900567938,23.064453683816616
0,34.97035732624789,156.5649788501862,838.2067798055832,23.78948207308867
0,34.76770544796207,174.76783551407723,829.6717116441796,24.546346212237864
0,34.956668721054584,157.62882897314375,695.751753167555,28.619174174915365
0,35.26044580184923,174.34476662365915,846.2841758491871,15.756687252724687
0,34.924063574476264,173.68469052159125,656.4848430960387,21.58677777613518
0,34.47019383642645,197.09409802755965,710.7008171969928,19.05460748579918
0,34.89860541865561,102.42485563462898,755.6624803921134,28.012269460288735
2,25.67054652738358,161.96058889681515,537.5900100739448,6.7113934510409194
0,34.76234447726899,175.02230902955571,920.5110035765033,29.448171706521073
3,35.03164411077793,615.6163761668677,634.0536746274922,25.292185525921063
1,33.29682127097472,325.257844482422,2618.0392465380455,26.499796869988778
0,34.369387529518214,198.1761210837852,604.1217091950622,30.543999666498635
1,34.058271760765145,347.44474562825246,2642.960500183391,25.302813295325222
0,34.47705657517673,184.2413827773362,605.4790370246045,24.35753862025231
3,33.392400434783106,596.1766410474409,660.0712745111891,25.681392056338126
0,34.50229117797361,132.24877476710495,889.5923819267392,38.54536792161183
0,33.677847355331785,140.40726108743792,610.0493284464999,30.884750998873017
0,33.87065064147849,176.8031165620519,948.3195009913969,25.384997883554878
0,34.0946603425007,134.88834076035383,747.8008805061909,20.72502468799965
0,33.924804126185165,148.04185020908452,1021.1398096730131,23.765847634147185
3,34.029366472421465,516.7359990890802,633.8632954095073,30.468185409025214
3,32.766097262953295,582.8692107391186,651.988199243444,27.617274919518394
0,34.838761305353536,250.0148352668429,711.3052351933535,28.597875930694805
0,34.6443011342432,169.1081541900279,725.3313084881156,27.46760529488165
0,34.43097141825298,158.82127687632413,452.8843031122183,25.890137164575677
0,35.02479537893975,225.64445399721043,869.1974654372351,14.27947205004064
0,34.47126694813439,207.5837316799152,594.27298045513,29.617612129894553
1,36.141887807526516,365.2321620480874,2509.0415732265724,21.14696596595377
0,34.62223115303491,145.34083247646564,1103.8394791936844,23.848999635602834
0,34.39524010213818,132.45194340027504,894.2471043100355,26.884235122447944
0,35.30103249234579,152.10311395287934,922.6653608936409,26.390727440040024
3,32.64221994486357,561.1165527825912,738.9056159333655,27.47361887641371
3,33.14831697107719,528.1451063918171,798.3133639987097,23.90845047166854
0,33.946245831426175,99.66794321466799,869.773754448836,21.29733862569841
0,34.45608987942611,96.54661196818819,845.9730833524437,19.88077369049068
0,34.33706905874874,166.16955517506204,1075.9262927810566,21.437957144240396
2,21.356750407781107,149.99481944619765,878.6754201849546,4.257524113887444
3,33.002857307368274,552.5918324542912,854.761182101402,20.822178286139213
0,33.13029052602027,143.5518533272224,971.6439903140538,23.67904820815608
0,34.014327629280494,123.61435252664972,689.3337492974129,30.336806507853677
0,34.35888759566441,171.97116233198457,908.8797663607809,26.91930478662337
0,35.71554764630175,170.15264444631157,594.4932338298838,19.184029659690154
3,33.32120614975623,591.0836143147924,741.0826386774078,27.90061188111288
0,34.453285490690035,173.68733588952358,774.1609724147307,28.8109822932588
0,33.73726121768044,115.03582714982373,729.6502947376755,21.067713966644423
0,34.9118279554661,135.94437323282935,960.3153310440059,15.886892520507628
0,33.98937832762252,171.23599460485116,446.95396939158576,22.643386531694507
0,33.946609782602344,136.6252007043288,811.12431997442,27.988537392054283
1,33.32712729163928,307.62003638275326,2344.919366971475,28.847956276132972
0,34.78722699302491,157.55948711432987,767.1784969083506,26.011768478412428
0,35.25909344663226,111.59570839903597,587.3905925284256,27.745236006726127
0,34.87658533056481,142.86097857010523,737.1940425940786,26.22913172478962
2,27.217683852652733,195.98907851134058,827.8916361946733,3.847666355294565
0,35.26242388520837,161.2999305694185,689.6063901494294,19.75701187337107
0,34.80463655073942,156.9246885794637,841.1853912732691,22.988133050284763
0,34.32468495425071,117.21710491036815,1093.2178949205572,25.00230719240745
2,27.183886174173924,177.5292413136406,693.7904040813836,4.995847823554577
2,24.555850534768943,224.87052411029404,491.3058257451727,2.6279239328617585
2,25.300703161331906,119.34107038549178,712.9196473085528,6.501417150803263
0,34.195641450858325,91.55932262394288,806.3719775204469,19.42248579826229
0,34.19089339803352,184.44426066320244,613.2807248753227,32.74177232561159
3,32.67583048822931,642.7048606576304,658.9974020312366,28.067550098377918
0,34.80802878963754,175.2612461814067,746.9049155156022,29.45950842971979
3,33.682072114054684,590.0208861297107,595.076731846598,27.43039030880209
0,34.36108036190548,149.85384689674075,543.5243909107813,17.00552606315338
1,34.000289538849465,312.3905927016192,2462.849283789144,35.26785460787663
0,34.00505924622247,141.81797339372633,713.3086851914849,26.734738825660976
2,20.282184507154454,170.02852203425132,679.9128867791685,5.734520122419084
0,34.00489702528589,121.85203989971232,668.2684711008651,23.22047790277224
0,35.131607804451086,98.54007601825121,778.7705489818895,19.138949768143394
0,34.89402344540314,175.41133734748036,685.1593231834902,27.252490214473347
0,33.27591358515839,160.68088951183026,783.8593833701625,26.34081967869355
0,34.81868445620861,149.24771448945634,656.3699821064438,22.784058698321104
1,35.174769531496096,356.70911132644085,2859.310626525337,18.45631383447792
0,34.9927716993981,142.1806428326902,1014.2721360544306,26.015942445346855
0,34.35019673464895,113.31627818811498,493.1241192203059,28.648765667139607
0,35.0927239203453,180.78843241197274,783.6972300132317,31.17389727933771
2,24.512097811544205,83.87373363851384,481.1689466134181,2.075298760291396
0,33.97472152164325,153.51006195934752,997.3839629989722,23.571457739530704
0,34.27239222049398,135.16258596207365,1005.887129368177,16.63842922924384
2,21.984553121591695,139.03660207228006,670.5028839227307,6.266125913208869
3,34.92153626362178,474.91851170136357,698.905870563667,34.522364071852635
0,35.075635178676436,127.24275146045542,810.7645114636205,25.386557830819708
0,34.94571817406489,109.93010816856385,733.762097379238,30.942230377827485
2,19.930792553641318,128.7641087712403,832.6761653184723,4.3373460435107845
1,33.62312513854613,422.31237850089667,2325.886362799476,26.65203844492584
0,33.36030103112487,177.74447770653774,673.8119995993704,28.93421056132992
2,24.575832784944506,126.4708970746197,658.2898210877509,4.384207502735113
0,33.89754275516248,156.79746728613688,975.9505191461112,26.871686302378674
0,35.154904703118184,149.75835627024253,634.1434479156637,26.226692467762483
1,36.125658908719245,342.0241613478607,2649.8411952718893,19.914457357829765
2,30.79975965414915,182.55087044598426,689.606274963559,2.4680830293818836
0,35.069064345792015,151.28167532133435,974.5256553464693,29.759499698165804
0,35.310995745698435,165.03083730754489,1003.3815207473152,26.075196846078907
0,35.525351761164934,129.59072802827637,374.39335262594716,18.481975260254835
0,34.47990922582275,159.61419065375503,879.3586518080064,30.938168057209666
0,34.95011020690036,162.17622578067687,692.5582695893825,20.958158939252243
0,33.69302325133467,176.02895827079078,974.7632023594223,29.126140612368587
0,34.014174478922875,238.29165675703547,799.663938979259,25.53836448581065
0,34.34319194675907,117.60172894485736,776.7787623118321,24.56634281705901
3,33.11472389117544,547.0067066868272,778.4313928004957,28.014979026887424
0,33.981381240636665,99.69770036370448,836.50260521691,17.329995161529734
0,34.59593951127373,191.57396995388658,663.953670202801,30.36363901341934
0,34.59549275212604,140.61479571110422,489.08168948213824,28.417895988508636
2,29.41785955191529,158.28675213858077,755.0121078356533,3.9773239517763397
0,34.72274742929335,161.0646536324012,630.840783385548,26.32040250731575
0,34.73281224389663,126.72647982892288,386.711776285821,21.328724786546594
3,32.96964662018284,487.62783085907387,760.8034346833422,27.176633566735685
0,33.776002263553906,126.92488982872311,896.758821278015,29.41121378960462
0,34.70809544139958,99.57500826312483,767.1920547133738,26.618119520029847
0,34.18190374739415,172.8573902388955,801.832489174266,19.189219324890693
2,26.58008665456366,168.41836294957355,630.2085189783513,3.6530678588180923
0,35.072495827284136,131.4414486510524,666.352779249798,33.70263999969478
0,33.915248903496085,139.51873704620107,804.7165513040661,22.486233893313997
1,34.80533825933993,381.32719739510753,2825.454333705689,20.702691459531085
1,33.994058618990515,338.47242818011625,2437.654120087508,32.59899122677711
0,34.94735432124224,139.2487755702899,767.0123879122871,9.526214120309913
0,34.81057713916359,178.47699279554493,635.4961447677529,33.23555711750625
0,35.290100455189524,153.50908150815388,683.6314163482798,16.231516401967653
3,32.96204535666122,431.5869670074958,434.7158989167898,19.151978203052465
0,34.62859612825219,157.37933258263726,818.43762485239,27.95985114266175
0,34.46942801559493,173.12596767284424,882.1893905328624,18.223209095125988
0,33.885313888091964,92.60218888894133,760.61164453925,23.63964505841696
1,34.35174046529898,417.540945542803,1933.6332941649637,22.35522318964473
0,35.28129317425051,137.8980151902852,898.4259882604919,23.81042144396597
0,33.75393278002013,170.79599895895856,803.3887287583302,28.595429129909295
0,35.22422730609008,181.21502304853513,904.4987858859909,23.48171898530211
0,34.90177800871027,140.05674878927434,886.3484904025626,20.983994483674067
3,33.78922250759066,587.7304132393771,720.9084761511023,26.47162045840857
3,33.54987283142141,552.6112471387883,651.2853908580711,27.945776534158753
0,34.022435238012264,130.8196196044739,816.2248635691072,25.34352903631392
0,34.154862310938334,143.46141096576767,901.3106687331641,17.91859759842895
0,34.489522419636096,142.09945005491565,777.4296677945892,26.52329605626702
2,27.095457629997014,132.83207259920698,716.017567753399,1.9124814364308071
0,35.07053657173107,161.09406282083978,735.0244792805518,29.19093091894482
0,35.021575667759905,166.94053443395057,985.740529512074,29.063444579225806
3,32.699359647307524,587.751619031829,811.9559816817994,24.07841027705511
0,34.79378831431531,144.24202134948172,936.1572509215887,25.43477732021912
0,34.80920712072579,214.82824132013047,525.2475665713282,28.06613850887659
1,35.630613186526155,310.5604580057144,2463.3353783498405,25.665947049540456
0,34.25371808178046,131.88033526698746,727.4116634203621,24.096389592608716
0,34.4250099011878,187.03369520378465,1036.7944708149819,22.838508200365975
0,33.85645011569664,176.1426383799454,734.8025090026341,26.25238901700846
0,33.57591213803359,152.1040040625925,783.4508189515599,24.668046855997975
0,35.373583573160275,161.53535456123896,615.3559894819637,29.54183108034238
0,34.86323076837425,118.5481939548572,1050.7552699619887,20.700219187960585
0,33.62871429761581,134.9942038440819,514.7981259220467,20.359669651587776
3,35.29983410132865,581.6545923848948,584.1539831450812,23.062511228954286
0,34.383572784262675,187.25699120632387,698.9232252931682,34.74013218391495
0,34.84975094468655,145.22076610946232,685.1161237059987,16.75565203355673
0,35.47400178655094,163.75459590063372,1093.632065243347,26.92354028901795
3,33.593676397581916,492.70898907600633,536.9675734209854,19.6929169698787
0,34.41601986102298,152.75640404461228,722.4214390479226,25.32835433302292
0,34.2763521826515,172.66606618726865,903.482179130787,25.887979917375258
0,35.06563237674961,134.57437600377972,779.3863133251409,25.0333647773215
0,34.785946648735646,123.49742760415128,863.3980532003117,26.656918488776064
0,34.47051760510868,176.30317784045744,726.4207827468788,19.31054571324303
0,34.22809676944524,114.14071619358967,859.177195472317,27.03781348333279
2,28.410186898908275,120.72116298417458,789.123241526491,7.346998422163278
0,34.85187864636263,196.0439827856738,902.7068823401581,21.255814779017832
2,25.721124468862044,172.4747097179727,698.6684281613893,8.420410165111965
0,34.05441700752805,110.97325882779757,605.2655170288402,16.881284385557862
1,33.318294205186554,339.4104632861945,2414.346746960831,26.287877330884964
0,33.88600059216683,162.71640908491375,615.9080973416961,22.549300402545253
0,34.44896076814119,135.5542404776106,928.3022443257745,18.34793213850088
3,35.70867743213412,544.4691344886533,564.1727650917124,23.939841836890285
1,34.360536990457966,383.04013715558364,2932.8395910283343,17.085102722796478
0,34.42154417627916,208.895098146752,711.4196436110067,24.140978832238147
2,23.31574755337758,110.89211049699641,682.9455067834557,1.8220704429349777
0,34.58370314056788,151.63021647272205,813.4882968654489,29.32354768167538
2,24.75706762577581,138.5793888701304,645.8957366170226,4.609653660745639
0,35.078245913696215,70.95295429482074,734.5509309847572,21.55283459561413
0,34.688994424189005,159.19696732779497,866.5126051975121,18.808191843735024
0,34.60668936586821,190.06854696413197,655.0445296985156,29.09714994335329
3,34.2161339386903,610.7097164669204,530.6090009361808,24.835925319130958
0,34.27805186466598,143.0028355228417,890.7813649990485,29.342120450177678
0,34.32310432803974,147.31087133617862,950.9860746613051,25.28209377973277
0,34.853067439946926,127.24656119858443,970.1856826704848,31.41379442534067
0,34.255350756172795,120.6882729532623,922.786300003102,24.566319029412195
0,34.95044385410341,185.7023835641865,739.6780291830876,22.264510060423568
0,35.48536977757656,190.29527107417755,550.5351413898741,24.94446166229797
0,33.9798273358312,153.67660212463701,815.3471999187867,21.199948603790155
0,34.026081892499064,137.42160489563656,654.8279332989304,19.38583357518384
3,34.200260079601335,545.0266609363628,687.1547251010651,28.151326485865383
0,34.23604801765352,109.31499794723962,717.7030117364802,27.40640787783199
1,35.3433010015603,283.57466780920663,2673.085193806936,21.215160006904927
0,34.954771875888156,239.1478618032774,725.4673812011615,26.550024298511563
0,34.37667337715851,128.81150152821382,742.0282930024093,13.44819352745626
0,34.21482729857816,169.6781847757065,818.3843044178673,19.015184228156144
0,34.46682243713398,118.8147403898067,994.8653192380258,29.601515963436942
2,26.04976586085984,119.06362774396456,861.4371657939848,8.787295006948195
0,34.75774052485201,213.3368922387694,612.4203446346925,28.55165227660657
0,34.2225627947513,129.50663135124196,741.3962607822604,22.635878697089872
0,34.74254366641493,128.75479544177932,631.9087125980034,16.74840090927412
0,34.862853362635164,152.4131188904462,933.0225426149508,19.042733783008117
0,34.13323565060102,189.85692927327324,911.8417936086512,14.15929944100191
0,34.73369264427294,140.62875942072046,634.9796001428571,19.57812397285165
3,32.3836985491072,610.5413260215789,613.0525870119285,25.411116978359733
0,34.53122234947681,135.68540378117515,661.2918602692122,25.65637095420592
0,35.63892776555941,145.2576782074225,978.3590122371894,23.228926190506233
1,32.466229040572976,386.5677231970709,2191.6869575571936,31.203396216494564
0,34.89717150037797,67.24983703038339,999.0362084140829,33.23450412321042
0,34.86229577660979,182.2201141630172,701.2248485060014,25.308211985568583
1,33.53010652015413,339.58456639911367,2318.335392873904,23.52216118619174
0,34.30680297380053,174.66942698560212,780.6706381173102,28.965126118531703
0,34.04139724137325,167.67992136745463,870.7418369839856,17.440494111244767
3,32.60794490548206,604.3208300729659,763.0059267256917,29.967855055873272
0,34.16464937740438,152.83067923853724,798.9947561785955,22.32281308720986
0,34.19042554927893,148.92241239805648,869.2690122406548,26.13996798232952
0,33.8350565261159,108.97184512433407,905.7537997847687,28.817382462627968
0,34.81358982491725,150.7248094986051,821.1079536152208,19.05452190759995
0,35.39804541910566,174.44250481625514,842.552361870256,24.414128519085853
0,34.631499528129034,149.4744586512107,986.3015769283032,24.89384016833278
3,33.68227170798564,617.0301976217484,611.432101164029,27.19587221621553
0,35.040627144526034,142.53526342531342,626.6852604042225,30.914191547756186
0,34.92957443193088,181.72929442645074,778.7382247850915,31.974659735291276
1,34.73979903358078,357.9210353158725,2395.9459441104223,31.618567477517793
0,35.166988152674584,130.22080910765823,854.5456516386647,20.16124576498175
0,34.43203055557978,154.52492748329317,774.5644459755092,29.900325038105386
0,34.48260166560286,144.83345646574242,687.6630645315635,22.489948476672097
0,33.71288833337253,108.56125074501563,711.2438706577067,23.924409447427124
0,34.10035438071126,122.31254475928466,821.3951466532428,27.32879289166609
0,34.829093612786096,140.19817992344272,748.5183950498688,31.421034034594932
2,19.97826271051921,119.78499058853424,692.5944593713244,3.022306025826235
0,33.80704167094194,132.78169081214702,771.5178216017279,26.824352357842805
0,33.33355903315859,166.15269539141747,828.8580714414092,22.08663716115272
0,35.77028851167448,177.46054830372924,820.7516824717502,31.216042329036636
3,34.27577702422971,586.3882226139351,726.4260598984529,25.892355500728076
0,34.678068739452016,142.13471747528314,721.2744474328504,28.74361712172508
0,34.196236667215864,210.00665057279292,685.6046735919937,32.01869505171909
0,34.756291804524295,98.06067363301369,563.32888252732,16.895074012425898
3,32.52431389784365,598.0175874539542,700.2656014514764,31.80985273064172
0,33.14083972713314,187.74826775268176,841.9620288929207,29.180039874527615
2,25.35549712618522,184.46080391705448,562.2371535886555,4.6127291904138215
0,34.704487330963175,69.39350070188607,797.6819579210629,20.105718772350983
0,34.90598300685237,93.07144449184888,758.1941687221397,27.411581828942946
3,33.565114449413976,557.4246222708347,752.9742950576457,27.66444831171777
0,34.23866695400946,97.79756990554847,704.8860223677358,25.264355727714943
0,34.26607616296754,173.86975521086876,864.2385705154509,15.349625256373777
0,34.84137162934088,177.78691127498166,742.1804721279876,28.116381329685407
0,34.72332921640337,173.02293117078278,895.3153226706678,28.661512974131917
0,34.02824629017942,204.17534678750857,884.4980599609356,24.476230333180556
0,34.85207726413071,147.49837685570722,1047.176355563224,29.480941875819966
2,22.186408106315895,166.56586494126918,576.1135699422323,3.382788042513703
0,34.94168248823393,181.35115077491423,815.7838335470051,29.45559217852755
0,34.33701104701197,131.77762768683974,816.0006107402043,30.96706084043823
1,33.99147337431697,342.98228897739824,2718.168941214684,22.1805752486927
1,32.31411877626579,376.7582156675707,2022.3767764712459,24.72219029984607
1,33.28130179220671,372.5014953667668,2482.319580624092,27.262344143476827
0,34.40012174893127,128.46681470872517,859.918801383257,23.261938385757414
0,35.42162419439904,161.4593450107685,926.4346554277938,19.833774327068724
3,34.98836440243519,572.9944853254426,570.8736397164828,34.57156436584683
3,34.117641413480214,543.3956002275497,877.9208650482766,12.068588031665985
1,34.35133028162426,306.4342188866648,2481.3947072635156,17.640747362053943
0,34.38328668868474,126.0895251353908,844.9830722681269,18.515449532900007
2,24.423379542272247,160.51994055309126,874.5927093672192,6.010671475489378
0,33.630739644640975,116.32319008454547,492.9689499112857,20.77737465166901
0,33.883486533453244,133.6669410751238,807.7782020864612,15.692244895557927
0,35.10899593648653,144.49340445216535,847.7971491481912,19.281653450296147
3,33.159962293339284,624.4856470271332,650.5013146862093,23.3873595662647
0,34.02935618329998,132.48558864016087,640.2130996378554,21.00330303381148
2,27.58812314830403,140.28093882783364,624.6428655271433,5.104662664865211
3,36.72825054219837,662.9114940252701,728.666434904885,26.70999079427141
0,34.28777573700343,179.12163973731995,1023.1856826589158,21.54625835133507
0,35.094893330026835,183.94290452244593,729.997439374212,24.07720234391536
3,32.91672508071863,518.7958490708173,611.228270799891,21.10185572381613
0,34.91830519236564,121.38248537238113,683.2294008785587,35.66236870541576
0,34.33301328261593,168.19112571844397,922.7174778886749,35.02697481435199
1,33.86261138998554,365.1787600543212,2000.1198648415386,26.55622041608468
0,34.79537284048454,175.65423089513786,996.3573445566578,17.838915077330622
3,34.42195189896242,533.3237641493403,746.6805047386401,29.944877936853317
0,35.47591943066236,120.3670604109513,718.31313404105,19.678900416479536
2,25.072942514681987,108.77386391946314,755.1035026649297,5.773915533995147
0,34.11522161797574,174.91038557399622,1022.5297179980171,28.183217835863818
0,34.05474638580549,150.70058531759156,845.5108113084437,24.383160255672415
0,33.63132506721558,126.29621135520901,874.3263506142093,30.279816261005074
2,22.67807280642861,137.8642584057354,611.6380605220911,5.665867186679471
0,34.35898311793847,115.05615259668522,665.564921222193,17.730036655939575
0,34.25192135020052,207.0011211976105,1137.6922562118377,17.660661616395025
0,34.56979517463856,140.11589329929853,1012.3629203246671,29.905035891680296
0,33.95908969038772,142.50906819010547,750.2062832812131,29.532481310308235
0,34.8087776965989,185.89645490692905,719.4418845126625,22.55925508736376
0,34.66902140470877,120.74074147696594,766.3769421583503,26.422559272841635
0,34.90153424468857,139.46632976271874,926.92671464572,27.767424310084735
1,33.00965174821238,319.2778627309166,1975.1656210582933,31.186263479610638
0,34.815987372648976,154.6174523571262,621.9178765544874,24.9680755572819
0,33.9515041821035,119.75048666981733,843.4262982616813,23.672756979878244
1,32.52834803993421,252.79525109544497,2800.6073475951944,26.134048992365035
0,34.39346612247912,136.3806270546754,752.1323981846292,10.49357127572659
2,23.82241286679831,142.63756291625015,693.462551303773,5.309535063799042
0,35.39875510064945,177.23958552853736,589.7817963194382,23.459472801511687
0,33.87571582902729,160.32640967559556,553.1971546511742,29.812523111591684
0,34.765351437144965,174.53807306885528,711.3909026817166,27.76748418142511
1,34.35204542235532,390.20612282644436,2571.8321642075443,15.703745938672224
0,33.23722100225251,143.80011175137386,537.8086514848395,14.841875321440385
0,33.85138913319322,153.76289080238777,746.1897918196207,26.688164215539942
0,35.0919390092657,182.24658598760567,522.5643691446242,30.200923776931212
0,34.46168874751709,143.49112331215105,930.3006422000144,17.806614876958413
0,33.426728557337526,98.07043845165182,919.511713416879,16.267251777372017
0,34.555810972711996,141.14269029082084,661.8454545815546,21.537056008849415
0,34.23918356553011,88.63300642791839,934.2193228214378,32.95763804442814
1,33.48983188245882,397.6764519072466,2262.072276705108,29.63204061461102
0,33.99415519685288,196.31744453796458,796.8441778391838,23.335380285547707
0,34.909896053297565,134.65842470726352,798.0909732897678,27.900715074807835
2,24.627184781279176,176.15332157641728,741.906773712984,5.535304555693916
3,35.58039862462005,566.2168719714341,498.5810285484062,25.560381870273662
2,29.83854513645482,111.22095512096394,553.7030059618105,4.4485113778525145
0,34.15008407736633,119.06279712336212,925.0864232538811,30.79261781320274
0,35.431278903641264,162.0066814553763,712.153334284688,24.413698334876923
0,33.74905218448247,175.56567078393545,819.000173707931,17.55986579520619
0,35.09910920910588,144.3121769894714,747.115599960335,24.637862010687144
0,33.734406472569674,148.79227800589015,789.5407703367396,23.869481947472938
0,34.49996261343499,146.2714731911569,849.5897886256362,25.247837966645747
0,33.88605215712954,51.26216730976547,965.5304595820359,26.49372427054178
3,33.593651351072445,570.0776356821466,716.4334285710383,35.165836988265966
0,34.62449975279569,170.73248724033184,905.1242329262608,31.66201988177459
0,34.16024164977759,160.6570937778845,954.7994164640218,29.976822874269608
2,20.42970080824017,195.63927218006017,637.3760090803011,3.867883912149997
0,34.424050606072626,201.79996132877022,726.0477069465858,21.343927621846596
1,34.06457814860722,341.86578858168764,2691.988313608538,28.781282250481407
3,33.46818027794225,616.2082775617545,676.6579474395595,17.032378075910493
0,34.807875023118996,154.3618669539008,1020.4148468362603,23.820690696709384
0,34.09006818167146,173.33712357397218,812.1947191216512,30.417560071391677
0,34.71035622816821,140.70405165053356,790.1737281668593,28.440854212389898
0,34.69734769283934,172.32942729666314,978.6797545709823,22.396799808840427
0,33.96582286712964,170.6747357910811,745.671547484907,17.484336116966567
3,34.572950360052104,573.2148568300399,738.8555448731387,16.041707432164955
0,34.74653412316104,135.77952765045387,903.1818874214156,29.601498896055375
0,35.307130784927985,149.04779790636462,795.0773281985834,29.552465838931337
2,25.008104352305278,127.3191347451837,809.9434824154487,3.4962232068134744
0,34.46315758397501,120.6150105146809,945.5342787818938,27.365734888218437
1,33.400434206857945,254.9522276641026,2930.5140627989413,20.815185812279193
2,23.59702786720397,155.50214538757166,770.6166751411525,5.148783651686593
1,34.99506830811173,369.53449211450487,2681.9881707309064,30.94316190454672
1,33.800467628787345,395.6341560803917,2255.1490045796227,22.74412217879411
0,34.68719737189398,133.55633045439228,845.27904882502,24.764746181943007
1,35.07735203535159,395.24260159318914,2390.6531045258366,22.250133116170367
2,23.567603910536562,168.14518222868446,653.2950851715287,2.724345165716589
3,35.14772185673544,530.2352141492055,835.8906551415531,17.796217891518314
0,34.31538015373573,123.93511073455178,993.5214743492525,28.834112160873385
0,34.82170738126764,171.44981547076173,863.9148090344055,29.50971601920009
2,23.048753860220625,158.2742523090623,548.9409076968373,3.8095608079549264
0,34.74470075022056,112.74328156113044,576.4058522864555,28.420949816661086
0,33.9410327244632,162.5960158830185,654.716126804889,28.798961133429263
0,34.39006036558053,139.43742994132282,1031.911985757664,24.936584206405914
0,35.751596899424065,208.19711738907748,774.3307166715894,32.45449348433344
0,33.25762818527819,185.52493475101642,832.0462821464298,30.16400770720049
0,33.84220069802875,110.08407544494862,953.6385715600362,17.285988447040104
3,33.065522091715295,539.5841992223375,707.1105090516828,32.00994142194977
1,34.38581700508973,290.0513203950553,2908.2590046402906,20.559075929339684
2,27.16235372630108,159.68202358223385,791.038209822144,4.399609118236285
0,34.83788656731618,130.64104861103556,902.9694453443332,16.45507603797489
2,25.388692160408173,171.87944748255336,637.1141111400804,1.1408930691188264
0,33.933675945440335,185.92842450881153,830.0288066151239,28.425661796374218
0,34.86894314253608,173.85492490541873,616.9407479523247,27.93342900455194
0,34.56223979094201,115.96653465979932,733.7581878541617,34.05932136258954
0,34.684447989996954,167.25154744796092,922.1651534562404,30.185197278183743
0,34.12967831838283,125.11169155195921,936.3786900666321,41.617383026008795
0,34.473272518137335,124.488659664458,967.8495874710046,26.708247429208683
0,34.114305265471245,103.6704975503772,611.6853900792963,17.101605562639683
0,34.645933866709235,152.04563678629867,674.6071102873227,19.35801140025967
0,34.91320657136967,130.74733643738824,787.1356969161234,24.216711685621295
0,34.783707976065905,128.21786455635717,1028.8837828317435,13.080114135526053
0,34.23791478234706,122.5740118454486,740.9761297062041,20.01345335547456
0,34.37188891526201,90.89973860847127,748.4426103750511,34.53888262522544
0,34.409879424173575,134.5299845893847,914.9585826452894,28.900103328382873
0,34.460993869146456,170.3572574642245,1099.813267189655,36.091133301344804
0,33.45513899821414,134.04749583161205,870.2291157750496,27.292845067279945
0,34.84940418463612,192.51554766190358,899.0062142873481,22.1236446937653
0,34.866238132815276,171.60459192626783,895.4743388446122,26.664652294087468
0,34.38442657563601,117.0492987598474,808.0392453866501,27.33000411656219
0,34.5943992810495,122.99546408147047,1069.3506092377331,27.382682537888822
3,32.65730855432298,586.586378203339,830.8669386144603,14.158312532427267
0,34.394732463638256,176.36418161125906,579.4141426805494,22.6205643167537
0,34.41947401597084,142.2124973735816,883.0135499791711,18.526533944109737
0,35.22064842777804,164.74784476632698,714.7619477402309,21.590754796895226
3,33.16642425132602,553.407449224594,703.0257629049966,21.615138937543698
2,23.44312231767543,97.89494548766707,810.9669122921738,4.991832797125286
0,34.27484069137644,123.35788144313857,528.9466206972988,19.413390180695465
0,33.745761032926595,173.67681516493053,887.0402787092835,18.836108994626755
0,34.09647529712802,136.57804766255143,906.0324916865441,23.629685310076376
2,29.519623012036533,214.14109548734405,732.6227113405972,5.68901619621335
0,34.02609121309763,161.78202392925223,1078.488463130557,22.473905011008732
0,34.643868732165885,173.2300367127531,688.4559783191057,26.71922810362175
0,34.009901119899105,169.65372236449943,790.2360849678568,15.27898522047763
2,23.52225402582483,137.62053337914602,732.7747913145297,2.7851931358674813
0,33.50984169607373,122.87325680516241,720.4967284386831,25.506354452458034
1,32.85505786645376,388.0866888379362,3095.975460292517,28.767011151380522
0,34.0074499981759,147.29262325673776,789.6465948531882,21.6482584553288
3,33.57977347881,605.5031819929887,566.497476507224,25.886891356084114
1,32.49090094890818,407.33464875283727,2668.154568006287,26.73608680605007
0,34.53347412655185,196.07492894047056,649.3259885477487,24.95181644603271
0,33.295947801972176,171.74729217833206,982.1311542456014,28.460628163338754
0,34.333714957923604,171.76909175099405,823.5735544733328,32.98788229555169
0,34.21282361803824,176.89767440744353,876.4183752481694,23.06810256237851
0,33.91416451808322,155.81051951881582,614.0847073200496,25.179214531671466
0,35.21107853283608,157.4724141591929,692.9548983749985,21.778974971096446
0,33.95831759839382,114.72779037116426,939.9081965107735,28.014425123230918
0,34.28968440426475,153.44072691215476,527.2945030112021,20.626121515388682
0,34.62153402213471,170.6992714131487,596.5218159895511,27.40368693858692
2,26.4720013795341,214.87294248038248,666.8314963009307,5.413645268306549
0,34.76773676021399,160.62445984910386,746.0306651739993,22.73982478868362
3,32.595389304983684,528.4011822236687,681.5495494055355,17.207775850707442
2,25.062532946128393,190.84772733292942,699.5742389254456,3.907515731637246
0,34.32688183564348,143.94625211364405,1095.017298966944,28.845111272479862
1,34.92248282144952,366.89540868153995,2470.2767607337955,26.02439926535791
0,35.4763172928848,176.84014781318942,722.7978968431015,18.77632112582342
0,34.68786864515281,109.54354649723328,818.5129345612303,23.3546412790624
0,34.75742879693565,137.2637678007275,951.587609140051,13.388259226891346
3,34.269547506894355,606.3601631019067,754.2521669767343,24.26077535482576
0,34.905626142565495,149.9221135103389,736.6787038580778,26.08740533560488
1,34.67230789558623,396.96406402825187,2381.663859907848,24.42314531285375
0,34.69120381767864,90.2408697993003,911.9352585190718,30.293381394556995
0,35.4408218876439,133.9159836612803,980.6260426826983,21.91923243617675
2,23.055721821973197,119.03226270869308,759.6233017823956,6.466882021589706
0,34.52742014263897,134.06613893451882,782.647315475728,30.14037722495202
1,34.83202213994071,344.9544765391569,2601.382297075246,24.126434838560282
0,33.991668718056154,143.31038969903858,755.7545107243329,26.620549967606706
3,33.901966392126674,543.2023651360037,590.2573980741836,24.930685025690444
0,34.33590098397723,151.80549522721316,865.7155572579363,26.84931008810413
0,34.782364547305335,190.1109076815267,935.658401220237,17.262900661143068
1,33.35947588694041,309.22389297845206,2688.5037756570377,26.702555395555265
3,34.58087762002796,504.52631777629955,926.4134130255949,23.99180286855684
0,35.62812755245241,166.86309387863946,899.1445078171832,29.805938233276706
2,25.85405059789831,114.5341160909291,586.0663074424501,4.602874085751715
0,35.36381219486094,152.10835732839107,698.1397036459857,27.350584454641997
0,35.18229763563036,145.05880107428254,694.0992731937047,29.6279058107555
0,34.08188439888702,143.0708671290429,588.4236261605483,22.83083320708013
0,34.352661717587466,148.65774266555712,824.4730237118282,28.132061105081743
0,34.698014738109066,129.58985298712946,885.8918154866138,28.88178860763727
0,34.29440514007479,149.82730554412592,606.7012415277466,19.574237341105967
0,33.875506579888906,176.68990612578114,981.8589985957356,20.556844889396835
1,33.87562449099348,421.5518919951414,2178.3253657942646,28.443238809316693
2,27.512463312326208,104.33934220910683,670.5025075934245,6.820682233603767
0,34.353415137249534,129.48178948628805,634.1722498819818,24.645485920848827
0,34.40853081085711,176.0214492231527,779.4643977536879,23.582264534216254
0,34.70585673282101,177.20178858398168,672.8666422793801,28.550081044386886
0,35.06200937278343,141.61606524159768,748.111013126199,28.591828332421848
0,35.12569521824323,85.34014368301403,1252.886852064723,17.76298432852608
0,34.90100180813423,177.32344663309152,639.2708900836179,29.33405120195011
3,36.22808697704828,564.1280383214462,799.2559166740645,20.75956741889452
0,33.93224368987832,182.1987140690857,802.5809920586092,24.849423797256392
0,34.30488249470678,124.15445235715686,573.2719123840371,30.86678135848718
0,34.24822962147531,133.06514471249267,636.5314763154439,38.11948958471463
3,36.13863564571747,487.36290033613307,693.3007903618685,31.673306536105066
0,34.356921073896,170.74732723568897,804.6809880165905,26.353638967232285
0,34.173305330724446,142.73450303596783,898.7488279805651,26.862998142022864
3,34.53942118960862,486.47819866820606,768.9915499355992,27.483928070964467
0,34.296645120667925,202.54238279887716,643.7937378318476,23.19144804376688
0,34.78884505931693,126.12269822898273,776.3821883873286,23.74960914117189
3,32.70081658248827,582.2883949661486,624.4052524336514,21.858698174624333
0,34.57992823653038,79.2528768896676,667.8701256057504,25.121589331039846
0,34.47157846183802,174.1630115409256,1105.481062001406,26.383013604720702
0,33.857899664754186,157.22085952283703,628.634278117691,26.750282019981185
0,34.487674921513026,113.98907086936237,748.3794573182148,31.34085163307063
1,34.83169356807349,308.511002104166,1974.8522068995346,27.393229613156493
0,34.414656451313725,110.61754393322583,569.5179591155284,29.15191216727018
1,32.94032843868504,402.9646805932099,2166.29548833814,19.923015738788088
0,34.26522305489614,166.07134457803045,955.8089443801915,26.071809966062517
0,34.132197652386175,136.48770152625568,828.6404065157166,32.647504432243885
0,34.36140529043595,109.05557471469672,700.4911382275329,17.777914934917476
0,34.242141930812366,147.01362478108985,734.391474920063,28.049163925740974
0,35.05801205077574,207.05359107231538,603.5438333248005,22.79773658625035
0,34.00094773871345,171.9590529635062,747.9501820026741,24.698465594183173
0,34.247627287594305,182.02470168045227,894.1867312319766,18.626159177541254
0,34.476665342744774,182.25739356435747,768.0407283948913,24.775298216690082
1,33.34340377273384,343.31132298321756,2555.1999828287035,24.45756981488187
0,33.77468156424277,214.91898808750506,705.2433787115443,22.761995861783596
0,34.24660385845797,103.72941139649417,1107.9569390577121,33.47811075821096
0,34.8736939283111,137.12406737044296,963.0038096510435,27.595080738265562
0,34.995553325084366,166.46775996607317,937.3775735116076,19.940536347312786
0,33.82398093583461,183.97244224357823,747.1448392399275,26.81543880024358
3,35.362546205868405,587.9098312175673,799.9992852224417,20.85483732893963
0,33.53287814508599,122.23690251160292,654.0176872699388,17.41847891949614
1,34.252556916413695,313.3850698829741,1812.7537185990313,31.705725133989528
0,34.872996542749554,162.42759820816264,915.1876922863862,25.420275918234022
1,34.34623207974774,344.84338712955275,2265.610506154319,25.656757959314564
0,34.30230788616419,136.24465624129638,860.7477194570035,30.260080739319815
3,31.959887838406665,515.8374949217052,663.2832612277854,17.192942326085653
3,33.68210753506045,519.7268434698912,610.3547610943805,25.32878159049187
0,34.0832968498978,121.0910848852568,926.2319483944375,18.91203800217278
3,32.5549413819946,616.2811741642694,714.4617023876259,28.819141656390443
2,26.323621282125917,149.24772551697671,712.1989469445633,5.008783576997918
1,37.09006101897821,333.48822092344835,2782.2889401291177,20.924148237435098
0,34.509237721224466,116.9298394039386,976.4937536172782,32.55057842803721
2,27.257374047303767,152.34517009229123,772.1460973647446,2.7304741593282493
