:020000022000DC
:1060000000000420BDE10200FDE10200FFE102000A
:1060100001E2020003E2020005E2020000000000CB
:1060200000000000000000000000000039E1020054
:1060300009E202000000000059E102000DE2020046
:1060400049E302000FE20200C5F1020055700200B0
:106050000D7102000FE202000FE202000FE20200E7
:106060000FE202000FE202000FE202000FE2020064
:106070000FE202000FE202000FE202000FE2020054
:106080000FE2020089DE02000FE202000FE20200CE
:106090000FE202000FE202000FE202000FE2020034
:1060A0000FE202000FE202000FE202000FE2020024
:1060B0000FE202000FE202000000000000000000FA
:1060C0000FE202000FE202000FE2020035E40200DC
:1060D0000FE202000FE202000FE20200697C020000
:1060E00011F202000FE202000FE2020000000000C5
:1060F000000000000FE2020000000000ADE402001A
:10610000000000000000000000000000000000008F
:10611000000000000000000000000000000000007F
:10612000000000000000000000000000000000006F
:10613000000000000000000000000000000000005F
:10614000000000000000000000000000000000004F
:10615000000000000000000000000000000000003F
:10616000000000000000000000000000000000002F
:10617000000000000000000000000000000000001F
:10618000000000000000000000000000000000000F
:1061900000000000000000000000000000000000FF
:1061A00000000000000000000000000000000000EF
:1061B00000000000000000000000000000000000DF
:1061C00000000000000000000000000000000000CF
:1061D00000000000000000000000000000000000BF
:1061E00000000000000000000000000000000000AF
:1061F000000000000000000000000000000000009F
:10620000F1EE103A43F08073E1EE103A704700BFB0
:1062100010B5054C237833B9044B13B10448AFF3E0
:1062200000800123237010BD2463002000000000C3
:10623000102F030008B5034B1BB103490348AFF30C
:10624000008008BD0000000028630020102F03001C
:10625000154B002B08BF134B9D46A3F5803A002138
:106260008B460F461348144A121A09F061FC0F4B73
:10627000002B00D098470E4B002B00D098470020F1
:10628000002104000D000D48002802D00C48AFF397
:10629000008009F0E9FB2000290007F0E7FF09F082
:1062A000CFFB00BF00000800000004200000000039
:1062B0000000000024630020848B00200000000008
:1062C00000000000F3EE097A77EEE00A9FED377ADE
:1062D000DFED377AA0EE870AB4EEE70AF1EE10FAA6
:1062E00033DA9FED347AB4EEC70AF1EE10FA29D909
:1062F000DFED317AB4EEE70AF1EE10FA31DCDFEDD2
:106300002F7AB4EEE70AF1EE10FA21DCDFED2C7AF9
:10631000B4EEE70AF1EE10FA2CDCDFED2A7AB4EEE7
:10632000E70AF1EE10FA2EDCDFED277AB4EEE70A89
:10633000F1EE10FA30DC30EE470ADFED247A20EE81
:10634000270A70479FED220A70479FED220A704787
:1063500070EE677A9FED207A9FED200AA7EE870AFC
:10636000704770EE677A9FED1E7A9FED1E0AA7EECA
:10637000870A704770EE677A9FED1B7A9FED1B0AC4
:10638000A7EE870A704770EE677AB5EE007AB3EE33
:10639000040AA7EE870A704770EE677AB4EE007AB7
:1063A000B2EE040AA7EE870A704700BFCDCC4C3F7F
:1063B0000040834500604C4500207D450000754548
:1063C00000206E4500206945002064453694D73C86
:1063D000000000000000C842D9891D3E00008C4228
:1063E0008988883D0000B442E8A28B3E000020422C
:1063F0001E4B5A690132032A5A612FD9D3ED017A13
:1064000093ED027ADFED1A6A77EEC77A37EEC00AAB
:10641000D3ED007AB4EEE60AF1EE10FA0EDD30EEBE
:10642000270A83ED000AD3ED037AF4EEC07AF1EE89
:1064300010FA94BF0120002018747047B6EE007A5D
:10644000E0EE077AF5EEC07AB0EE670AF1EE10FAE8
:10645000B8BFB0EE660A83ED000AE4E70022002030
:1064600083ED010A1A601874704700BF0C600020A9
:106470000000000008B501212DED028B1E2008F060
:1064800033FB00211E2008F0B3FB022005F0BAFD0B
:106490000C2008F0F5FA052008F0F8FA08EE100ACA
:1064A00001211E2008F0A4FBB8EEC88A9FED030A64
:1064B00028EE000ABDEC028B08BD00BF00A0C23F61
:1064C000224823492DE9F8438046224EDFF8989070
:1064D00005F094FB0124002702E001347F2C1CD03E
:1064E000E5B23046294600F047FD304600F0AEFDEB
:1064F0000028F2D115482246494605F0EFFB482C0A
:106500000ED0622D11D0762D14D04046013405F006
:10651000C5FB01377F2CFFB2E2D187B1BDE8F8831C
:106520000D49404605F038FBEFE70C49404605F0C1
:1065300033FBEAE70A49404605F02EFBE5E7BDE8F4
:10654000F8430849014805F059BB00BF006E002020
:106550006823030074690020D0230300F0230300A4
:10656000082403001C240300A02303002DE9F04F9E
:106570002DED028B91B0B6490A220DA805F06EFCF4
:106580000DA805F009FD0DA805F0F8FCB1490DA80E
:1065900005F0DEFC58B1B049AD4805F02FFB0DA861
:1065A00005F0ACFC11B0BDEC028BBDE8F08FAB493F
:1065B0000DA805F0CDFC044610B3A94901230B60DA
:1065C00042F2107301E0013B03D0D1F80021002A10
:1065D000F9D0A34B0022C3F80021D3F8080507EE39
:1065E000900AFAEECF7A01225A6017EE900A09F06B
:1065F00053F802460B4696489A4905F06FFBCEE7E2
:1066000099490DA805F0A4FC38B301211E2008F01B
:106610006BFA21461E2008F0EBFA022005F0F2FC8E
:106620000C2008F02DFA052008F030FA08EE100AC8
:1066300001211E2008F0DCFAB8EEC88ADFED8B7A63
:1066400068EE277A17EE900A09F026F802460B4604
:106650007F48874905F042FBA1E786490DA805F070
:1066600077FC002857D07E4901230B6042F210735B
:1066700001E0013B03D0D1F80021002AF9D0784B8A
:106680000025C3F8005103F5A1620124D2ED008A70
:106690005C6021461E2008F027FA29461E2008F0DB
:1066A000A7FA022005F0AEFC0C2008F0E9F905205D
:1066B00008F0ECF908EE100A21461E2008F098FABE
:1066C000B8EEC88ADFED697AFAEECF8A28EE278A1B
:1066D000F0EE680AB0EE480AFFF7F4FD10EE100A7B
:1066E00008F0DAFF02460B4618EE900ACDE90A23BD
:1066F00008F0D2FF04460D4618EE100ACDE9024517
:1067000008F0CAFFDDE90A23CDE900015A495048E3
:1067100005F0E4FA43E759490DA805F019FC0446D1
:1067200018B3574C574D206808F0B6FF02460B4689
:106730006068CDE90A2308F0AFFF0646E0680F461F
:1067400008F0AAFF94F810C04F4CBCF1000F08BF2E
:106750002C46CDE90201CDE90067DDE90A234B496A
:1067600004943B4805F0BAFA19E749490DA805F029
:10677000EFFB002841D0474E474932883448DFF8C4
:106780003881464D464F05F0A9FA2FE093427FF637
:1067900006AFB8F800303F331B1B03F03F0303EB99
:1067A000430305EBC30955F8333099F81420D9F8A1
:1067B0000C000A93069208F06FFF82468B46D9F8C8
:1067C0000800CDE904AB08F067FF82468B46D9F894
:1067D0000400CDE902AB08F05FFF2246CDE90001DD
:1067E0000A9B1B483946013405F078FA3388042B9C
:1067F000A2B2CBD9052CCCD1D1E62A490DA805F0FF
:10680000A7FB78B1284A2949B2F90230D2E901043C
:10681000CDE90104009353780D4892F9002005F06A
:106820005DFABCE622490DA805F092FB10B1FFF716
:1068300047FEB4E61F490DA805F08AFB002800F0CA
:106840008580074A0123136042F2107338E000BFCD
:10685000006E00209024030098240300B824030055
:1068600000C00040C0240300F424030000A0C23F85
:10687000FC24030030250300342503008025030099
:106880000C6000208024030070240300882503008E
:10689000D025030040630020DC2503004463002072
:1068A0000C26030058260300006000205C2603002D
:1068B000A8260300B026030070690020013B03D026
:1068C000D2F800110029F9D0234B244E0022C3F83E
:1068D000002103F5A16292ED008A01225A60FFF7C0
:1068E000C9FDBAEECF8A10EE104AF0EE480AFFF763
:1068F000E9FC10EE105A05F079FB1949194B0246D4
:1069000093F9003008680A92089308F0C5FE8046A3
:1069100089462846CDE9068908F0BEFE80468946AC
:106920002046CDE9048908F0B7FE04460D4618EE6E
:10693000100ACDE9024508F0AFFECDE900010A9A40
:1069400033680949094805F0C9F928E60D9A08494C
:10695000064805F0C3F922E600C000406C6900203B
:106960000C60002000600020B8260300006E0020AC
:106970002827030070B50121232008F0B5F8012174
:10698000242008F0B1F80121222008F0ADF8002100
:10699000232008F02DF90021242008F029F90121F5
:1069A000222008F025F923484FF4E131054600F094
:1069B0000BFE05F01BFB40F6B736044604E005F07D
:1069C00015FB001BB04204D8284600F015FE002835
:1069D000F5D01949174805F011F91849154805F07F
:1069E0000DF91749134805F009F91649114805F042
:1069F00005F9154800F046FA1449134800F09EFACC
:106A0000FFF75EFD124BB3F9022012F14F0F0BDBC3
:106A100008221A700F49074805F0F0F8BDE87040E9
:106A20000D49044805F0EAB86332ACBF0C220E22CF
:106A30001A70EFE7006E002084270300C0270300D0
:106A4000F42703003428030074690020801A06002C
:106A50000060002070280300B42803002DE9F04FE7
:106A60002DED048BC3488FB000F090FC002801DDB1
:106A7000FFF77CFD05F0BAFABF4A136841F287318F
:106A8000C31A8B42054604D80FB0BDEC048BBDE899
:106A9000F08FBA4C1060236801210B44232023603F
:106AA00008F0A6F8B64901230B6042F2107301E02A
:106AB000013B03D0D1F80021002AF9D0B04BB14EF0
:106AC0004FF00008C3F8008103F5A162012792EDA1
:106AD000008A5F6039461E2008F006F841461E20F5
:106AE00008F086F8022005F08DFA0C2007F0C8FFA8
:106AF000052007F0CBFF08EE900A39461E2008F06B
:106B000077F8F8EEE88ADFEDA07ABAEECF8A68EE81
:106B1000A78AF0EE480AB0EE680AFFF7D3FBB0EEA2
:106B2000409AB0EE480AFFF763FCB6F9023013F161
:106B30004F0F804680F2F4806333ACBF4FF00C09F6
:106B40004FF00E0986F80090DFF878B28F4FBBF84F
:106B500000A0D7ED009A05F049FABBF800209FEDA0
:106B60008C6ADFF864C29FED8B5A8B499FED8B7A5C
:106B7000DFED8B7A02EB4203013202F03F0238EE86
:106B8000466AABF80020BCF8002001EBC30326EEF8
:106B9000056AF1EE0A6A3F2A78EE666A83ED018A99
:106BA000C3ED028A83ED039AC3ED049A83F814902F
:106BB00098BF01327B4B98BFACF80020BDEEC66A8F
:106BC000794A1A6138EE477A66EE856A16EE102A1F
:106BD00078EE677A27EE057AFDEEE66ADA80012222
:106BE00067EE857ABDEEC77A1A8016EE902AFDEE22
:106BF000E77A9A8017EE102A68EE055A5A8117EE46
:106C0000902AFDEEE55A0AEB4A0A9A81674A5A61D0
:106C100015EE902A41F83A0041F6650112B2D98189
:106C2000002119765A801A81B8F1000F00F088808F
:106C3000F2EE0E7AB4EEE79A8022F1EE10FA1A76AE
:106C400040F18C80B9224FF4F5519A761983D22203
:106C50005749DA76D9610A220021232083F82020BF
:106C600007F0C6FF0121242007F0C2FF3C2005F0F9
:106C7000C9F90021242007F0BBFF07EE905AB8EEB7
:106C8000677ADFED4C7A22680D9267EE277A4A4CDC
:106C900017EE900A08F000FD96F90030804689460C
:106CA00038680893CDE90A8908F0F6FC06460F46D5
:106CB00019EE100ACDE9066708F0EEFC06460F460D
:106CC00018EE900ACDE9046708F0E6FC06460F4688
:106CD00018EE100ACDE9026708F0DEFCCDE90001EC
:106CE00024480D9A35492B46054604F0F7FF3449F0
:106CF000284604F051FF04F1210614F8011F0F2962
:106D00004FF01002284610D905F05AF8B442F4D1D9
:106D100018480FB0BDEC048BBDE8F04F04F0BEBFC7
:106D20004FF0080986F800900EE7302104F062FF6A
:106D300021781022284605F043F8B442DDD1E7E778
:106D4000F2EE0E7AB4EEE79AF1EE10FA0CD5B92213
:106D50004FF4F1519A7619832D2279E7B9221E2139
:106D60009A765976D22273E7B9221E219A765976FD
:106D70002D226DE7006E0020686900206C690020FC
:106D800000C000400060002000A0C23F0C60002056
:106D9000666606400000C842446300206666E63F1F
:106DA0003333C3404469002054037404B810F21212
:106DB0001E16120E6F12833A436900201029030039
:106DC0008029030070690020406300200020704784
:106DD000704700BF203005F027B800BF38B5437FAB
:106DE0000BB9002038BD00F5947420460D4605F01F
:106DF0002BF80028F5D12046294604F0F5FF0120A4
:106E000038BD00BF203005F001B800BF203005F0CC
:106E100013B800BF2DE9F04F83B0019272B34C1E3E
:106E2000174F0546C1F1010604EB020800F5947AFC
:106E30002B681B68BB4206EB040B14F8019F17D1AB
:106E40006B7F50461BB9584603B0BDE8F08F04F085
:106E5000FBFF034649465046002BF4D104F0C4FF23
:106E60004445E5D1DDF804B0584603B0BDE8F08FE5
:106E70004946284698470028F2D1E4E79346E2E7DE
:106E8000DD6D020030B4837E1F2B4FF0010288BFFE
:106E900003F01F03C27603F5E0738CBF244A4FF062
:106EA000A04240F20C6142F82310437E02691F2B7E
:106EB00086BF03F01F031E494FF0A04103F5E073A6
:106EC00040F20C6441F823404FF0CC710623C2F825
:106ED0002415C2F80035837EC2F8083590F91830C1
:106EE000417EC2F80C15002B1ADB124C5A0903F034
:106EF0001F05603201212344A940602544F8221077
:106F000083F8005390F91830002B07DB094903F090
:106F10001F0001225B09824041F8232030BC7047EA
:106F2000054A03F00F031A4460231376EAE700BF13
:106F30000003005000E100E0FCEC00E0C37E9BB1E8
:106F40000B4A036991424FF00000C3F800050CD9C9
:106F5000084A914294BF4FF080614FF0C861062209
:106F6000C3F82415C3F8002570474FF0CC71F6E73D
:106F7000A086010090D0030010B5044680F83012BE
:106F800000F5947004F03EFF0123637710BD00BF4D
:106F9000F8B503690446002290F8300262770127B1
:106FA00004F59476C3F88805C3F8042130461F62BF
:106FB000C3F844650D4604F037FF2369C3F848055C
:106FC0009F6002E0D3F824211AB9D3F85021002A97
:106FD000F8D00022C3F85021304604F025FF236981
:106FE00020BB0022C3F8602115B9D3F8242112B3C5
:106FF00001225A61D3F80421002AFBD00022C3F8F1
:107000000421D3F8240160B10022C3F82421D3F86D
:10701000C404C3F8C404022803D004280CBF03200E
:107020000420F8BDD3F82421002ADAD1D3F8602156
:10703000002AF7D0D5E70122DA61D3F84821002AE7
:10704000FBD00022C3F84821DBE700BF0121FFF796
:107050009FBF00BF70B52B4C6369D3F86421002A31
:107060003DD1D3F86821FAB9D3F8042122B1227FA7
:107070000021C3F8041162B9D3F8242142B10022DF
:10708000C3F82421D3F8D024C3F8D02401225A61B4
:1070900070BDD4F83822D3F83C05C4F82001002A8A
:1070A000EAD090476369E7E70022C3F868211648F1
:1070B0004FF48073A38304F0A5FED4F8343203B1F7
:1070C000984763691048C3F844050023637704F0C8
:1070D000ABFE63690122C3F848055A63C4E7002286
:1070E00004F12006C3F8642101253046257704F019
:1070F00089FE63694FF48072C3F83465C3F838259C
:107100001D63AEE7746900209C6A002070B52B4CAB
:107110006369D3F86421002A3DD1D3F86821FAB914
:10712000D3F8042122B1227F0021C3F8041162B9EF
:10713000D3F8242142B10022C3F82421D3F8D0246B
:10714000C3F8D02401225A6170BDD4F83822D3F894
:107150003C05C4F82001002AEAD090476369E7E7BC
:107160000022C3F8682116484FF48073A38304F00B
:1071700049FED4F8343203B1984763691048C3F824
:1071800044050023637704F04FFE63690122C3F8CE
:1071900048055A63C4E7002204F12006C3F86421BD
:1071A00001253046257704F02DFE63694FF4807287
:1071B000C3F83465C3F838251D63AEE7B06B002013
:1071C000D86C00202DE9F8431A4DDFF878901A4C5E
:1071D0001A4F284600264FF47A7840F8209BC5E9DC
:1071E000016804F0F5FD05F5947004F0F1FD03234A
:1071F00020462B767B6B6B76114BBA6B40F8209B4D
:10720000C5E90433AA76C4E901686E7704F0E0FDAD
:1072100004F5947004F0DCFDD7E9181204204FF057
:107220004023C4E90433667720766176A276BDE810
:10723000F88300BF74690020B06B00202C2B030082
:10724000003000409829030030B4094A094B546FBC
:10725000D068916F1C7300220124074D1C71987334
:107260005973DA731A821D609A6030BC704700BF90
:107270002C2B0300EC6D002000F002400146014879
:1072800000F056BA206E002038B500F097F940B1F2
:10729000002405462046013400F0C8FDE0B28542D6
:1072A000F9D838BD70B592B01D460C46164601A8F7
:1072B0004222002108F03CFC412D5CD9631C0222D3
:1072C000DBB28DF806408DF80E408DF8264040F672
:1072D000083540F202248DF81E308DF827308DF8E5
:1072E0003130ADF804508DF807208DF812208DF85C
:1072F00033208DF83B20ADF80840204A069240F23A
:10730000012505232424ADF810508DF815308DF893
:10731000164004231A4C8DF81F30012540F22462D8
:107320008DF81C508DF830300894ADF82420154DA0
:107330000A9508234FF411640A228DF82C30ADF819
:107340002E4040238DF834200F4C8DF83C3001A99D
:10735000304640F2075540F209464222ADF80C6033
:10736000ADF838508DF84330CDF83F4008F0B8FB09
:10737000422012B070BD002012B070BD2001052463
:10738000240202050705800307058002007EFF280E
:107390000AD010B500F0F8FC044608B1204610BD34
:1073A00007F0D6F9204610BD00207047007EFF2868
:1073B0000ED000B583B00DF1070100F02DFD20B116
:1073C0009DF8070003B05DF804FB4FF0FF30F9E7CC
:1073D0004FF0FF30704700BF007EFF280FD000B590
:1073E00083B001220DF1070100F0DAFC20B19DF815
:1073F000070003B05DF804FB4FF0FF30F9E74FF0F2
:10740000FF307047007EFF2801D000F00FBD7047AD
:10741000007EFF2801D000F069BD0020704700BF4A
:10742000F8B50646007EFF281CD017465AB10D4617
:10743000144600F083FC2946224680B1307E00F0DD
:1074400039FD241A01D13846F8BD054407F080F90A
:10745000307E00F073FC294622460028EED13F1B07
:107460003846F1E70020F8BD70B50368184A5B683C
:1074700082B093428DF8071021D10546007EFF2887
:1074800023D000F05BFC0DF10706012431462246B3
:1074900088B1287E00F00EFD241A02D1012002B02E
:1074A00070BD064407F054F9287E00F047FC3146D1
:1074B00022460028EDD1C4F1010002B070BD0122C6
:1074C0000DF10701984702B070BD002002B070BDF9
:1074D0002174020070B592B01D460C46164601A8F4
:1074E0004222002108F024FB412D5CD9631C0222BA
:1074F000DBB28DF806408DF80E408DF8264040F640
:10750000083540F202248DF81E308DF827308DF8B2
:107510003130ADF804508DF807208DF812208DF829
:1075200033208DF83B20ADF80840204A069240F207
:10753000012505232424ADF810508DF815308DF861
:10754000164004231A4C8DF81F30012540F22462A6
:107550008DF81C508DF830300894ADF82420154D6E
:107560000A9508234FF411640A228DF82C30ADF8E7
:107570002E4040238DF834200F4C8DF83C3001A96B
:10758000304640F2075540F209464222ADF80C6001
:10759000ADF838508DF84330CDF83F4008F0A0FAF0
:1075A000422012B070BD002012B070BD2001052431
:1075B000240202050705800307058002014B1878A5
:1075C000704700BF1C6E0020037EFF2B02D1074BCB
:1075D0001A7802B17047064902764161012200F132
:1075E000100104481A7000F043B800BF1C6E002060
:1075F000B4290300206E0020007EFF280ED000B5C5
:1076000083B000F09BFB10B103B05DF804FB019068
:1076100007F09EF8019803B05DF804FB0020704766
:1076200001B900B1704700B583B0694600F09CFB1A
:10763000009BB3F5966F02D003B05DF804FB00F039
:1076400029FBF9E730B4084B084AFF2002F108058E
:107650004FF47A740021303218761D609C601A61F4
:1076600030BC596059617047006E0020C429030086
:10767000F8B50546B0F818016C69B5F81A310A6812
:107680000E4604441B1A176895F81C119BB222463B
:107690003046B84750B3221894423CD2766806E090
:1076A000052B25D023780BB31C44A24233D9637831
:1076B000042BF5D1E378002BF4D195F81C1101319E
:1076C00085F81C11002EEDD095F840110729E9D856
:1076D00001F1480745F82760217295F84011013102
:1076E00085F840111E462378002BDDD10020F8BD1F
:1076F00094F90230002B08DB95F81E31591C85F8EF
:107700001E11A1780B43A370CCE795F81D31591CCD
:1077100085F81D11F5E7B5F818216B69104480B2A2
:10772000A5F81801588095F81C211A710120F8BDA0
:107730002DE9F043284DDFF8B090AC46044688466A
:10774000BCE80F0089B003AF0FC703AE0FCE05F141
:10775000140E25460FC59EE80700DCF800303B807C
:107760006B4636682E8003C36B4603CB1B4EA0616D
:1077700004F118034FF4807C0125E16184F8202096
:10778000636140F2EF2200231548C4F8189140F2DB
:1077900009470421A4F81CC1C4F8280184F8401149
:1077A000A280C4F82C31C4F83031C4F83431C4F8A4
:1077B0003831C4F83C314FF4E131C4E94876094826
:1077C00084F81E51A571FFF7FFFE404600F050FA05
:1077D000284609B0BDE8F0832C2A0300F8290300ED
:1077E000042A0300006E0020090000012DE9F04F7B
:1077F00004468BB0002900F09180032900F09C80A2
:1078000090F840318B4240F2CB80483100F5A275B0
:1078100050F821603278002A00F0E78000231946F2
:10782000374603E00131725C7718CAB102F14000BB
:10783000C0B20128F6D9F42AF4D8100618D40120D1
:10784000A2F55847B7F5006FECD30144202B00F0A8
:10785000C98025F81320725C01337718002AE5D11E
:10786000DBB201335B0043F4407304F5A17C5DE0BF
:1078700002F0E000C02800F0A18002F0F000E02853
:1078800000F0918002F0F800F028CBD102F007025E
:107890004FF0040E787800F0C00CBCF1800FC1D11D
:1078A00097F802C00CF0C00800F03F00B8F1800F5C
:1078B00040EA8212B6D10CF03F0CBEF1030F4CEA45
:1078C000821275D0F87800F0C007802FAAD100F09E
:1078D0003F0040EA8212A2F58030B0F5801F38BF29
:1078E0004FF0040E9ED2A2F55840B0F5006F99D328
:1078F000B2F5803F7144A9D31E2BB1DCA2F58032D2
:107900005800970A2844C2F30902A7F52057A2F5A8
:10791000105225F813704280023384E7D0F82031EA
:10792000A0F8443100F5A17C4FF44173A4F8423132
:1079300060460BB0BDE8F08F02A800F0ADF904F589
:10794000A17C019020B300F1FF3B5FFA8BF3284F3D
:1079500004F1040B0DF1080A0BEB830BA64606AEEF
:1079600097E80F001AF8018B86E80F0008F00F095E
:107970000AADA94405EB181819F8109C18F8103C2A
:10798000AEF84691AEF844310EF1040EDE45E7D173
:10799000019B5B00DBB201335B0043F44073C5E73E
:1079A0004FF0000CC4E702F00F024FF0030E71E736
:1079B000A2F50060B0F5784F95D333E7787800F002
:1079C000C007802F02F01F027FF42CAF00F03F00B1
:1079D00040EA8212A2F18000B0F5F06FBFF422AF4E
:1079E00002202DE740F242333FE740F202333CE70A
:1079F000182A030000487047206E0020014B586988
:107A0000704700BF206E00200A4601460148FFF77C
:107A1000EDBE00BF206E0020024B186800B1006967
:107A2000704700BFA46F002030B40848BDF808506C
:107A3000046844B1646934B10846A44611461A4644
:107A40002B4630BC6047002030BC7047A46F00203C
:107A500030B40848BDF80850046844B1A46934B192
:107A60000846A44611461A462B4630BC604730BC37
:107A7000704700BFA46F0020024B186808B190F84F
:107A800050007047A86F00202DE9F047244C25686E
:107A9000002D42D01F4600EBC00305EB83030446D4
:107AA000D3F818A089469046C600BAF1000F30D02E
:107AB000504608F083FD0828024628BF08223444B7
:107AC00005EB8405D5E90764DFF85CC0154B002E93
:107AD00008BF664651464846002C08BF1C4607F0C2
:107AE000FFFF304608F06AFD10280246314628BFE5
:107AF0001022404607F0F4FF204608F05FFD0428FE
:107B000002462146384628BF0422BDE8F04707F068
:107B1000E7BFDFF818A00822D1E7BDE8F08700BF73
:107B2000A86F0020682A0300582A03004C2A03008B
:107B3000F8B50B4F3B688BB100EBC00503EB850537
:107B400004466A69C6001AB190473B6885F82A0066
:107B5000344403EB840393F82A00F8BD1846F8BDBB
:107B6000A86F0020074B1B685BB100EBC00003EB64
:107B7000800010B4038D446A0C605DF8044B1380E0
:107B800070477047A86F00200A781E2A01D1002094
:107B9000704710B520221C460521002300F078FF15
:107BA000204610BD30B4094C029A256855B10446F0
:107BB00004EBC40405EB840408461946A3680BB122
:107BC00030BC18474FF0FF3030BC7047A86F002022
:107BD00030B4094C029A256855B1044604EBC4043C
:107BE00005EB840408461946E3680BB130BC18471E
:107BF0004FF0FF3030BC7047A86F0020054B1B686A
:107C000033B100EBC00003EB8000036903B11847F8
:107C1000704700BFA86F002000B5104B402283B012
:107C200083F8272303F030FF4FF080430024D3F87C
:107C300038548DF80040684606F046FB084B019327
:107C400001A806F06DFB06F077FBEB0702D401F00C
:107C500009FFFCE7204603F053FDF8E700E100E0F0
:107C6000657C020003F04CBD002003F029BA00BF80
:107C700000B5002383B00322CDE900230349044863
:107C8000C82205F0A9F903B05DF804FB6C2A0300D3
:107C9000197C020006F046BE4FF08052536E1BBAAC
:107CA0000360136E1BBA436008207047004870479A
:107CB000742A030070B51F4D2B68B3B199B91478BD
:107CC000C4F34114012C0BD0022C07D15478012CA1
:107CD0000DD0022C07D19388072B21D0084670BD08
:107CE000517822290CD0012070BD184670BDDC6986
:107CF000F4B1237811462246BDE8704002F070BE10
:107D00005188003918BF01211976114602F04EFE44
:107D10002A68136A002BE6D0107E9847204670BD73
:107D2000054C114623892246BDE8704002F058BE3A
:107D3000204670BDAC6F00202460002010B50446C2
:107D400001F0ECFD08B9002010BD01F0EFFD0028A6
:107D5000F9D104484FF45A7303FB0400007900F092
:107D6000010010BDB06F0020064B4FF45A7202FBA9
:107D7000003050F8063F0B60838882798A718B80CF
:107D8000704700BFB06F002008B5044B4FF45A7223
:107D900002FB0030103001F025FC08BDB06F002060
:107DA0002DE9F0414FF45A7505FB00F5194F05F127
:107DB00010043C4492B2204601F040FC06462046A6
:107DC00001F02AFC3F2802D83046BDE8F08107EBDD
:107DD0000508002098F8031002F01EFD0028F3D0DB
:107DE000204601F019FC3F280BD905F53A7298F8A6
:107DF00003103A444023002002F072FD3046BDE8F3
:107E0000F08198F80310002002F03EFD3046BDE8F6
:107E1000F08100BFB06F0020034B4FF45A7202FB99
:107E20000030103001F07CBCB06F00202DE9F04133
:107E3000044601F073FD10B90020BDE8F08101F0A7
:107E400075FD06460028F7D14FF45A71DFF86080BF
:107E500001FB04F404F12C054544284601F0C2FB63
:107E60000028E9D008EB04073046B97802F0D4FCCA
:107E70000028E1D004F54A744444284621464022B3
:107E800001F0DCFB054660B1B978224630462B464E
:107E900002F026FD40B9054B1B68DB07CCD500BEC0
:107EA000CBE7B97802F0F0FC2846C6E7F0ED00E039
:107EB000B06F002038B50C4B4FF45A7404FB0034FB
:107EC0002C3492B20546204601F06AFC0346204657
:107ED0001C4601F087FB3F2801D8204638BD2846C4
:107EE000FFF7A4FF204638BDB06F002008B5044B53
:107EF0004FF45A7202FB00302C3001F08DFB08BDAC
:107F0000B06F0020F0B51C4C83B000214FF45A72C2
:107F1000204601250E4607F00BFEFF234FF4424298
:107F200004F148016371E2802B460827009604F1B2
:107F300010004FF4807227732581668101F016FBD3
:107F40002B464FF4807204F5A471009504F12C00C7
:107F500001F00CFB04F51271284604F0E3FA04F575
:107F6000267103462846C4E9096304F0DBFAC4E934
:107F7000100603B0F0BD00BFB06F002010B5094B74
:107F8000002203F12C0403F110001A601A7101F0B1
:107F90007DFC204601F07AFC20460121BDE810401E
:107FA00001F09CBCB06F00202DE9F0414B79022B11
:107FB00082B002D18B79022B04D00025284602B072
:107FC000BDE8F081314FBB782BB1314B1B68DB072B
:107FD000F3D500BEF1E78B783B700C780C44064675
:107FE000617824294FF009050BD1082A02D80FE047
:107FF000AA420DD323781C442B44617824299DB2D6
:10800000F6D005291BD0042902D163790A2B28D088
:10801000204801F001FB3F28D0D9F978002002F078
:10802000FBFB0028CAD01B4801F0F6FA3F28F9787C
:1080300013D9194A4023002002F052FCBEE7214622
:10804000304602F0C9FB0028BFD0A3787B702378AC
:108050001C442B4461789DB2D5E7002002F014FC4B
:10806000ACE70E4A94F8008001920223013200929C
:10807000304604EB08011A4602F03AFB0028A4D06F
:1080800005F10E0318FA83F39DB2C1E7B06F00202B
:10809000F0ED00E0C06F002098720020B26F002069
:1080A00038B5137803F06003202B0CD1264C93884D
:1080B00025789D4207D15378203B032B03D8DFE876
:1080C00003F009151E04002038BD71B3022931D018
:1080D000012038BD61B10229FAD11C4B002BF7D029
:1080E0001B490020AFF30080012038BD0029EFD1EB
:1080F00011460723164A02F073FC012038BDA1B1D6
:108100000229E5D15588257105F00104114884F054
:10811000010101F0E3FB104B002BD9D0C5F3400265
:1081200021460020FFF77CFAD2E7114602F03EFC20
:10813000012038BD094B002BCAD051880020AFF375
:108140000080012038BD00BFB06F0020000000009B
:10815000B66F0020DC6F00202176020000000000D6
:108160002DE9F047574DEA788A420C4607461E46ED
:108170005CD19AB205F53A7105F1100001F010FBDF
:10818000514BD3B16B79FF2B17D0B6B105F2E7286D
:1081900008EB060AA8F2D72902E0D0450DD06B798A
:1081A00018F8012F9A42F8D1484601F02BFA00281E
:1081B000F3D16979AFF30080EFE7444B23B1444832
:1081C00001F020FA002870D0414801F025FA3F283C
:1081D00005D9E978002002F01FFB002858D1AB78C0
:1081E0009C4203D001242046BDE8F087394B13B1EF
:1081F0000020AFF3008001F091FB20BB364801F076
:10820000F1F90028EED1002EECD016F03F06E9D1AE
:10821000A978384602F000FB04460028E2D0A9788D
:1082200038463346324602F05BFBDCE7AB788B42E4
:10823000DCD02A4B1C6814F00104D4D000BE00240A
:108240002046BDE8F08701F071FB04460028D5D137
:10825000214801F0C7F90028D0D0A978204602F0C3
:10826000DBFA0028CAD01E494022A1F53F7001F078
:10827000E5F9034608B31A4AA978204602F030FB14
:108280000028AFD1154B1B68DB07B7D500BEB5E79B
:108290000F4801F0C1F93F280AD94023114AE97873
:1082A000002002F01DFBAB789AE7AFF300808BE76C
:1082B000E978002002F0E8FA91E7A97802F0E4FA00
:1082C0009CE700BFB06F002000000000000000002D
:1082D000C06F002000000000DC6F0020F0ED00E027
:1082E000D87200209872002002488C22002107F0EA
:1082F0001FBC00BF1873002002488C22002107F029
:1083000017BC00BF187300202DE9F0414B79032BF7
:1083100082B011D10F79C7EBC7051235ADB29542C6
:108320000C4604D8DFF89C8098F8011049B1234B23
:108330001B68DA0700D500BE0025284602B0BDE85C
:10834000F08194F800C004EB0C0292F801E0BEF159
:10835000210FECD1C8F8882014F80C1008F1010E98
:1083600008F1020C1144CDE900CE3A46064602F06F
:10837000BFF90028DBD0A37998F80210012B04BFC5
:10838000E37988F803300122D8F8883088F804208F
:10839000A278B3F8073088F80020A8F80630002942
:1083A000CBD0074A3046402302F09AFA0028C4D1C5
:1083B000024B1B68DB07C0D500BEBEE7F0ED00E056
:1083C0006073002018730020F0B51446127802F094
:1083D0001F05012D83B00FD10B467149A78891F875
:1083E00000C0FFB2BC4507D112F06002064606D1BC
:1083F00083BB6278062A30D0002003B0F0BD202A6B
:10840000FAD16278013A0A2AF6D801A050F822F08F
:10841000E5840200D1840200BD840200F9830200D9
:10842000F9830200F9830200F9830200F983020054
:10843000A58402007F8402003D84020063B3022B06
:1084400008D16388574ADBB20B711AB11946002074
:10845000AFF30080012003B0F0BD6288120A212A28
:1084600065D0222AC8D11846FFF7D6FA4C490246F1
:10847000CB883046214602F0B3FA2846BDE7002BF0
:10848000E8D162884848120A4A7128B11146184654
:10849000AFF300800028AFD02146304602F086FAC4
:1084A0000120AAE7002B4ED1E388402BA4D83F4AF5
:1084B0002146304602F094FA01209EE7002BC9D1F4
:1084C0003B4A21463046012302F08AFA012094E714
:1084D000002BBFD1374A21463046012302F080FAF3
:1084E00001208AE7002BB5D1E5886088402D4FEA4E
:1084F00010222F4628BF402710F0FF003ED0012D4C
:1085000046D9013F08722C49BFB201250B4600979E
:1085100001460020FFF788FA2B189BB28BBB274A35
:108520001268D2077FF568AF00BE184665E7D1F83C
:108530008820002A3FF460AF1378214603B0BDE8DD
:10854000F04002F04DBA022B84D1E5886388402DBB
:108550002C4628BF402413F0FF004FEA132205D019
:10856000012D03D991F84830834214D00F4B009469
:1085700001460020FFF76CFA01203EE710491D4636
:10858000C4E70F4A2146304602F02AFA012034E7B8
:108590000B491D46BAE7013C0A4BA4B2E7E700BF0E
:1085A000187300200000000000000000607300202D
:1085B0001C7300201D73002021730020F0ED00E0EB
:1085C000207300206173002030B51C4CA2788A42D1
:1085D00083B00CD16178914217D1194A22B119495F
:1085E000DAB20020AFF30080012003B030BD627822
:1085F0008A42F2D0144B1B68DB0703D500BE002073
:1086000003B030BD002003B030BD00229BB2114644
:1086100005460093104604F14803FFF719FAA178C4
:108620002846402304F1480202F05AF90028DBD121
:10863000054B1B68DA07E5D500BED6E718730020A6
:108640000000000020730020F0ED00E070B500F1A4
:108650002C050446284600F0C5FF08B9002070BD6F
:108660006178002002F0D8F80028F7D004F50A76E7
:1086700028463146402200F0E1FF054660B103463E
:1086800061783246002002F02BF940B9054B1B6897
:10869000DB07E3D500BE70BD617802F0F5F828462F
:1086A00070BD00BFF0ED00E030B5164C83B0002186
:1086B0000D464FF41A72204607F03AFA04F14801C9
:1086C00004F1100000950123802200F04FFF80226A
:1086D00004F1C8010123009504F12C0000F046FFCD
:1086E00004F5A471012003F01DFF04F5CC710346CD
:1086F0000120C4E9095303F015FFC4E9100503B0D4
:1087000030BD00BFEC88002010B5084C002304F1F8
:108710001000C4E90033C4E9023301F0B7F804F1F2
:108720002C00BDE8104001F0B1B800BFEC8800207B
:108730002DE9F0434B79012B83B002D18B79012BCA
:1087400004D00025284603B0BDE8F083CB79002B88
:10875000F7D10B78CC1806466578242D99B20BD149
:10876000914202D9EDE78A42EBD323781C440B44B3
:108770006578242D99B2F6D0042DE2D16379012BCE
:10878000DFD1A379032BDCD1E579002DD9D1DFF836
:10879000CC8098F8010098F8023050EA030905D01F
:1087A0002B4B1B68DB07CCD500BECBE7A37888F842
:1087B000003027782079CB199DB2274430B922E0C8
:1087C0003B7881451D44ADB21F441CD2AA421AD346
:1087D0007B78052BF4D139463046019201F0FCFF3D
:1087E000019A68B3BB782079D90914BF88F80130A1
:1087F00088F80230397809F101030D445FFA83F9F2
:10880000ADB20F44DCE7134800F006FF3F2899D9CA
:1088100098F80210002001F0FFFF002892D00D48C8
:1088200000F0FAFE3F2898F8021005D90A4A4023C2
:10883000002002F055F885E7002002F025F881E7D6
:10884000034B1B68DA077FF57CAF00BE054679E76E
:10885000F0ED00E0FC880020D48A0020EC880020A5
:1088600000207047F8B52D4DAA788A421E4619D1CE
:108870009AB205F5F47105F1100000F091FF284B54
:1088800013B10020AFF30080264800F0C5FE3F285A
:1088900005D9A978002001F0BFFF044668BB012478
:1088A0002046F8BD6B788B4208D01F4B1C6814F033
:1088B0000104F5D000BE00242046F8BD0746284636
:1088C000FFF7C4FE0028EAD105F12C0000F08AFE73
:1088D0000028E4D1002EE2D016F03F06DFD16978FF
:1088E000384601F099FF04460028D8D06978384608
:1088F0003346324601F0F4FFD2E70A4800F08CFE1E
:108900003F28A97805D9094A4023002001F0E8FF53
:10891000C6E7002001F0B8FFC2E700BFEC880020E6
:1089200000000000FC880020F0ED00E0D48A002068
:1089300070B52E4CE28AA36852BA92B282B0054654
:1089400012B1B3FBF2F292B2A06BD4F81110B0FBEB
:10895000F2F61B1AB3F5007F28BF4FF4007309BA73
:10896000009302FB1602224B607B3144FFF71AF999
:10897000031E13DB09D094F82E101D4A9BB2284623
:1089800001F0AEFF58B302B070BD94F82E10009302
:1089900028461A4601F078FE02B070BDA268A36BAB
:1089A00043F203300021D31AA08784F83E1001203F
:1089B0000221A36284F82C0084F83010002AE2D04F
:1089C000002BE0D0237BDB0914BF94F82E1094F821
:1089D0002F10284602B0BDE8704001F0BDBF054B26
:1089E0001B68DB07CFD500BECDE700BFA475002014
:1089F000A4730020F0ED00E038B5214B214C054672
:108A00001BB1607BAFF30080B0B1A06BA36894F89A
:108A10002F101D4A1B1AB3F5007F28BF4FF40073B7
:108A200028469BB201F05CFF00B138BD174B1B68B4
:108A3000DB07FAD500BE38BDA26BA16884F83E0002
:108A40008B1A42F207720120A2870222A36284F8E5
:108A50002C0084F830200029E7D0002BE5D0237BC0
:108A6000DB0906D094F82E102846BDE8384001F006
:108A700073BF94F82F102846BDE8384001F06CBF52
:108A800000000000A4750020A4730020F0ED00E0B9
:108A9000044880F83C1080F83D2080F83E300120EA
:108AA000704700BFA475002002484022002107F053
:108AB0003FB800BFA475002002484022002107F003
:108AC00037B800BFA47500204B79082B01D00020D7
:108AD00070478B79062BFAD1CB79502BF7D1162A18
:108AE00006D81C4B1B68D907F1D500BE0020704783
:108AF00070B5194D8B7885F82D300B7882B005F163
:108B00002F0205F12E0619440223CDE900261A464C
:108B1000044601F0EDFD30B90E4A1268D2070FD5B8
:108B200000BE02B070BD204695F82F1000241F2310
:108B30002A4685F8304001F0D3FE20B11720F0E737
:108B4000002002B070BD034B1B68DB07F6D500BEEA
:108B50001720E6E7F0ED00E0A4750020002961D1C0
:108B600070B5137803F07F05022D84B0044620D041
:108B700003F06003202B02D0002004B070BD5378B6
:108B8000FE2B34D0FF2BF7D15388002BF4D1D6889D
:108B9000B3B2002BF0D13B4D11462046AE87C5E95C
:108BA0000D3385F8303085F83E3001F0FFFE0120AE
:108BB000E3E75578012DDBD15388002BDCD1314E12
:108BC000938896F83020042ADBB243D096F82E1012
:108BD000994229D096F82F509D4205D122B92946B5
:108BE00001F0ACFE00283AD0012004B070BD5388DB
:108BF000002BC1D1D0880128BED1234B8DF80F00A6
:108C00002BB10192FEF738FF019A0028B4D0451E1F
:108C10001146204601230DF10F028DF80F5001F08F
:108C2000DFFEE1E701207047022ADDD1B26BB368B5
:108C30009B1A0324B36206F120020D2386F830400C
:108C400001F04EFE0028CFD1104B1B68DB0793D5F7
:108C500000BE92E7194601F07FFE28468DE72946BF
:108C6000204601F095FE0028BED1002386F8303062
:108C700096F82F10034A20461F2301F031FE0028EA
:108C8000B2D1E1E7A4750020797A0200F0ED00E0AE
:108C9000F0B5A74C94F83050012D8FB01E46074612
:108CA0006FD0032D46D02DB1022D00F08980012018
:108CB0000FB0F0BD94F82F308B42F8D11F2E40F04A
:108CC0009E809C4B22689A4240F09980E37B9A4AAE
:108CD0006068A56284F82C50A5632262A568606272
:108CE0000122282B84F83020656300F0DA802A2BDB
:108CF00000F09F82002D00F02981227BD20940F0F4
:108D00002581B5F5007F40F2F78294F83C30A562EA
:108D10000120022284F82C0084F8302023B942F28A
:108D2000050284F83E30A287384601F015FE94F81B
:108D30003050B9E794F82E308B42B8D10D2EB6D111
:108D4000E37B282B00F06D822A2B00F062827B4BA4
:108D500023B1607B04F10F01AFF30080002084F8A1
:108D60003000734A94F82F101F23384601F0B8FDE5
:108D70000028DCD1724B1B68DA0700F190800020DC
:108D800096E7E37B282B12D02A2B59D0A36B227BAA
:108D90003344D209A36347D0626B9A420DD9684B22
:108DA0001B68DB07C3D500BE94F830507CE7D4E9DC
:108DB0000D2333449342A3636CD3022384F83030F1
:108DC00094F82E10384601F0E3FD00287FF46FAFD1
:108DD000A368A26B934202D9217BC9091ED19B1AB9
:108DE0000325A36294F82E10564A84F83050384672
:108DF0000D2301F075FD00287FF459AFBAE7042375
:108E000094F82E1084F83030384601F0A5FD38462D
:108E100094F82F1001F0A0FD002049E794F82E10DF
:108E2000384601F099FD42E7A38E474A607B04F182
:108E30000F01FEF7A9FE0028C0F2C981A36BABE7C2
:108E4000E08A40BA80B218B1A368B3FBF0F080B2F8
:108E5000D4F81110A26B3C4DB2FBF0F309BA00FB41
:108E600013221944607B00962B46FEF7B1FE0028C2
:108E7000C0F20A82864252D9002840F03382002391
:108E800094F82F1000933246384601F0FDFB94F819
:108E9000305009E7FFF74CFD94F8305004E700BE6E
:108EA00006E7E28A52BA92B29DB9002A85D094F8B8
:108EB0003C300222002184F82C2084F83020A1626A
:108EC000002B7FF47DAF42F2050284F83E30A2878A
:108ED00076E7207BC0090BD0002A00F0EE81954296
:108EE000C0F02282282B3846D4D0FFF785FD1EE73C
:108EF00094F83C20A562022384F82C3084F83030AA
:108F0000002A7FF411AF42F205020023A28784F801
:108F10003E30207BC00900283FF406AF9DE1D4E934
:108F20000D2333449342A363BFF447AF3846DCE7D5
:108F3000A47500205553424355534253000000008E
:108F4000F0ED00E0C4750020A4730020607B252BA9
:108F500027D8DFE813F03701260026000A01260093
:108F600026002600260026002600260026002600D1
:108F700026002600260026002600E90026002600FE
:108F800026002600260026002600CF00B500260079
:108F90002600260026002600260026007B0026004C
:108FA000520094F83C30002B3AD1B04AB049ABB2F1
:108FB000FEF7EAFD002833DB40F0C981A368002BEF
:108FC0003FF4FBAEA16B94F83C205B1A0120022118
:108FD000A36284F82C0084F8301022B942F2050113
:108FE00084F83E20A187002B3FF4EAAE237BDB0907
:108FF00040F0338194F82F1096E604AA05A9FEF7F5
:10900000B1FD059B23B1BDF81020002A40F09681E8
:1090100094F83C3023B940F2024284F83E30A287F3
:10902000A268A36B94F83C100120D31A84F82C009A
:109030000220A36284F8300021B942F2050084F8CE
:109040003E10A087002A3FF4BBAECCE705AD00235D
:109050000DF10E0204A96B600593AB60FEF782FD73
:10906000049A002AD4D0BDF80E30002BD0D012BA0A
:109070005BBA08200221ADF81E3006928DF8170069
:109080008DF81C1095E80700784BA56883E8070069
:109090000C20002D40F03981A36B94F83C205B42FA
:1090A0000121A362022384F82C1084F83030002AB6
:1090B0007FF486AE42F2050384F83E50A3877FE634
:1090C0006C4B002B3FF47AAFE17CC1F3400301F01D
:1090D00001020909AFF3008000287FF46FAF94F814
:1090E0003C30002B9CD140F202420023A28784F83E
:1090F0003E3095E7059B604A03F4000343F0030309
:109100000593002A00F01881AFF300809DF8163017
:10911000564AA56880F0010060F3C7138DF8163039
:10912000059B13600420B4E74FF020330022CDE903
:109130000A33524D069207A909AA08930793099387
:109140000D930C9305AE0DAB0595FEF79DFC0FCE70
:10915000DFF818C1A568ACE80F000FCEACE80F002F
:109160003368CCF80030242093E794F83C2094F83E
:109170003D0094F83E10DFF8F4C04FF0000E4FF0C1
:109180000003CDE905EECDE907EE62F303038DF8A8
:109190001630F0220A23ADF824E08DF820008DF877
:1091A00021108DF814208DF81B3005AE0FCEACE8E1
:1091B0000F003368A4F83CE084F83EE0ACF80030DF
:1091C000122066E7FEF7B4FC002888D0F6E6A26815
:1091D000A36B94F83C0084F82C50D11A0225A162AC
:1091E00084F8305020B942F2050584F83E00A58786
:1091F000002A3FF4D1AD00293FF4CEAD237BDB093B
:1092000000F0948094F82E10384601F0A5FBA36B73
:10921000C2E51B4B002B3FF4A1AD607BFEF7EEFCDB
:109220009CE5184B002B3FF499AD607BAFF30080B9
:1092300094E5E28A52BA92B2002D3FF436AE207B1A
:10924000C0093FF449AE94F83C30A562022284F88C
:109250002C2084F83020002B7BD094F82E10384638
:1092600001F07AFB94F830501EE500BFA473002093
:10927000B375002000000000000000000080020222
:10928000FD7B020000000000A36BA2683344D11AEA
:1092900043F20330A3630023A08784F83E3001200B
:1092A0000223A16284F82C0084F83030002A3FF4B5
:1092B00087AD00293FF484AD98E6012294F83C3054
:1092C00084F82C200222A56284F83020002B7FF441
:1092D00022AE42F2050284F83E30A287002D3FF410
:1092E0006FAD16E6A36B361A03442918324628469A
:1092F000A36306F003FCC2E5194AABB2384601F09D
:10930000EFFA00287FF413AD34E5A84228BF2846C1
:1093100083B26063124A94F82E10384601F0E0FAE6
:1093200000287FF404AD25E50222C7E794F82F104A
:10933000384601F011FB81E50120E7E60849A56800
:10934000013B1BBA12BAC1E900320820A1E6A568A8
:109350009FE642F2050284F83E30A287D9E500BFBD
:10936000A473002030B5154C83B000210D464FF496
:10937000EE72204606F0DCFB04F13C01201D009556
:109380000123402200F0F2F8402204F17C01012385
:10939000009504F1200000F0E9F804F1BC0101207F
:1093A00003F0C0F804F5867103460120C4E90653B2
:1093B00003F0B8F8C4E90D0503B030BDE475002032
:1093C00010B5064C2046002340F8043B00F05EFA3E
:1093D00004F12000BDE8104000F058BAE475002008
:1093E0004B79FF2B01D0002070472DE9F041324C22
:1093F0006678A378334382B003D0002002B0BDE882
:10940000F0810D788B782370804608790F460D44E3
:1094100008B36B78052B0AD0AB189D4202D306E047
:10942000AB4204D929780D4469780529F8D1234E37
:109430000196731C0246009329460223404601F020
:1094400057F90346A8B13B79A178C3EBC3031D4488
:1094500031B96178A1B9E81B80B202B0BDE8F081F2
:10946000402306F25B12404601F03AFA0346002818
:10947000EFD1134A1268D207BFD500BE1846BDE728
:10948000002001F05BFA06460028E4D10D49402295
:10949000A1F5BE7000F0D2F80028DCD00346617858
:1094A000084A304601F01CFA0028D4D1044B1B684E
:1094B000DB07D0D500BECEE7E4750020E5750020BF
:1094C000F0ED00E08077002038B5234CA2788A4286
:1094D0000AD063788B424FF0000004D101F02EFADD
:1094E000054600B3012038BD9AB204F5AE71201DC7
:1094F00000F056F9194B13B10020AFF30080A178AA
:10950000002001F01BFA05460028EBD1144800F0BA
:1095100083F83F28E6D9A178124A2846402301F073
:10952000DFF9012038BD402204F5CE7104F120009E
:1095300000F084F80028D5D003466178284604F569
:10954000CE7201F0CDF90028CCD1074B1B68DB07A8
:10955000C8D500BEC6E700BFE475002000000000CB
:10956000E875002040770020F0ED00E02DE9F041A3
:10957000B2F5004F9DF8188030D804464069154672
:109580000E461F4618B14FF0FF3103F00BFAA069E9
:1095900018B14FF0FF3103F005FA6A0092B260692A
:1095A0002660511E00235242E381A580E78084F8A3
:1095B0000880A1816281238218B11A46194602F0FF
:1095C00001FEA06938B100231A46194602F0FAFDDF
:1095D0000120BDE8F0810120BDE8F0810020BDE858
:1095E000F08100BFC189028A89B292B28B1A91427E
:1095F0009BB202D242899B1A9BB28088984228BFB4
:1096000018467047C289038A90B29BB2C01AB0FA5A
:1096100080F04009704700BFC189028A89B292B2C6
:109620008B1A914210B49BB2848802D240891B1AD3
:109630009BB2E01A80B25DF8044B70472DE9F04709
:10964000054680698846914618B14FF0FF3103F016
:10965000A9F9EB892C8A9BB2A4B21E1BA342B6B215
:1096600002D26A89B61AB6B2AF88B74209D2BB42F3
:1096700049D26A893A449B1A9AB22A822C8A3E4677
:10968000A4B2002E45D04E4528BF4E46A74203D86F
:10969000E41BA4B2A742FBD9A7EB0409B5F806A0C6
:1096A00029681FFA89F94E450AFB041125D919FBCF
:1096B0000AF91FFA89F94A46404606F011FAF21BE8
:1096C000224412FB0AF2296892B208EB090006F064
:1096D00007FA2A8A92B293199BB29A421BD96A89D5
:1096E00013449BB2A8692B8220B100231A46194665
:1096F00002F068FD3046BDE8F0870AFB06F24046FE
:1097000006F0EEF9E5E7A989DA1B92B29142B4D2EC
:10971000AFE72B8A9BB2AA899A42E3D2DFE700BF68
:1097200070B5044680690E4618B14FF0FF3103F062
:1097300039F9E289238A92B29BB2D01A9A4280B256
:1097400002D26189401A80B2A588854207D2AA4216
:109750001DD261892944521A91B221822846E0B172
:10976000AB4203D35B1B9BB29D42FBD9E2882168CD
:10977000304602FB031106F0B3F90125A06920B1C0
:1097800000231A46194602F01DFD284670BDA08927
:10979000511B89B28842E0D2DBE70546EEE700BF05
:1097A0002DE9F84F1546002A3FD004464069884607
:1097B00018B14FF0FF3103F0F5F8E789237A218AD9
:1097C000BFB289B2A3BB7A1A8F42A38892B252D396
:1097D0009A1A92B2954228BF1546A5EB0309B4F830
:1097E00006A01FFA89F99F423E4603D3F61AB6B285
:1097F0009E42FBD29B1B20689BB29D420AFB060047
:1098000027D80AFB05F2414606F06AF9EB199BB22C
:109810009F421AD8A2899A4217D36069E38120B186
:1098200000231A46194602F0CDFC2846BDE8F88F01
:10983000A3889D4223D3B4F806A0ED1A0AFB05883D
:109840000F461D464FF00009CDE7628913449BB2D5
:10985000E3E713FB0AF31FFA83FB5A4641464E44E3
:1098600006F03EF916FB0AF2206808EB0B0192B2F3
:1098700006F036F9CAE76189521A92B2A8E7A5EB59
:109880000309B4F806A01FFA89F9ACE710B504463D
:10989000406918B14FF0FF3103F084F8A06918B1A6
:1098A0004FF0FF3103F07EF8A38860695B009BB244
:1098B000591E5A420023E381A1816281238218B19B
:1098C0001A46194602F07EFCA06920B100231A4610
:1098D000194602F077FC012010BD00BF38B50446E0
:1098E00040690D4618B14FF0FF3103F05BF8A069F5
:1098F00018B14FF0FF3103F055F86069257220B1BF
:1099000000231A46194602F05DFCA06920B100232D
:109910001A46194602F056FC012038BD024B587811
:10992000003818BF0120704718780020024B1878C3
:10993000C0F38000704700BF18780020014B1878F2
:10994000704700BF4F7800202DE9F0433A4D2E7844
:1099500083B01EB1304603B0BDE8F08337223146F4
:109960000446364806F0E4F83549012002F0DAFDF5
:10997000344B186000283BD033490B464A6833F813
:10998000080B4988009602F0ABFB304B186078B3A7
:109990002F4F27B12F48AFF300802F4B18602D4E6B
:1099A000337877B32D4FDFF8B0804FF000094B4587
:1099B00037D8A9EB0303DBB2042B39D803EB4303FD
:1099C00007EBC3031B689847337809F101095FFA75
:1099D00089F91A1D4A45EADA204601F06FF9204656
:1099E00001F06EF9012630462E7003B0BDE8F08319
:1099F0001B4B1B68DB07ADD500BE304603B0BDE88E
:109A0000F083DFF8588001E0052F11D007EB470302
:109A1000013758F833309847337804339F42F3DDE9
:109A2000DAE7D8F8003009EB490203EBC203C9E7D3
:109A300000231B68FFDE00BF4F780020187800204D
:109A4000C877002050780020D8600020547800208B
:109A500000000000C4770020C0770020B02A030077
:109A6000F0ED00E02DE9F04F8BB002F01BF800287C
:109A700000F06F81BE4DDFF81893DFF818A3DFF810
:109A800018B328684FF0FF3207A902F02FFE002814
:109A900000F05F819DF81D30013B072B00F2F2843E
:109AA000DFE813F00001C900A300940088003F0024
:109AB0000E000800089B002BE3D009989847E0E7C8
:109AC0009DF82010AB4B01F07F0403EB440303EB44
:109AD000D11393F825006FF3000083F8250093F865
:109AE00025006FF3820083F82500002C00F03481FC
:109AF000A14ADB7C32B1A14A12789342C0F01C81AA
:109B00009B1ADBB2042B00F21F8103EB43030AEB29
:109B1000C3031C699DF82120099B9DF81C00A047E8
:109B2000AFE7DFF850829DF81C6098F8003043F0F2
:109B3000010388F8003098F825306FF3000388F8A7
:109B4000253098F825306FF3820388F8253098F88F
:109B500026306FF3000388F8263098F826306FF32C
:109B6000820388F82630002000F09EFF9DF8203008
:109B700003F06002602A0DD0402A00F0438103F018
:109B80001F03012B00F09B81022B00F06D81002B45
:109B900000F04781D9F80030DC0700D500BE9DF801
:109BA0001C00002101F032FA9DF81C00802101F018
:109BB0002DFA66E76F4B1B78DA077FF562AF704BC3
:109BC000002B3FF45EAFAFF300805AE7694B1A7881
:109BD000D1077FF556AF6B4A002A3FF452AF187891
:109BE000C0F3C000AFF300804BE7644C624F2278B3
:109BF000002F00F0F480002614E0B31ADBB2042B2F
:109C000000F2FD8003EB43030AEBC3035B691BB166
:109C10009DF81C00984722780136F6B2131DB34216
:109C2000FFF62FAFB242E8D9DBF8003006EB460171
:109C300003EBC103EAE7514C4F4F23789DF81C60BA
:109C4000002F00F0BA800027BB4267D8FB1ADBB2B6
:109C5000042B00F21F8403EB43030AEBC3035B688E
:109C60003046984723780137FFB21A1DBA42EBDA23
:109C7000372200213F4805F05BFF434B4FF0FF3296
:109C80001A605A609A60DA601A615A619A61DA6100
:109C90001A8400F0FFFE3D4B002B3FF4F2AEAFF311
:109CA0000080EEE6354C344F23789DF81C60002F81
:109CB0005AD000279F4238D3FB1ADBB2042B00F2A4
:109CC000E98303EB43030AEBC3035B683046984721
:109CD00023780137FFB21A1DBA42EBDA254C37223E
:109CE0000021204605F024FF4FF0FF33C4F8033075
:109CF000C4F80730C4F80B30C4F80F30C4F8133080
:109D0000C4F81730C4F81B30C4F81F30A4F823304F
:109D100000F0C0FE9DF82030A370B2E6DBF8003002
:109D200007EB470203EBC20399E7DBF8003007EBD0
:109D3000470203EBC203C8E7DBF8002003EB430351
:109D400012EBC3037FF4E5AE114B1B68D80700D5B7
:109D500000BE0BB0BDE8F08F099B9DF821209DF857
:109D60001C0000F0B3FE8CE6DFF8288019E000BF8D
:109D7000547800201878002000000000C4770020EC
:109D800000000000000000001B7800200000000020
:109D9000F0ED00E0B02A0300C0770020052F00F0AE
:109DA0007983D8F804303046984723780137043354
:109DB0009F4208F11808F1DD90E7DFF8508302E0D8
:109DC000052F00F06783D8F8043030469847237891
:109DD00001370433BB4208F11808F1DA48E7CB4EEB
:109DE00073691BB19DF81C00984722780137131D39
:109DF0009F4206F118063FF744AE052FF0D100232D
:109E00005B69FFDEC24800283FF4C9AE00F04CFE9B
:109E1000304608AA0021FDF74DFF00287FF431AE3F
:109E2000BDE6202A00F08480002A7FF4B3AE9DF8BE
:109E30002130092B3FF6AEAE01A252F823F000BF4D
:109E4000C79F0200C7A00200959B0200A7A00200C6
:109E5000959B020089A0020035A00200959B02009C
:109E60001DA00200EB9F02009DF8241001F07F036B
:109E7000082B3FF68FAE08EB430000EBD110A54C4A
:109E8000C07C5B00CF0934B1A34C2478A042C0F061
:109E90008E80001BC0B2042862D800EB40000AEBA1
:109EA000C004002A60D0E06800F0FEFDE3683046A0
:109EB00008AA0021984700287FF4E3AD6FE69DF8DB
:109EC00024300F2B3FF66BAE4344924ADB782AB125
:109ED000914A1278934261D39B1ADBB2042B3FF66E
:109EE0005EAE03EB43030AEBC304E06800F0DCFD65
:109EF000E36808AA00213046984700287FF4C1ADE6
:109F00009DF8203013F060047FF449AE9DF82130B5
:109F10000A3B012B3FF643AE00F0C6FD9DF8213011
:109F20000A2B00F07B8108A9304600F03FFDA8E530
:109F30009DF824300F2B3FF632AE4344754ADB7850
:109F400032B1754A12789342C0F04D819B1ADBB250
:109F5000042B3FF624AE03EB43030AEBC304A2E752
:109F6000002A7FF41CAE14469DF8212002F0FD006B
:109F7000012800F00A81002A7FF40CAE43443B44E0
:109F8000304693F825400DF11A02C4F34004022331
:109F900008A9ADF81A4000F023FD72E5DBF8004097
:109FA00003EB430314EBC3043FF4F9AD9DE7DBF887
:109FB000004000EB400004EBC004002AD4D0002C89
:109FC0007FF471AFEBE598F800309C0804F00204D0
:109FD000C3F340131C43304602230DF11A0208A9B3
:109FE000ADF81A4000F0FCFC4BE59DF822300293DE
:109FF0001A4698F801309A4208D098F80130002BA0
:10A0000040F09581029B002B40F01281029B88F862
:10A010000130304608A900F0C9FC32E598F801305B
:10A020008DF81A30304601230DF11A0208A900F00C
:10A03000D7FC26E5BDF82200030A5A1EC0B20E2A3C
:10A040003FF6ADAD01A151F822F000BF73A10200AF
:10A0500057A1020047A102009F9B02009F9B0200A4
:10A0600021A1020057A102009F9B02009F9B0200BA
:10A070009F9B02009F9B02009F9B02009F9B0200F0
:10A080009F9B0200E7A0020008A800F013FD9DF8C6
:10A090002210304600F01AFE98F8003043F0020318
:10A0A00088F80030EDE4BDF82230012B7FF477AD65
:10A0B00098F80030304643F0080308A988F80030CB
:10A0C00000F074FCDDE4BDF82230012B7FF467ADB5
:10A0D00098F8003030466FF3C30308A988F80030C1
:10A0E00000F064FCCDE40D4B002B3FF458ADFDF7C0
:10A0F000DDFD024600283FF44DAD5388304608A9E7
:10A1000000F06EFC00287FF4BCAC48E5B02A0300E8
:10A11000B57C020000000000C4770020AD7C020086
:10A12000B64B002B3FF43BADAFF300800246002856
:10A130003FF435AD1378304608A900F051FC0028F3
:10A140007FF49FAC2BE5BDF82410FDF75DFC0246C3
:10A150000028EFD123E5022B00F08A81A84B002BC9
:10A160003FF41DADAFF300800246002A3FF412AD6C
:10A17000C3E7FDF73FFC1223024608A9304600F072
:10A180002FFC00287FF47DAC09E5BDF8220000908B
:10A1900048B9012A43442FD03B4403F1200793F8E8
:10A1A00025309B0713D5002C3FF46BACE06800F022
:10A1B0007BFCE36808AA002130469847002000F0A5
:10A1C00073FC98F82630DF073FF55BACABE6304612
:10A1D00000F01CFF7B7943F002037B717B7943F035
:10A1E00001037B71DFE7DBF8004003EB430314EB73
:10A1F000C3043FF4D4AC56E61F4420377B799A075A
:10A20000D1D5304600F042FF7B79009A62F34103DA
:10A210007B717B7962F300037B71C4E708A9304648
:10A2200001230DF11A028DF81A4000F0D9FB28E441
:10A23000581EC0B2FDF7E2FB002871D04378022B14
:10A240006ED1C27998F80010C2F340131B01C2F31B
:10A25000801221F0300143EA42130B4388F80030AA
:10A2600043880396C31800F1090704933946049BF9
:10A270008B4240F2F5804B780B2B00F0DD80012201
:10A280000092042B4CD1049B5E4A5B1A9BB2019353
:10A290005D4B1B784AB3002637461DE0F31ADCB24B
:10A2A000042C00F2EC8004EB44040AEBC404019A91
:10A2B000A36803980591984708280599024603D991
:10A2C000019B834280F082804F4B1B780136F6B2AF
:10A2D0001A1DB242374623DBB342DFD9DBF8004018
:10A2E00006EB460304EBC304E1E7484B17461C4664
:10A2F000052FFEB200F0C380019AA3680398059170
:10A30000984708280599024602D9019890425DD2E3
:10A310003D4B1B7801370433BB4204F11804E7DAE4
:10A32000D9F80030D9077FF535AC00BE32E4364CA1
:10A33000344F304600F072FD98F8022023780092E6
:10A3400087B30027BB4226D8FB1ADBB2042B00F2EE
:10A35000A18003EB43030AEBC3035B6830469847D5
:10A3600023780137FFB21A1DBA42EBDA37222848A8
:10A37000002105F0DDFB274B009A88F802204FF002
:10A38000FF321A605A609A60DA601A615A619A6103
:10A39000DA611A8436E6DBF8003007EB470203EB9C
:10A3A000C203DAE7194B304626461C4601E0052F6A
:10A3B00070D0636801909847327801980137043271
:10A3C000BA4204F11804F2DA0646CFE7009B012BEB
:10A3D00038D0009B03B391F802C0002305E001339D
:10A3E000C6700098DCB2844216D20CEB030058FA17
:10A3F00080F0C478FF2CF2D092E700BF000000008C
:10A400000000000000000000C4770020B02A030014
:10A41000187800201B78002033462048CDE9001230
:10A4200001F076FB1E4B1B78DDE900120433BB42C2
:10A430001144BFF61CAF73E70B78CA780092194439
:10A440004B781EE7A3681748834206D0009C164845
:10A45000834208BF02240094BDE702230093BAE7B9
:10A46000124B039E002B3FF4D1ADAFF30080CDE53E
:10A47000FDF7C4FA0246002A3FF48CAB3DE6002308
:10A480009B68FFDED9F80030DB077FF5FAAA00BE33
:10A49000FFF7F7BA00235B68FFDE00BF2B780020D0
:10A4A000C4770020A97F020031870200000000006D
:10A4B00030B589B000248D1ECDE9024404948DF896
:10A4C00009108DF80800032D5CD8DFE805F0082C92
:10A4D00048023B4B1978C80761D409B030BD3849F0
:10A4E00038480B7800686FF300030B700C7800237A
:10A4F0006FF341040C704B700C7863F382040C70A2
:10A50000002A37D002A905AA02F042F8059B002BC9
:10A51000E3D02D4B4FF080525A6040BFBFF34F8FB6
:10A52000BFF36F8FD9E7264B19784907D5D519782E
:10A53000244C6FF38201197000230521CDE9053306
:10A5400007938DF814008DF815102068002A2FD17C
:10A55000134605A94FF0FF3201F034FEBDE7184B5A
:10A560001978CC07B9D51978164841F0040100686C
:10A5700019705AB9134602A94FF0FF3201F022FEBA
:10A5800009B030BD0F4B1868002AF3D0002302A990
:10A5900005AA01F0FDFF059B002B9ED0B9E71978B5
:10A5A00008486FF3820100681970002AEED1E1E7D4
:10A5B00005A901AA01F0ECFF019B002B8DD0A8E7B3
:10A5C000187800205478002000ED00E030B5144DDC
:10A5D00085B000240123CDE9014403948DF80400E3
:10A5E0008DF8081028688DF805303AB9134601A98E
:10A5F0004FF0FF3201F0E6FD05B030BD234601A962
:10A600006A4601F0C5FF009B002BF5D0054B4FF0CB
:10A6100080525A6040BFBFF34F8FBFF36F8FEBE79D
:10A620005478002000ED00E030B50B4685B00446BC
:10A6300049681868124D8DF8044002AC03C4002329
:10A6400006212868ADF806308DF805103AB9134692
:10A6500001A94FF0FF3201F0B5FD05B030BD6A46EB
:10A6600001A901F095FF009B002BF6D0054B4FF0A0
:10A6700080525A6040BFBFF34F8FBFF36F8FECE73C
:10A680005478002000ED00E030B585B0164D0392FF
:10A690009DF820402D680022CDE901228DF8081098
:10A6A00007218DF804008DF809308DF8051044B9A4
:10A6B000234601A928464FF0FF3201F083FD05B083
:10A6C00030BD134601A928466A4601F061FF009B90
:10A6D000002BF4D0054B4FF080525A6040BFBFF3BF
:10A6E0004F8FBFF36F8FEAE75478002000ED00E052
:10A6F0002DE9F84FDDE90A8A002A3CD0DFF8809086
:10A7000007460C461E4615464FF0000B17E099F819
:10A71000021001F0C9F9034621463846EBB100F0BA
:10A72000E7FAF8B1A378DA0914BF8AF8003088F89C
:10A73000003023780BF1010BAB451C441BD0637830
:10A74000052B20460ED1E17801F00301B14209D179
:10A75000A37803F07F03082BD9D9084B1B68DA07CD
:10A7600000D500BE054B1B68DB0702D40020BDE806
:10A77000F88F00BEFAE70120BDE8F88FF0ED00E0A9
:10A780001878002030B5124D85B000230824CDE99B
:10A790000201019328688DF805403AB9134601A9D2
:10A7A0004FF0FF3201F00EFD05B030BD6A4601A941
:10A7B00001F0EEFE009B002BF6D0064B4FF08052CE
:10A7C0005A6040BFBFF34F8FBFF36F8FECE700BFFE
:10A7D0005478002000ED00E038B58B7803F07F035B
:10A7E000082B06D90A4B1B68DB0700D500BE0020EA
:10A7F00038BD084B0C4605460846997801F054F9D7
:10A800000028EFD021462846BDE8384000F070BA55
:10A81000F0ED00E018780020F8B5194B01F07F0446
:10A8200003EB440303EBD11101F12004607910F034
:10A83000010519D163795A07C3F3800701D528466A
:10A84000F8BD104E4FF0FF31306802F0ABF8607980
:10A8500010F001050BD163795B0709D4637943F0EC
:10A8600004036371012503E000252846F8BD3D4639
:10A87000002330681A46194601F0A4FC2846F8BDAA
:10A88000187800205078002038B5134D0C46286801
:10A890004FF0FF3102F086F8104B04F07F0103EB1C
:10A8A000410303EBD41120314B7913F0010310D194
:10A8B0004A79C2F38004520703D54A7963F38202CE
:10A8C0004A71002328681A46194601F07BFC20468D
:10A8D00038BD0024F5E700BF50780020187800202C
:10A8E00070B5144D01F07F0605EB460505EBD1145C
:10A8F00020346579ED0706D50F4B1B68DA0700D5C4
:10A9000000BE002070BD657945F00105657100F05D
:10A91000D5FA0028F6D16379074A60F30003637122
:10A92000637960F3820363711368DB07E9D500BEC6
:10A9300070BD00BF18780020F0ED00E0054B01F07D
:10A940007F0203EB420303EBD11191F8250000F0E5
:10A95000010070471878002010B50C4B01F07F0201
:10A9600003EB420303EBD11494F825309B0700D589
:10A9700010BD203400F04AFB637943F00203637199
:10A98000637943F00103637110BD00BF18780020A4
:10A99000054B01F07F0203EB420303EBD11191F869
:10A9A0002500C0F340007047187800200B4630B4F3
:10A9B0000A4C496805461868224603C293F90020EC
:10A9C00000239A42C4E902332846A8BF802130BC44
:10A9D000B8BF19461A46FFF783BF00BF1879002099
:10A9E000F0B50C46284F496806462068BA603D46D7
:10A9F00003C50021F981E588AB4228BF2B4683B00F
:10AA0000BB81A5B11BB352B397F90000402B28BFFF
:10AA1000402300282ADB1D4A3046FFF761FF98B922
:10AA20001B4B1B68DB071ED500BE03B0F0BD94F9BD
:10AA30000030002BACBF8021002130462B462A4637
:10AA4000FFF74EFF0028EBD0012003B0F0BD97F9CF
:10AA50000020002AACBF194680211A46DCE70C4BC7
:10AA60001B68D9070CD4002003B0F0BD114607487D
:10AA700001931A4605F034F8044A019B8021CBE784
:10AA800000BE1046E1E700BF187900202C790020B5
:10AA9000F0ED00E0034B0022C3E90022C3E90222EB
:10AAA0001A61704718790020014B1861704700BF88
:10AAB000187900200346044A59680068134603C306
:10AAC0000023C2E90233704718790020F0B5414CE9
:10AAD0002578C909B1EBD51F83B01F46064616D0AD
:10AAE00033B13D4B1B68DA0757D4002003B0F0BDEB
:10AAF0003A4B13B12146AFF300802369002B2FD0CE
:10AB0000344A304602219847012003B0F0BD94F941
:10AB10000020002A06DBA0680028E6D030491A464B
:10AB200004F0DEFFE589A168E2883D44ADB2394416
:10AB3000AA42E581A16016D03F2F14D9A28994F9C9
:10AB40000000531B9BB2402B28BF402300282FDB63
:10AB500095423BD0224A00213046FFF7C1FEB0B1FA
:10AB6000012003B0F0BD236923B11A4A0121304608
:10AB70009847A0B194F9002000239A42ACBF8021ED
:10AB8000194630461A46FFF7ABFE0028E8D1124BB3
:10AB90001B68DB07A9D500BEA8E700BEA5E70146F4
:10ABA000304600F033FA3046802100F02FFAD7E724
:10ABB000954208D01A460A48019304F091FF084ACA
:10ABC000019B8021C8E780210022C5E700210A46B9
:10ABD000C2E700BF18790020F0ED00E0000000009F
:10ABE0002C79002042DF704743DF704744DF704715
:10ABF00012DF70472C4B5B68C3F3080313B9EFF304
:10AC000010839BB1294B93F8D820002A36D101221A
:10AC100083F8D8200260BFF36F8FBFF34F8F244AB1
:10AC2000904227D0043A904224D07047214A53687A
:10AC30001B06E7D5802110B4C2F88410BFF34F8FF4
:10AC4000BFF36F8F194B93F8D840E4B9012283F812
:10AC5000D8200260BFF36F8FBFF34F8F144A90422A
:10AC60001DD0043A90421AD0124B80225A605DF8EF
:10AC7000044B7047002283F8D82070470146012218
:10AC80000D48FFF77FBD5160C2F88410BFF34F8FAE
:10AC9000BFF36F8F93F8D840002CF4D1D6E7002291
:10ACA00083F8D820E0E700BF00ED00E06C790020D9
:10ACB0005070024000E100E0F5AB0200704700BFB9
:10ACC000014B80225A60704700E100E0074BD3F847
:10ACD0000014D3F8002400200A434FF48001C3F885
:10ACE0000024C3F85801C3F80413704700700240F1
:10ACF000F0B488788D88CC78444FC10900F07F0289
:10AD000002EB42034E00DB000E4403EB86033B44A0
:10AD100004F00304C5F30A05012C1D812FD0D9B11D
:10AD20003B49941C012303FA04F4C1F80443D1F80D
:10AD3000104503FA02F22243C1F81025344B40F4C7
:10AD40008072C3F81805C3F80C25BFF36F8FBFF3EB
:10AD50004F8F0120F0BC70472D4C02F10C050123F0
:10AD600003FA05F5C4F80453D4F81455934002F5DA
:10AD700094722B43C4F8143544F82210DEE7082AF5
:10AD800007D0244B186810F00100E3D000BE00206B
:10AD9000E0E7E9B9B7F8D4301BB11D4B8022C3F806
:10ADA0001C251B4A0023C2F85031D2F8003313F49B
:10ADB000001308BFC2F85431154B4FF44012C3F8CA
:10ADC0000423D3F8142542F48072C3F81425B5E7A0
:10ADD000B7F8C8200E4B0021C3F82C1112B1802205
:10ADE000C3F81C250A4AD2F8003313F4001308BF35
:10ADF000C2F85431064B084AC3F80423D3F810258F
:10AE000042F48072C3F8102598E700BF6C790020E7
:10AE100000700240F0ED00E000082000214B80228D
:10AE2000F0B4C3F88420BFF34F8FBFF36F8F1E4A77
:10AE30001E4E0D21012500231D4CA1F10A004FEAF1
:10AE4000810C05FA01F7644405FA00F0013138433A
:10AE50001429C6F808036360A362C2E90033C2E99B
:10AE60000233C2E9043302F11802E5D11149124A52
:10AE7000C6F80823C6F81C35C1F8C0307362C1F8A3
:10AE8000C430B364C1F8C830C6F81455C1F8CC302A
:10AE9000C6F81055C1E93433024B80225A60F0BC29
:10AEA000704700BF00E100E084790020007002409C
:10AEB000D06F02406C79002000083000F0B501F03E
:10AEC0007F00CF090D467C0000EB4001DFF838C160
:10AED000C9003C4401EB84040CEB040E1E46002325
:10AEE000AEF806304CF8042083B0AEF8046043009E
:10AEF00040B127BB0CEB01039A7A002A48D101200C
:10AF000003B0F0BDD6B93A4AD2F88024C2F3C012D9
:10AF1000974213D03748FFF76DFE374B5B68C3F39A
:10AF20000803003B18BF01230093304629463346EF
:10AF30003246FFF7A9FB012003B0F0BD17B303446D
:10AF40000CEBC30C00EB8003BCF81210BCF8102013
:10AF5000BCF81440DCF80C50521A9B0092B203F17A
:10AF6000804303F51C332549C3F80056A24228BF8D
:10AF7000224601EB8000C3F80426FFF73BFE0120C8
:10AF800003B0F0BD1E48FFF735FE012003B0F0BD51
:10AF900008289F720ED1164BD3F8C024D103AED42B
:10AFA000DCF8C010C3F8A0171648C3F8A427FFF7B1
:10AFB00021FEA4E75CF801500D4C9A8800F59471CD
:10AFC00000EB800654F82110DB88D31A9BB289B2BB
:10AFD00004EB86028B4204F1280428BF0B46C2F81A
:10AFE000005704EB8000C2F80437FFF703FE86E742
:10AFF000007002405070024000ED00E0047002401A
:10B000004C700240487002406C790020F8B511F095
:10B010007F0307D11A4B01225A65BFF36F8FBFF32D
:10B020004F8FF8BD082BF8D0154A41F48070C9093C
:10B03000C2F81805F1D1134D03EB430005EBC00432
:10B04000C000A67A002EE8D003F59476A17252F8DB
:10B050002660A188E4882F580B480C1BA1B2B5B21A
:10B0600003EB830C02EB8C02A94228BF2946C2F8ED
:10B07000007700EB8300C2F80417FFF7BBFDCCE7B5
:10B08000007002406C7900202870024011F0770FA8
:10B0900012D00A4B41F48072C3F80C15C3F80C258A
:10B0A000CA09C3F8181504BF01F5947143F82120AB
:10B0B000BFF36F8FBFF34F8F704700BF0070024028
:10B0C0002DE9F04F854B8648D3F80013002387B055
:10B0D0001F461D46012421FA03F2D6070BD550F86E
:10B0E000232042B104FA03F240F823501743BFF380
:10B0F0006F8FBFF34F8F0133192BECD1FC0700F199
:10B10000C781784E380508D5744BD3F8A83601228C
:10B110009BB2A6F8D23086F8D720B90214D56F4C6E
:10B12000D4F81435DA0500F10482D4F81035DB05C3
:10B1300040F1098296F8D730002B40F0348201228A
:10B1400003210020FFF7B4F979021FD5634BD3F830
:10B15000004404F4E062C3F80024E20500F1DE815B
:10B16000650510D55D4B0122C3F808259A65D3F813
:10B17000002312F4001208BFC3F85421574B4FF4B8
:10B180000012C3F80423A00500F1C28139022BD5B7
:10B19000524BD3F88024D2B28DF81020D3F8841407
:10B1A000C9B28DF81110D3F888048DF81200D3F8C5
:10B1B0008C048DF81300D3F890048DF81400D3F8A4
:10B1C00094048DF81500D3F898048DF81600D3F880
:10B1D0009C348DF81730520601D1052904D0012284
:10B1E00004A90020FFF720FA3F4B3B403BB196F803
:10B1F000D830002B00F08581002386F8D830DFF8A6
:10B20000E490DFF8D8A002974D460024C8460DE030
:10B21000B2F806C0A5F804C0D2880127009792B200
:10B22000FFF732FA082E3DD001341835029B04F1A5
:10B230000C0223FA02F204EB440C04EB840E08EB3C
:10B24000CC0C0023E6B212F0010F0AEB8E0E624620
:10B2500031461846E6D0DEF808E72F685FFA8EFE22
:10B2600007EB0E0BC5F800B0BCF806B01EFA8BFB5E
:10B270001FFA8BFB082CACF806B01FFA8EFEC7D065
:10B28000B5F808B0F345C3D1BCF806C0B5F804E082
:10B290001FFA8CFCE645BBD9002EC3D11348FFF73B
:10B2A000A9FCC1E7029F124B3B404646002B00F031
:10B2B000CA800A4BD3F86C84C3F86C84BFF36F8FD9
:10B2C000BFF34F8F17F4806740F0C080CDE902775D
:10B2D000024FDFF820A0002416E000BF00700240FB
:10B2E000007102406C790020FCFB1F004C70024092
:10B2F0000004000104700240002C00F0BC80072D07
:10B300003DD0013409F1180928FA04F304EB840C48
:10B3100004EB440213F0010F07EB8C0C06EBC202A6
:10B32000E5B24FEA8400E7D0DCF80816D9F80C3013
:10B33000C9B203EB010BC9F80CB0538A11FA83F3BD
:10B340009BB25382518AB9F810E089B271454FF02F
:10B350000003504445F0800180F08580538AB9F89D
:10B360001420CCF800B6AEEB03039BB2934228BF87
:10B370001346CCF80436FFF73DFC072DC1D118F475
:10B38000803F7DD1039B002B7AD118F4003F08D079
:10B39000F28BB38B92B2934200F2F280012386F8D3
:10B3A000223018F4802F08D0F38EB28E9BB29342D5
:10B3B000C0F00681012386F83A3018F4002F0AD035
:10B3C000B6F84E20B6F84C3092B29A42C0F00B81DB
:10B3D000012386F8523018F4801F0AD0B6F8662090
:10B3E000B6F8643092B29A42C0F01181012386F817
:10B3F0006A3018F4001F0AD0B6F87E30B6F87C2008
:10B400009BB29342C0F02181012386F8823018F468
:10B41000800F0AD0B6F89630B6F894209BB29342CB
:10B42000C0F02781012386F89A3018F4000F0AD063
:10B43000B6F8AE30B6F8AC209BB29342C0F02E8185
:10B44000012386F8B23007B0BDE8F08FD3F880242E
:10B45000D3F8803483F08003C3F3C0130393C2F3A3
:10B46000C013029334E7528A0120009092B218462A
:10B47000FFF70AF943E7029B002B3FF442AF53E783
:10B48000F388B2889BB29A4267D80123B3727CE7F3
:10B490008D4B8E4A8E4E8F4800240125C2F81455DC
:10B4A000C2F81055546094625C609C629C60DC62DF
:10B4B000DC601C631C615C635C619C639C61DC639D
:10B4C000DC611C6454629464C2F85841D2F80034C0
:10B4D000D2F800140B43C2F80034D2F80033C2F89B
:10B4E00008332146C2F804033046DC2204F020FB76
:10B4F00040232A4621462046B3823381FFF766F86F
:10B5000000E6754B1B68DB077FF579AE00BE76E67B
:10B51000012205210020FEF7CBFF37E60122C3F808
:10B520002C2504210020FEF7C3FF65057FF52BAE17
:10B5300018E6D4F8C034DD037DD5D4F81035D8052D
:10B540003FF5F8ADFBE54FF40013C4F808330122D2
:10B5500003210020FEF7ACFFF6E55C493468D1F822
:10B56000A004F388C1F80047D31A9BB282B2934279
:10B5700028BF13465948C1F80437FFF73BFB04E7DF
:10B58000524AB469D2F8A414F08BC2F814471B1ABB
:10B590009BB289B28B4228BF0B465148C2F818377C
:10B5A000FFF728FBFDE6B6F8D22000230121009129
:10B5B00092B21846882186F8D730FFF765F8BEE5C5
:10B5C0004249346BD1F8A804F38EC1F82847D31A46
:10B5D0009BB282B2934228BF13464248C1F82C372F
:10B5E000FFF708FBE9E6394AB46CD2F8AC14B6F8B8
:10B5F0004E00C2F83C471B1A9BB289B28B4228BF4F
:10B600000B463948C2F84037FFF7F4FAE3E62F4A11
:10B61000346ED2F8B014B6F86600C2F850471B1A60
:10B620009BB289B28B4228BF0B463048C2F85437D0
:10B63000FFF7E0FADDE6D6F8C020C4F8A0272C48D2
:10B64000C4F8A437FFF7D6FA77E72049B46FD1F8EA
:10B65000B404B6F87E30C1F86447D31A9BB282B204
:10B66000934228BF13462348C1F86837FFF7C2FA50
:10B67000CDE61649D6F89040D1F8B804B6F8963021
:10B68000C1F87847D31A9BB282B2934228BF1346BF
:10B690001948C1F87C37FFF7ADFAC6E60B49D6F872
:10B6A000A840D1F8BC04B6F8AE30C1F88C47D31A24
:10B6B0009BB282B2934228BF13461048C1F890371C
:10B6C000FFF798FABFE600BF047002400070024026
:10B6D0006C7900200514C001F0ED00E028700240F4
:10B6E0002C700240307002403470024038700240CA
:10B6F000487002403C70024040700240447002407A
:10B70000F0B5012883B006D0022800F0828000281E
:10B710003AD003B0F0BDB34BD3F80025002AF8D0DF
:10B720000022C3F80425BFF36F8FBFF34F8FAE49DC
:10B730008020C1F88400BFF34F8FBFF36F8FD3F821
:10B740000013C3F80813C3F80025BFF36F8FBFF3CE
:10B750004F8F43F2040103F18D53096803F57723FA
:10B7600003F2DB53994200F06D81A04B01221A6075
:10B770009F4B5A68C2F30802003A18BF0122022107
:10B780000020FEF795FEC4E7964BD3F80025002A6B
:10B79000BFD14FF480014FF40062C3F80813C3F81F
:10B7A0000024BFF36F8FBFF34F8F924B1B68082BA2
:10B7B00000F0C7808B4B0122C3F80025BFF36F8FC9
:10B7C000BFF34F8F43F2040203F18D53126803F568
:10B7D000772303F2DB539A4200F0DD804FF0804381
:10B7E000D3F80C24D3F80C34DF0300F1E88043F2E3
:10B7F0000402814B12689A4200F0E5807F4B0022E0
:10B800001A601B6801934FF08043012201991A606E
:10B810007FE7744BD3F80435002B47D1714AD2F837
:10B8200000341805FBD54FF40063C2F80034BFF3B1
:10B830006F8FBFF34F8F6F4B1B68082B48D0694940
:10B84000694A80230120C1F81C35C1F80403C2F8FD
:10B8500084315360684E43F204054FF080442B68F6
:10B86000B34211D0D4F80C24D4F80C34D903F6D553
:10B87000D307F4D55B4B0122C3F80425BFF36F8FC8
:10B88000BFF34F8F03B0F0BD01A800278DF80470FF
:10B89000FFF7AEF99DF80430002BE3D001A8019723
:10B8A000FFF7A4F9019B002BD9D0E3E743F2040290
:10B8B000514B12689A4200F0B1804FF08043D3F8A8
:10B8C0000C24D3F80C34DD03A8D5D407A6D520E783
:10B8D0004B4B1B68032BB2D84A4B1A68002A40F026
:10B8E000BE80494849F27531196002601960414AC9
:10B8F000434B12681B68082AA1D1032B9FD8434AE7
:10B90000D35C93B13F4B1A68002A40F0B0804048A6
:10B9100049F27531196002601960364A384B126875
:10B920001B68082A8BD1032B89D83A493A4B40F23D
:10B93000E370402208601A60BFF36F8FBFF34F8F30
:10B940007DE72F4B1B68032B3FF634AF2F4AD35CA8
:10B95000ABB12C4B1A68002A40F08D802C4949F27B
:10B96000753203201A6008601A60224A244B12685C
:10B970001B68082A7FF41EAF032B3FF61BAF214B39
:10B980001A68002A6FD1204949F27532C0201A6026
:10B9900008601A600EE701A800248DF80440FFF744
:10B9A00027F99DF80430002B3FF418AF01A801944B
:10B9B000FFF71CF9019B002B7FF4ABAE17E7D6070E
:10B9C0003FF5A7AE13E7002301A88DF80430FFF779
:10B9D0000FF99DF80430002B3FF410AFFFF702F988
:10B9E00097E600BF0070024000E100E00400004064
:10B9F00000ED00E030010010DBE5B1510001004036
:10BA00003401001000EC064014EC0640282B030023
:10BA100014ED0640007802400478024001A800249A
:10BA20008DF80440FFF7E4F89DF80430002B3FF454
:10BA300044AF01A80194FFF7D9F8019B002B7FF4D4
:10BA400068AEEBE601A88DF80420FFF7D1F89DF869
:10BA50000430002B3FF489AEFFF7C6F888E6084BA8
:10BA600000221A6043E7064BC0221A60A2E6054B8B
:10BA700000221A6051E7034B03221A6075E700BFEA
:10BA800014EC064014ED064008B50020FDF75CFFFD
:10BA900000B108BD024B1B68DB07FAD500BE08BD2C
:10BAA000F0ED00E0FDF74ABFC378828803F00300A1
:10BAB0000228C2F30A0205D0032819D0012807D0B2
:10BAC0000020704702291CD0402A09D80120704765
:10BAD000022940F2FF3308BF4FF480639342F6D24D
:10BAE0000A4B186810F00100F1D000BE002070472A
:10BAF00002290CBF4FF4806340239342F0D301200E
:10BB0000E5E7B2F5007FE1D0EAE700BFF0ED00E045
:10BB10000A44914216D230B44C78052C05D00C78EA
:10BB200021448A42F8D830BC70478C7804F07F05F5
:10BB300000EB4505E4092B550C7821448A42EBD8EB
:10BB400030BC7047704700BF08B50121232002F0C8
:10BB5000CBFF232003F06AF82420012102F0C4FF68
:10BB6000BDE80840242003F061B800BFF8B51746CF
:10BB700082B105460E46002402E00134A74207D0F8
:10BB80002B6816F8011B1B68284698470028F4D13B
:10BB90002046F8BD1446FBE72DE9F0410C46D9B12B
:10BBA00007688046084604F009FD7B68104A934206
:10BBB000064615D1D0B1002504E00135AE4208D0CB
:10BBC000D8F800703B6814F8011B404698470028DD
:10BBD000F3D12846BDE8F0810D462846BDE8F08146
:10BBE000024621464046BDE8F04118470546F0E7C9
:10BBF0006DBB020003681B68184700BF2DE9F047C2
:10BC00000768DFF894A0D7F8049004460E46002990
:10BC10003AD0084604F0D2FCD145804622D1002813
:10BC200036D0002503E00135A845276820D03B68C1
:10BC300016F8011B204698470028F4D12768D7F84A
:10BC40000490D14518D13B680D212046984730B16A
:10BC5000236820461B680A219847B8B10235284658
:10BC6000BDE8F087024631462046C84727680546AA
:10BC7000D7F80490D145E6D0064920460222C847AD
:10BC800005442846BDE8F0870D46DAE70135E6E7CA
:10BC90000546D6E7EC2B03006DBB020003680D4A96
:10BCA00070B55D6895420ED11B680D21044698471A
:10BCB00040B1236820461B680A21984700280CBF22
:10BCC0000120022070BD2B460349BDE870400222CE
:10BCD000184700BF6DBB0200EC2B03000EB4F0B59B
:10BCE000C2B047AB044653F8042B019302A84FF4AB
:10BCF000807104F0A1FC23680E4A5B6893420546FC
:10BD000012D102AB1F181E4605E0236816F8011B6E
:10BD10001B68984710B1BE422046F6D1284642B073
:10BD2000BDE8F04003B0704702A920462A46984774
:10BD3000F4E700BF6DBB02002DE9F0418AB000239B
:10BD40000546012A98BF0A228DF8243009ACB1FBC0
:10BD5000F2F602FB1610C3B209280F4603F13000B9
:10BD60008ABF3733C3B2DBB2BA4204F8013D314671
:10BD7000EDD92F68204604F021FC7B680F4A9342DE
:10BD8000804612D168B1002603E00136B04508D0E4
:10BD90002F683B6814F8011B284698470028F4D107
:10BDA000B04640460AB0BDE8F0810246214628462A
:10BDB0009847804640460AB0BDE8F0816DBB02005E
:10BDC00012B903681B681847D2B2FFF7B5BF00BFAE
:10BDD00010B54FF480720021044603F0A9FE002341
:10BDE000C4E94033204610BD10B4D0E94024531CB0
:10BDF000DBB29C4218BF81545DF8044B18BFC0F8F9
:10BE0000003170470023C0E940337047D0E9402338
:10BE1000934206D05A1CC35CD2B2C0F80421184623
:10BE200070474FF0FF307047D0E94030181A48BFD4
:10BE300000F58070704700BFD0E94023934214BFE3
:10BE4000C05C4FF0FF307047D0E940300133DBB2C7
:10BE5000181AB0FA80F04009704700BF70B50C4660
:10BE600018491646054600F02FF800F0BFF8E060CC
:10BE700008E002F06DFC00F0B9F8D4E90232801A53
:10BE800098421DD2236820461B6998470028F0DBA2
:10BE9000864215D0C1B2284600F038F800F0A6F866
:10BEA000E060236820461B6998470028F0DA02F01A
:10BEB0004FFC00F09BF8D4E90232801A9842F0D38C
:10BEC000284670BD7C250300F8B50026C0E9006651
:10BED0000446866079B108460D4604F06FFB0746BC
:10BEE000013000F0ABF830B1C4E900070670A7607C
:10BEF000294604F05BFB2046F8BD00BF10B50446A0
:10BF0000006800F0B5F8204610BD00BF30B583686A
:10BF100083B0044600688DF8041000225D1C8DF883
:10BF2000052010B1626895420AD9991C04F01CFBE7
:10BF300060B1A368C4E9000513B903702068A36861
:10BF4000184401A904F032FBA560012003B030BD04
:10BF5000826808B50B463AB161B1006804F01CFB79
:10BF6000B0FA80F0400908BD31B11878B0FA80F01D
:10BF7000400908BD0368F8E7012008BD10B5046852
:10BF800044B1207830B104F021FB207014F8010F87
:10BF90000028F8D110BD00BF2DE9F0410768E7B1D6
:10BFA00084680646CCB1B846454618F8010B03F044
:10BFB0007FFD0028F8D1013C3C4402E0A54205D8B1
:10BFC000013C207803F074FD0028F7D1621C521B5D
:10BFD000AF42B26003D30023BB54BDE8F0813846C2
:10BFE000294603F07DFD3768B268F4E708B501F033
:10BFF000D9F84FF47A73A0FB0323900A40EA8350E8
:10C0000008BD00BF014638B54FF47A7200238002A4
:10C01000890D03F099FB044601F0C4F80546FBF7CF
:10C0200033F901F0BFF8431B9C4200D838BD2C44C3
:10C03000201ABDE8384001F0EDB900BF10B5044644
:10C0400001F044FC022804D02046BDE8104003F073
:10C0500037BD01F09FF8204603F032FD044601F0A1
:10C0600049F90CB1204610BD02F084FBFAE700BF8D
:10C0700010B5044601F02AFC02280AD144B101F0AF
:10C0800089F8204603F024FDBDE8104001F032B9E4
:10C0900010BD2046BDE8104003F01ABD10B582B0B7
:10C0A000019001F077F8019803F00AFD044601F0D1
:10C0B00021F914B1204602B010BD02F05BFB20460E
:10C0C00002B010BD50B110B5044601F063F820462F
:10C0D00003F0FEFCBDE8104001F00CB9704700BF52
:10C0E00038B51C469DF8105043B3002908BF1A46C6
:10C0F0000123C4E90F01226084F8463001F0ACFE50
:10C10000D4E90F132268A26001FB03F1CB1A134498
:10C1100000200A44FF21A063E36084F844106260B9
:10C1200084F8451004F1100003F006F904F124002E
:10C1300003F002F901F09AFE84F84C50204638BD15
:10C14000F8B5064617460D4669B100FB01F05030C0
:10C15000FFF7A4FF044690B3002200F1500380F8DB
:10C160004620036007E05020FFF798FF044630B3F5
:10C1700084F846502460C4E90F6501F06DFED4E9EF
:10C180000F132268A26001FB03F1CB1A13440020B5
:10C190000A44FF21A063E36084F84410626084F8DD
:10C1A000451004F1100003F0C7F804F1240003F077
:10C1B000C3F801F05BFE84F84C702046F8BD002403
:10C1C0002046F8BD2DE9F047044684B01F46019291
:10C1D000884600F1240601F03FFEA26BE36BDFF816
:10C1E00040939A424FF0000A7CD3022F00F0E8807F
:10C1F000019D002D00F0128102ADBAF1000F00F098
:10C20000DB8001F033FE00F0C5FF01F025FE94F85D
:10C210004430FF2B04BF002384F8443094F84530A9
:10C22000FF2B04BF002384F8453001F01FFE284691
:10C2300001A901F0F5FA002840F0F68001F00CFEAB
:10C24000A26BE36B9A4261D001F010FE01F004FE94
:10C2500094F845506DB2002D05DC12E06B1E13F012
:10C26000FF0F5DB20DD0636A304653B101F07AFA28
:10C270000028F3D001F008FB6B1E13F0FF0F5DB236
:10C28000F1D1FF2384F8453001F0F0FD01F0E4FD29
:10C2900094F844506DB2002D15DD04F1100A04E04D
:10C2A0006B1E13F0FF0F5DB20DD02369504653B1E2
:10C2B00001F058FA0028F3D001F0E6FA6B1E13F0F3
:10C2C000FF0F5DB2F1D1FF2384F8443001F0CEFDC1
:10C2D00001F010F801F0C0FDA26BE36B9A424FF041
:10C2E000010A82D2226CA56B002A40F0E780266802
:10C2F000002E00F0F9800135A563636A002B7CD124
:10C3000001F0B4FD012004B0BDE8F08704F1100A8B
:10C3100001F0ACFD0199504601F0A8F901F09CFD37
:10C3200094F845506DB2002D05DC12E06B1E13F041
:10C33000FF0F5DB20DD0636A304653B101F012FABF
:10C340000028F3D001F0A0FA6B1E13F0FF0F5DB2CE
:10C35000F1D1FF2384F8453001F088FD01F07CFD28
:10C3600094F844506DB2002D05DC12E06B1E13F002
:10C37000FF0F5DB20DD02369504653B101F0F2F9C1
:10C380000028F3D001F080FA6B1E13F0FF0F5DB2AE
:10C39000F1D1FF2384F8443001F068FD00F0AAFFDA
:10C3A000002897D14FF08053C9F8043040BFBFF345
:10C3B0004F8FBFF36F8F8DE7284601F025FA20E7F6
:10C3C000226CA56B002A92D04146E06803F088FBFE
:10C3D000226CE36821689B1A8B42E360C2F1000281
:10C3E00004D263681A44E260022F84D1002D83D105
:10C3F0000123A363636A002B82D004F1240001F0BF
:10C40000B1F900283FF47CAF454B4FF080525A60A1
:10C4100040BFBFF34F8FBFF36F8F71E701F026FD71
:10C42000284604B0BDE8F08701F016FD94F84550A9
:10C430006DB2002D15DD04F1240604E06B1E13F02F
:10C44000FF0F5DB20DD0636A304653B101F08AF937
:10C450000028F3D001F018FA6B1E13F0FF0F5DB245
:10C46000F1D1FF2384F8453001F000FD01F0F4FC28
:10C4700094F844506DB2002D15DD04F1100604E06F
:10C480006B1E13F0FF0F5DB20DD02369304653B120
:10C4900001F068F90028F3D001F0F6F96B1E13F0F3
:10C4A000FF0F5DB2F1D1FF2384F8443001F0DEFCD0
:10C4B00000F020FF002004B0BDE8F087414607BB34
:10C4C000A06803F00DFBA368216C62680B449342E3
:10C4D000A360FFF410AF0135A563636A2268A26010
:10C4E000002B3FF40DAF88E76068013501F044FA96
:10C4F000A563636A6660002B7FF47FAF002883D159
:10C50000FEE6E06803F0ECFA226CE36821689B1A0F
:10C510008B42E360C2F10002BFF466AF61E700BF87
:10C5200000ED00E0F8B50C4679B300250123216049
:10C53000C1E90F3581F84630064601F08DFCD4E99B
:10C540000F322168A56303FB02F39A1A0A440B44D5
:10C55000FF27C4E90131E26084F8447004F110005F
:10C5600084F8457002F0E8FE04F1240002F0E4FED5
:10C5700001F07CFCC4E90055E56084F84C602B4672
:10C580002A4629462046FFF71DFE2046F8BD00BF7B
:10C590002DE9F043044683B016469946EFF311881F
:10C5A000402282F31188806BE26B90421ED3022BF3
:10C5B00005D0002088F3118803B0BDE8F08394F81B
:10C5C0004550226CA76B6DB232BB2368002B47D05D
:10C5D00001376B1CA76335D001356DB284F8455027
:10C5E000012088F3118803B0BDE8F08394F845502A
:10C5F000226CA76B6DB2002AE7D0002B38D1A0685F
:10C6000003F06EFAA368216C62680B449342A36046
:10C6100024BF2368A360DBE7E06803F061FA226CC3
:10C62000E0682168801A8842E060C2F1000205D209
:10C6300061680A44E260B9F1020FC9D1012F38BF25
:10C640000127C6E7636A002BCAD004F1240001F079
:10C6500089F80028C4D0002EC2D001203060A9E79C
:10C660006068019301F088F9019B63600137B0E7CE
:10C67000E06803F035FA226CE0682168801A88428D
:10C68000E060C2F10002D6D2D2E700BF10B582B09E
:10C69000EFF31184402383F31188836BC26B9A42BA
:10C6A0000FD990F845200133FF2A836353B20DD090
:10C6B00001335BB280F84530012084F3118802B069
:10C6C00010BD002084F3118802B010BD436A002B16
:10C6D000F2D02430019101F045F80028ECD0019906
:10C6E0000029E9D001200860ECE700BF2DE9F04304
:10C6F000044685B00F46019201F0AEFBA56B002DFC
:10C7000040F02781019B002B00F0D28002A801F0AD
:10C710007BF8DFF88C8204F1240601F0A7FB00F01F
:10C7200039FD01F099FB94F84430FF2B04BF00233E
:10C7300084F8443094F84530FF2B04BF002384F87C
:10C74000453001F093FB01A902A801F069F8002827
:10C750005BD101F081FBA36B002B40F0AF8001F0B7
:10C7600085FB0199304600F081FF01F075FB94F8DC
:10C7700045506DB2002D05DC12E06B1E13F0FF0F6B
:10C780005DB20DD0636A304653B100F0EBFF002874
:10C79000F3D001F079F86B1E13F0FF0F5DB2F1D109
:10C7A000FF2384F8453001F061FB01F055FB94F85C
:10C7B00044506DB2002D15DD04F1100904E06B1E2C
:10C7C00013F0FF0F5DB20DD02369484653B100F05E
:10C7D000C9FF0028F3D001F057F86B1E13F0FF0FCC
:10C7E0005DB2F1D1FF2384F8443001F03FFB00F04B
:10C7F00081FD002853D14FF08053C8F8043040BF6A
:10C80000BFF34F8FBFF36F8F49E001F025FB94F822
:10C8100045506DB2002D05DC12E06B1E13F0FF0FCA
:10C820005DB20DD0636A304653B100F09BFF002823
:10C83000F3D001F029F86B1E13F0FF0F5DB2F1D1B8
:10C84000FF2384F8453001F011FB01F005FB94F85B
:10C8500044506DB2002D15DD04F1100904E06B1E8B
:10C8600013F0FF0F5DB20DD02369484653B100F0BD
:10C8700079FF0028F3D001F007F86B1E13F0FF0FCB
:10C880005DB2F1D1FF2384F8443001F0EFFA00F0FB
:10C8900031FD01F0E1FAA36B53B101F0E7FA01F0C9
:10C8A000DBFAA56B002D54D1019B002B7FF435AF33
:10C8B00001F0DCFA002005B0BDE8F08301F0D6FA03
:10C8C00001F0CAFA94F845506DB2002D05DC12E073
:10C8D0006B1E13F0FF0F5DB20DD0636A304653B18B
:10C8E00000F040FF0028F3D000F0CEFF6B1E13F0E5
:10C8F000FF0F5DB2F1D1FF2384F8453001F0B6FAA5
:10C9000001F0AAFA94F844506DB2002D15DD04F13F
:10C91000100904E06B1E13F0FF0F5DB20DD0236908
:10C92000484653B100F01EFF0028F3D000F0ACFFE2
:10C930006B1E13F0FF0F5DB2F1D1FF2384F844307A
:10C9400001F094FA00F0D6FC01F086FAA56B002DF8
:10C95000AAD0226C52B1E168636811449942E16047
:10C9600024BF2168E160384603F0BAF8013DA563B1
:10C9700023692BB901F07AFA012005B0BDE8F083F4
:10C9800004F1100000F0EEFE0028F3D0044B4FF04D
:10C9900080525A6040BFBFF34F8FBFF36F8FE9E7FC
:10C9A00000ED00E02DE9F043044685B000F12406D7
:10C9B000019101F051FAA36BDFF8DC820027B94640
:10C9C000002B40F0D780019D002D00F0418102AD89
:10C9D000B9F1000F00F0DE8001F048FA00F0DAFB58
:10C9E00001F03AFA94F84430FF2B04BF002384F896
:10C9F000443094F84530FF2B04BF002384F84530C1
:10CA000001F034FA284601A900F00AFF00285FD19E
:10CA100001F022FAA36B002B40F0C88001F026FA47
:10CA20002368002B00F01B810199304600F01EFEA8
:10CA300001F012FA94F845506DB2002D05DC12E0B9
:10CA40006B1E13F0FF0F5DB20DD0636A304653B119
:10CA500000F088FE0028F3D000F016FF6B1E13F0E4
:10CA6000FF0F5DB2F1D1FF2384F8453001F0FEF9EC
:10CA700001F0F2F994F844506DB2002D15DD04F187
:10CA8000100904E06B1E13F0FF0F5DB20DD0236997
:10CA9000484653B100F066FE0028F3D000F0F4FEE3
:10CAA0006B1E13F0FF0F5DB2F1D1FF2384F8443009
:10CAB00001F0DCF900F01EFC002853D14FF0805348
:10CAC000C8F8043040BFBFF34F8FBFF36F8F49E00A
:10CAD00001F0C2F994F845506DB2002D05DC12E06A
:10CAE0006B1E13F0FF0F5DB20DD0636A304653B179
:10CAF00000F038FE0028F3D000F0C6FE6B1E13F0E5
:10CB0000FF0F5DB2F1D1FF2384F8453001F0AEF99B
:10CB100001F0A2F994F844506DB2002D15DD04F136
:10CB2000100904E06B1E13F0FF0F5DB20DD02369F6
:10CB3000484653B100F016FE0028F3D000F0A4FEE2
:10CB40006B1E13F0FF0F5DB2F1D1FF2384F8443068
:10CB500001F08CF900F0CEFB01F07EF9A36BEBB194
:10CB600001F084F901F078F9A36B4FF00109002B73
:10CB70003FF429AF2268013BA363002A00F08880BC
:10CB80002369002B74D101F071F90127384605B0F3
:10CB9000BDE8F083284600F037FE1DE701F066F996
:10CBA000002F4AD1384605B0BDE8F08301F05EF9A8
:10CBB00001F052F994F845506DB2002D05DC12E0F9
:10CBC0006B1E13F0FF0F5DB20DD0636A304653B198
:10CBD00000F0C8FD0028F3D000F056FE6B1E13F0E5
:10CBE000FF0F5DB2F1D1FF2384F8453001F03EF92B
:10CBF00001F032F994F844506DB2002D15DD04F1C6
:10CC0000100904E06B1E13F0FF0F5DB20DD0236915
:10CC1000484653B100F0A6FD0028F3D000F034FEE2
:10CC20006B1E13F0FF0F5DB2F1D1FF2384F8443087
:10CC300001F01CF900F05EFB94E701F00DF9616A68
:10CC400019B1236B1968C1F10501606800F0C4FED9
:10CC500001F00CF90027384605B0BDE8F08301F07B
:10CC6000FBF8606800F042FE074601F0FFF8DBE6E3
:10CC700004F1100000F076FD002884D0064B4FF040
:10CC800080525A6040BFBFF34F8FBFF36F8F7AE778
:10CC900000F0DCFE606073E700ED00E0104B5A68C6
:10CCA000904208D0DA68904208BF012204D090F880
:10CCB000463093B170470022002110B403EBC20448
:10CCC00043F8321090F84630616013B15DF8044BC0
:10CCD00070475DF8044BFFF7F5B9FFF7F3B900BFF4
:10CCE000548B0020074B1A681AB19A6802B170473A
:10CCF000012210B403EBC20443F8321060605DF807
:10CD0000044B7047548B002070B504460E46154600
:10CD100001F0A2F894F84430FF2B04BF002384F8FC
:10CD2000443094F84530FF2B04BF002384F845308D
:10CD300001F09CF8A36B002B45D001F08DF894F81E
:10CD400045506DB2002D15DD04F1240604E06B1E84
:10CD500013F0FF0F5DB20DD0636A304653B100F09F
:10CD600001FD0028F3D000F08FFD6B1E13F0FF0FC4
:10CD70005DB2F1D1FF2384F8453001F077F801F07E
:10CD80006BF894F844506DB2002D15DD04F11006D7
:10CD900004E06B1E13F0FF0F5DB20DD02369304627
:10CDA00053B100F0DFFC0028F3D000F06DFD6B1EE6
:10CDB00013F0FF0F5DB2F1D1FF2384F84430BDE8DA
:10CDC000704001F053B82A46314604F1240000F0C7
:10CDD00089FCB2E72DE9F041044601F03DF8344A00
:10CDE000344D1368013313602B68002B30D0324E62
:10CDF000336833B3E36A3148314907680A689F42B0
:10CE000038BF03602F48013203EB83030A6000EB55
:10CE10008300E263211D02F09FFA01F027F83368D6
:10CE20006BB12A68E36AD26A9A4208D2264B4FF065
:10CE300080525A6040BFBFF34F8FBFF36F8FBDE882
:10CE4000F0812A68E36AD26A9A4298BF2C60D2E7DE
:10CE50002C601368012B02D0E36A174ECBE7194808
:10CE6000DFF89080194F144E02F066FA184802F06D
:10CE700063FA184802F060FA174802F05DFA1748A2
:10CE800002F05AFA404602F057FA384602F054FAD5
:10CE9000134802F051FA134802F04EFA124802F019
:10CEA0004BFA124B124AC2F800801F60E36AA2E7F5
:10CEB000B87A0020487A0020187B0020CC7A002025
:10CEC000C87A0020547A002000ED00E0E47A0020C7
:10CED000687A00207C7A0020907A0020A47A0020D2
:10CEE000047B0020307B00201C7B0020507A002037
:10CEF0004C7A0020D07A00202DE9F843DDE909C4FE
:10CF0000002C66D0BCF1000F60D00D46960098460C
:10CF10000223324684F85130A5210746C4F830C0B8
:10CF2000604602F005FE2A7884F83420236B2978C5
:10CF3000321F1A4422F0070601B36B7884F83530AB
:10CF40006B78DBB1AB7884F83630AB78B3B1EB7883
:10CF500084F83730EB788BB12B7984F838302B7923
:10CF600063B16B7984F839306B793BB1AB7984F874
:10CF70003A30AB7913B1EB7984F83B30089D042D3E
:10CF800028BF04254FF00009E5626564201D84F880
:10CF90003B90C4F8489002F0DBF9C5F1050504F1B7
:10CFA000180002F0D5F9C4F84C9042463946A56104
:10CFB000246184F850906462304600F011FF2060D4
:10CFC0002046FFF707FF2046BDE8F8836046BDE82E
:10CFD000F8832046BDE8F8832DE9F04796008046A7
:10CFE00030460D469946FFF759F8002862D00746AB
:10CFF0005420FFF753F8044600285FD0002307634E
:10D00000324684F851303846A52102F091FD2B7844
:10D0100084F834302B78D4F830A003B36B7884F8DC
:10D0200035306B78DBB1AB7884F83630AB78B3B1A0
:10D03000EB7884F83730EB788BB12B7984F8383083
:10D040002B7963B16B7984F839306B793BB1AB796B
:10D0500084F83A30AB7913B1EB7984F83B30089D12
:10D06000042D28BF04250027E5626564201D84F88F
:10D070003B70A764043E02F06BF9C5F1050504F1AD
:10D080001800564402F064F9E764A56126F0070031
:10D0900084F85070246164624A46414600F0A0FE64
:10D0A000099B206003B11C602046FFF793FE01201E
:10D0B000BDE8F0874FF0FF30BDE8F0873846FFF756
:10D0C00001F84FF0FF30F3E770B584B0002503AAF4
:10D0D00002A901A8CDE9015501F04EFB019C002CED
:10D0E00046D00298002843D0039E20630223B60056
:10D0F0003246A52184F8513002F01AFD206B1F4BF7
:10D100006363043E0644C4E91155201D84F8385079
:10D1100084F83B50E56202F01BF904F1180002F0BC
:10D1200017F926F0070605231549A3612A46E56489
:10D1300030462461646284F8505000F051FE206053
:10D140002046FFF747FE0F4B1C6000F0EFFD012863
:10D1500011D1402383F311880B490C4A0C4B4FF03B
:10D16000FF340C6010601D6000F050FE04B070BD14
:10D17000044B00221A6004B070BD00BF49444C4506
:10D1800099D40200F87A0020FC7A0020187B002055
:10D19000447B0020024A136801331360704700BFCC
:10D1A000C47A0020014B1868704700BF447B002000
:10D1B000024A136818441060704700BF447B002087
:10D1C0002DE9F04F404B1B6883B0002B46D13F4BFD
:10D1D0001E6801361E60002E4ED0DFF808B1DBF865
:10D1E0000030B3425FD83A4F3B681D68002D65D0D0
:10D1F000DFF8F480DFF8F4A0DFF8F490002522E0F7
:10D20000019102F0D1F8A36A019904F1180013B159
:10D2100002F0CAF80199E36AD8F8002003EB830012
:10D2200093420AEB800088BFC8F8003002F094F8FF
:10D23000D9F800203B68E16AD26A1B68914228BF96
:10D240000125002B3AD03B68DB68DC686368211D50
:10D250009E420846D4D2CBF8003004E01D4A136841
:10D260000133136000251C4B1B68002B0CBF2846A4
:10D27000012003B0BDE8F08F154B184A1868184913
:10D2800014681C6010600A6801320A601A6812682B
:10D290005AB9DFF850B04FF0FF33CBF80030DBF86D
:10D2A0000030B3429FD90025DDE71B68DFF834B0BA
:10D2B000DB68DB685B68CBF8003090E74FF0FF334A
:10D2C000CBF80030CFE700BFC47A0020447B0020B9
:10D2D0004C7A0020C07A0020487B0020507A002041
:10D2E000007B0020FC7A0020CC7A0020547A0020B9
:10D2F000487A00202DE9F04F83B000F0ADFD3A4BA5
:10D300001A68013A1A601B68002B55D1374B1B680D
:10D31000002B51D0364D2B68002B62D0354EDFF8F4
:10D32000EC80354FDFF8E8904FF0010AEB68DC68DD
:10D3300004F1040B04F1180002F036F8584602F02C
:10D3400033F8E36A326803EB83009342594608EBF3
:10D35000800088BF336001F0FFFF3B68E26ADB6A50
:10D360009A4231D3C9F800A02B68002BDED1234BA1
:10D370001A681268002A2FD01A68214BD268D26826
:10D3800052681A601F4E346844B10125FFF718FF38
:10D3900008B1C9F80050013CF8D13460D9F8003028
:10D3A00053B1194B4FF080525A6040BFBFF34F8FBB
:10D3B000BFF36F8F012000E00020019000F056FDC8
:10D3C000019803B0BDE8F08F2B68002BAED10B4B5A
:10D3D0001A681268002ACFD1094B4FF0FF321A6049
:10D3E000D0E7DFF82C90CDE7C47A0020B87A00208F
:10D3F000047B0020CC7A0020487A00204C7A002060
:10D40000FC7A0020C07A002000ED00E0547A002071
:10D41000487B002070B548B9184B4FF080525A60D5
:10D4200040BFBFF34F8FBFF36F8F70BD144A1549D4
:10D430001368154D013313600E68044628680430E4
:10D4400001F0B2FF2B68A4195C600FD20F4B186873
:10D450002968043101F090FF0D4B1A68944238BFDF
:10D460001C60FFF747FF0028D6D070BD094B186835
:10D470002968043101F080FFF3E700BF00ED00E010
:10D48000C47A0020447B0020487A00204C7A002097
:10D49000FC7A0020507A00202DE9F84F3A4CDFF852
:10D4A00004913A4D3A4EDFF800813A4FDFF8FCB074
:10D4B0002368EBB100F0D0FCD9F80C30D3F80CA005
:10D4C0000AF1040001F070FF2B68013B2B60236818
:10D4D000013B236000F0CAFC9AF85130002B34D095
:10D4E000012BE5D15046FEF7EDFD2368002BE1D17D
:10D4F0003368012B08D94FF08053CBF8043040BF7C
:10D50000BFF34F8FBFF36F8F00F056FED8F8003097
:10D510001BBB3B68DB6A002BCAD13368012BC7D821
:10D520001D4B1E4A1B6812689B1A012BC0D91C4A4E
:10D53000136801331360D8F80030A3B13B68DB6A8D
:10D5400003B93368FFF7D6FEB2E7DAF83000FEF72A
:10D55000B9FD5046FEF7B6FDAAE73B68DB6A002B33
:10D56000A6D13368A4E73B68DB6A002BEAD13368B5
:10D57000012BE7D8084B1868084B1B68C01A012814
:10D58000E0D900F0E3FCDDE7BC7A0020B87A0020A7
:10D59000547A0020487A0020FC7A0020447B002046
:10D5A000C47A0020307B0020CC7A002000ED00E01F
:10D5B000294B1B681BB1294B01221A607047274A6F
:10D5C00070B5274C13602268236812681B6B9A425F
:10D5D0003CD9244D244B2A6802EB82008000910044
:10D5E000185808BB501E00EB8006B60081009E59FB
:10D5F00056BB901E00EB8006B60081009E591EBBF4
:10D60000D01E00EB8006B60081009E59E6B9101FBF
:10D6100000EB8006B60081009E59AEB9053A02EBD8
:10D620008200800091001858114403EB81000346EA
:10D630004168496841600833994204BF49684160C4
:10D64000CB6823602A6070BD0246EDE72068216840
:10D65000343101F08DF8BCE7C47A0020487B00200B
:10D66000487A0020CC7A0020547A002070B5174DFB
:10D670002B680C4603F1180101F07EFE144B1E6866
:10D680002868043001F090FE631C17D02B68A419A1
:10D690005C6007D30F4B18682968BDE870400431FF
:10D6A00001F06ABE0C4B18682968043101F064FE71
:10D6B0000A4B1A68944238BF1C6070BD296808483C
:10D6C000BDE87040043101F047BE00BF487A002039
:10D6D000447B0020507A00204C7A0020FC7A002005
:10D6E0001C7B002070B5194D2B6816460C4603F1C3
:10D6F000180101F031FE164B5EB11B68286804303A
:10D7000001F052FE29681348BDE87040043101F071
:10D7100023BE1E682868043001F046FE2B68A41959
:10D720005C6007D30C4B18682968BDE87040043171
:10D7300001F022BE094B18682968043101F01CFE73
:10D74000074B1A68944238BF1C6070BD487A0020AD
:10D75000447B00201C7B0020507A00204C7A002063
:10D76000FC7A002030B5C368DC6804F1180583B08A
:10D77000284601F019FE1C4B1B683BBB211D0846C7
:10D78000019101F011FE194AE36A10680199834280
:10D79000174888BF136003EB830300EB830001F09D
:10D7A000DBFD144BE26A1B68DB6A9A4282BF124BB4
:10D7B00001201860114B1A68126898BF002052B9F6
:10D7C0000F4B4FF0FF321A6003B030BD0D482946B1
:10D7D00001F0C2FDE5E71A68094BD268D2685268C9
:10D7E0001A6003B030BD00BFC47A0020CC7A00209C
:10D7F000547A0020487A0020487B00204C7A002090
:10D80000FC7A0020047B0020034A044B12681B684A
:10D81000C0E90023704700BF007B0020447B00204C
:10D82000F0B50D4683B0044600F016FB2B68144A91
:10D83000591C10681DD0DFF84CC0D4E90061DCF839
:10D840000070BE4208D0814206D80120019000F04D
:10D850000DFB019803B0F0BD471ABB420BD91B1A50
:10D860000B44DCF8001012682B600020C4E90012A1
:10D87000ECE70020EAE700232B600120E6E700BF89
:10D88000447B0020007B0020014B01221A6070477E
:10D89000487B0020094B186818B9094B1B6813B165
:10D8A000704700207047074A074B10681B68013B10
:10D8B000984214BF01200220704700BF047B002063
:10D8C000487B00201C7B0020B87A0020054B1B6899
:10D8D00033B1054B1B68002B0CBF022000207047A2
:10D8E00001207047187B0020C47A002070B50446E0
:10D8F00082B0C8B11D4DC36A2A68D26A934215D25C
:10D900008269002A04DB2A68D26AC2F105028261B8
:10D91000174E626903EB830306EB83039A420ED032
:10D920002B68DB6AE362012002B070BD2B68406C9B
:10D93000DC6AA0422CBF0020012002B070BD211D76
:10D940000846019101F030FD2A680A4BD06A1A6836
:10D950000199E062904200D9186000EB800006EB6C
:10D96000800001F0F9FC0120DEE700BF487A0020CA
:10D97000547A0020CC7A002068B130B5836CC16A3B
:10D98000426C013B914283B00446836400D023B1D2
:10D99000002003B030BD00207047011D08460191F2
:10D9A00001F002FD0A4A636C1068E3628342094891
:10D9B00088BF1360C3F1050503EB830300EB83000D
:10D9C0000199A56101F0C8FC012003B030BD00BF82
:10D9D000CC7A0020547A002070B130B5426CC36A12
:10D9E000914238BF11468B4283B0044602D0826C0C
:10D9F000012A02D003B030BD70478269114DC16267
:10DA0000002A03EB83034269A8BFC1F1050105EBBE
:10DA10008303A8BF81619A42ECD1011D08460191A0
:10DA200001F0C2FC084BE06A1A680199904288BF75
:10DA3000186000EB800005EB800003B0BDE83040CB
:10DA400001F08ABC547A0020CC7A0020044B1A687A
:10DA50001AB119688A6C01328A641868704700BF6D
:10DA6000487A00202DE9F0431D4EDFF87C9085B008
:10DA70004FF000080CE0DB68DC681F68251D2846B5
:10DA800001F092FC636A20469847E369012B0AD0B3
:10DA900033681A68002AEED1124A116831601360A7
:10DAA00005B0BDE8F083A3693B449F42294610D3EB
:10DAB000D9F80030002BEBD0CDE900870294FFF7B6
:10DAC00005FF0023D9F800001A466946FEF77AFBE5
:10DAD000DEE730686360246101F04EFCD8E700BFE8
:10DAE0004C7B0020507B0020D07D00202DE9F04FA2
:10DAF000894E8A4CDFF82C82894DDFF82CA28BB03E
:10DB00003368D3F800B0BBF1000F00F0A980DB68E8
:10DB1000D3F800B0FFF73EFBFFF744FB22688242D8
:10DB2000814600F2AE808345206040F2BF80002233
:10DB30002868ABEB0901FFF7E7F8FFF7DBFB40B91B
:10DB40004FF08053CAF8043040BFBFF34F8FBFF38C
:10DB50006F8F2868002202A9FEF7C8FD0028CFD0E9
:10DB6000029B002B73DBDDF81090D9F814301BB149
:10DB700009F1040001F018FCFFF714FB2368984238
:10DB80000746C0F08580029B2760092BE1D801A2DF
:10DB900052F823F0BDDB0200BDDB0200BDDB02005A
:10DBA00053DB020017DC02003FDC0200BDDB020099
:10DBB000BDDB020053DB020017DC02000398D9F83A
:10DBC0001830C9F81090C2182CBF01210021BA42A8
:10DBD000C9F804205FD8381A834228D8D9F82430ED
:10DBE00048469847D9F81C302868012BB2D1002844
:10DBF000B0D0D9F81820039B00211344CDE9073990
:10DC00000691FFF763FE002328681A4606A9FEF76F
:10DC1000D9FA28689EE7039BC9F81090DA19BA422E
:10DC2000C9F81830C9F8042039D8002B91D0D8F899
:10DC3000000009F1040101F09FFB28688AE799F8C8
:10DC40002C30002B85D14846FEF73CFA81E7039B38
:10DC5000DDE904019847029B002BFFF67AAF82E7CB
:10DC6000FFF798FAFFF79EFA22689042814608D3A0
:10DC7000D8F80020C4F800901268B2FA82F2520973
:10DC800056E7FFF7EFFEC4F80090FFF733FB60E7BD
:10DC9000FFF7E8FE77E7B84201D900299ED0306847
:10DCA00009F1040101F068FB286853E7FFF722FB44
:10DCB0003268D268D768391D0846019101F074FBBB
:10DCC000F8690199012803D07B6A3846984740E7F4
:10DCD000BA693F610BEB02004845786003D93068B0
:10DCE00001F04AFBF0E7A9EB0B039A420FD82B682F
:10DCF000002BE9D00023CDE9063B0897FFF7E6FDAE
:10DD0000002328681A4606A9FEF75CFADCE7D8F873
:10DD1000000001F031FBD7E74C7B00207C7D002028
:10DD2000D07D0020507B002000ED00E0F0B51F4CBE
:10DD300089B000F091F82568F5B100F097F82068F7
:10DD4000C0B1002407AA06A905A8CDE9054400F042
:10DD500021FDDDE905310222CDE900210293079A78
:10DD6000134914482346FFF7C7F8134B1860001BEC
:10DD700018BF012009B0F0BD104F114E384601F018
:10DD8000DBFA304601F0D8FA0E4A0F4900950F4BE6
:10DD900017600E600E4A10212020FEF7A1F92060C6
:10DDA0000028CAD00B49FEF79DFFC6E7D07D0020B2
:10DDB000F82B0300EDDA0200D47D0020547D002012
:10DDC000687D00204C7B0020507B0020807D00205F
:10DDD000547B0020F02B0300402383F31188FEE7DF
:10DDE00030B46FF00203084C40F80C4C4FF08075D3
:10DDF00040F8045C40F8081C40F8202C40F8243C13
:10DE000030BC4438704700BFD9DD02000F4C08B564
:10DE1000E02384F8223000F07BF80D4B0D4A0021FE
:10DE20001960D4F8883043F47003C4F8883053681C
:10DE300043F040435360236943F01003236100F033
:10DE400069F9402383F31188FEE700BF00ED00E08D
:10DE5000D87D002030EF00E0402383F31188024A90
:10DE60001368013313607047D87D0020034A13689C
:10DE7000013B13600BB983F311887047D87D0020F4
:10DE800041DF704712DF704770B51D4B00221A60EA
:10DE900082B01B680193019BEFF31186402383F34B
:10DEA00011881849184BD1F804451A601B68009373
:10DEB000009BFFF777F9201A20F07F4323F001033E
:10DEC00020F07F459BB96C1E6DB10025FFF778F9F6
:10DED000013C631C45EA0005F8D125B10B4B4FF01E
:10DEE00080525A6040BF86F3118802B070BDFFF7C0
:10DEF000EDFC0228E7D0FFF763F90546EDE700BF28
:10DF000040110140001001400011014000ED00E00F
:10DF10000B4B0C4930B41F200B4DC3F808050122F0
:10DF20000224E020C3F804232A601A60C3F84443A3
:10DF300081F811034FF400330B6030BC704700BF11
:10DF40000010014000E100E0081001402DE9F0411F
:10DF5000054684B0EFF3108272B6634CA36883B9B0
:10DF6000624B63480121A160D3F880100140216019
:10DF7000C3F88000D3F8841061604FF0FF31C3F81C
:10DF8000841002B962B65B4ED6F80485FFF782FCB6
:10DF900078B3594F594AAF4228BF2F4607EB0803C1
:10DFA00023F07F4301214FF0000CC6F80813C6F898
:10DFB0004035C2F800C0136801934FF480330198D4
:10DFC000C6F80433BFF34F8F25BBC6F8083315607E
:10DFD00012684B4B0392039A1D601B680293434BDC
:10DFE000029AC6F804134FF40032D6F80415C3F8A9
:10DFF0008021A3685BB1EFF3108272B63B4B2168BE
:10E000001960616859600023A36002B962B604B068
:10E01000BDE8F081F1EE103A23F09F03E1EE103AF3
:10E02000F1EE103A314D4FF480634022C5F884215F
:10E0300003A8C5F884318DF80CC0FFF723FF9DF8C5
:10E040000C30002B4DD12B4620BFD3F80011D3F854
:10E0500004210A43F8D0274B2848294A4FF480313D
:10E06000C3F8081300210160006803900398116051
:10E070001268029201220299C3F80423D3F80435EE
:10E080001A4AA3EB080828F07F48474528BF4746AF
:10E090004FF40033012FC2F8803120D9781EFFF7EA
:10E0A00087F8184BDB68DA010FD5174A1368DB07CE
:10E0B0000BD5164B516803FB07F7A7F57427A7F597
:10E0C0001077BF0A01EB87175760FFF779F8002830
:10E0D0008FD00F4B4FF080525A6040BF89E7F4D089
:10E0E00087E7FFF7CDFEB6E7688B002000E100E090
:10E0F000FC06FFBD00100140FDFFFF004011014084
:10E1000000110140F0ED00E0001000E040420F007F
:10E1100000ED00E00748006880F3088862B661B649
:10E12000BFF34F8FBFF36F8F4FF0E00080F3118884
:10E1300000DF00BF00600200064B19680868B0E805
:10E14000F04F80F30988BFF36F8F4FF0000080F32A
:10E1500011887047487A0020EFF30980BFF36F8F72
:10E16000144B1A681EF0100F08BF20ED108A20E92A
:10E17000F04F10604DF8043D4FF0400080F31188DF
:10E18000BFF34F8FBFF36F8FFFF712FA4FF000000E
:10E1900080F3118808BC19680868B0E8F04F1EF0D9
:10E1A000100F08BFB0EC108A80F30988BFF36F8F9F
:10E1B000704700BF487A0020704700BF0A490B4AE9
:10E1C0000B4B9B1A03DD043BC858D050FBDC0948BD
:10E1D00009494FF0AD32026004300439FBD100F040
:10E1E000A5F9F8F735F800001C2F030000600020A7
:10E1F0002463002000F8032000080000FEE7FEE78B
:10E20000FEE7FEE7FEE7FEE7FEE7FEE7FEE7FEE7E6
:10E2100008B50020F9F732F8F8F7ACFB114BBBB1A9
:10E22000114B63B1F8F71AFC00F092FA01F05AF8BA
:10E23000F8F714FC00F08CFA01F054F8F2E7F8F764
:10E240000DFC00F085FAF8F709FC00F081FAF6E71A
:10E25000F8F704FC00F07CFAF8F700FC00F078FA1C
:10E26000F6E700BF00000000E5F2020000B583B051
:10E2700000F018FBFDF768FC0E4B019301230E49DB
:10E2800000934FF4806200230C48FEF7A5FE4FF484
:10E29000407000F0D1FAFEF717FFBFF34F8F084927
:10E2A000084BCA6802F4E0621343CB60BFF34F8FA0
:10E2B00000BFFDE7DC7D0020002C030011E202001E
:10E2C00000ED00E00400FA05114B1A78EAB9017874
:10E2D000104810B40A464FF0804402F00102C1F326
:10E2E0004001C4F88015C4F878250268D20706D426
:10E2F000E021012280F80013C0F880210260012291
:10E3000005485DF8044B1A7070470448704700BF19
:10E31000648B002000E100E00000AD0B0C00AD0BB1
:10E32000044B02684FF080414FF46070C1F808035D
:10E330001A607047E87D00204FF080434FF4607210
:10E34000C3F80423704700BF10B54FF0804386B078
:10E35000D3F80443620705D5D3F8082103F5847385
:10E36000002A4ED1A30603D52A4B1A68002A3FD1B2
:10E37000600603D5284B1A68002A2FD1210602D542
:10E38000264B1A680ABBE20502D5254B1A6892B9DA
:10E39000A3050ED5234B1A685AB100221A601A68D9
:10E3A000214B0592059A1B68022006B0BDE810407B
:10E3B000184706B010BD00221A601B4A1B68049360
:10E3C00001201368049A9847E2E700201860164A73
:10E3D0001B6803931368039A9847D4E700221A60D6
:10E3E000124A1B68029301201368029A9847C5E7F6
:10E3F000002018600D4A1B6801931368019A984722
:10E40000B6E700221A600A4A1B6800931368009A54
:10E410009847A7E714010040180100401C01004084
:10E420002001004024010040E87D0020E47D002020
:10E43000E07D0020194BD3F8182102B97047002164
:10E44000174AC3F81811D3F81811D37F82B0FF2BE5
:10E45000019101990DD0917F99B11F2B8ABF11486D
:10E460004FF0A04003F01F03012101FA03F3C0F8AD
:10E470000C35002353771372D2E900310A4802B0F9
:10E4800018471F2B8ABF07484FF0A04003F01F0317
:10E49000012101FA03F3C0F80835EAE70030024031
:10E4A000EC7D002000030050F47D00201B4BD3F8CE
:10E4B000182102B970470021194AC3F81811D3F87E
:10E4C000181192F8433082B0FF2B019101990ED0C0
:10E4D00092F84210A9B11F2B8ABF12484FF0A040FA
:10E4E00003F01F03012101FA03F3C0F80C350023E8
:10E4F00082F8413082F82C30D2E909310A4802B062
:10E5000018471F2B8ABF07484FF0A04003F01F0396
:10E51000012101FA03F3C0F80835E8E700F00240F2
:10E52000EC7D002000030050187E0020764B1B6815
:10E5300010B45C1C00F0B880744A082B126822D01A
:10E54000714B1B68082B72D0591C15D06F4A12688A
:10E55000082B00F0CB806E4AD2F8883043F4700369
:10E56000C2F88830BFF34F8FBFF36F8F694B6A4A91
:10E570005DF8044B1A607047684A694B12681B7853
:10E58000C2F30312E4E7032A40F2A1805F4A126853
:10E59000082BD5D1032AD3D84FF08052614BD2F843
:10E5A0000414C3F82015D2F80814C3F82415D2F8BF
:10E5B0000C14C3F82815D2F81014C3F82C15D2F88F
:10E5C0001414C3F83015D2F81814C3F83415D2F85F
:10E5D0001C14C3F84015D2F82014C3F84415D2F81F
:10E5E0002414C3F84815D2F82814C3F84C15D2F8EF
:10E5F0002C14C3F85015D2F83014C3F85415D2F8BF
:10E600003414C3F86015D2F83814C3F86415D2F87E
:10E610003C14C3F86815D2F84014C3F86C15D2F84E
:10E620004424C3F87025384B1B68082B8CD1374B1A
:10E630001A68032A8FD83C4B9B5C13B13B4B3C4977
:10E6400019603C4B9B5C6BB12F4B3B491B682F4ABD
:10E65000FB20C1F81805082B12687FF475AF032A58
:10E660003FF679AF354B9B5CA3B1354B354C196800
:10E670002068264AA3F5947320F00F001B681268E7
:10E6800001F00F010143082B21607FF45DAF032AE5
:10E690003FF661AF2C4B9B5C5BB31B4B2B4A1B685B
:10E6A0004FF4007111604FE71D4A1C4B12781B6834
:10E6B000082A4FEA13137FF443AF13F00C0F06D070
:10E6C000164A174B12681B78C2F3031260E70E4B11
:10E6D0001B684FF080420021581CC2F80C11C2F890
:10E6E0001011C2F838157FF451AFE9E7032A3FF65D
:10E6F00032AF4FF08043D3F80024D20744BF6FF00D
:10E700000102C3F8002426E7300100103401001094
:10E7100000ED00E0306100200090D003E80F00F031
:10E72000E00F00F000C00040082C03008C560040B1
:10E7300048810300082C030000F00040082C03006F
:10E7400058020010E40E0040082C030040960240DE
:10E7500008B5F8F799FD054B4FF080525A6040BF5D
:10E76000BFF34F8FBFF36F8F08BD00BF00ED00E018
:10E77000704700BF704700BF044B036010B46423B0
:10E78000034C0C605DF8044B13607047347E00202E
:10E79000887E0020054B036010B44FF48073044C56
:10E7A0000C605DF8044B1360704700BF18800020B8
:10E7B0006C80002070B51F4D84B028684FF0FF3288
:10E7C00003A9FDF793FF0028F7D0039C237A66681E
:10E7D000052B0CD8DFE803F02629211B1403D4E90C
:10E7E0000523D4E90301E4690094B047039C206841
:10E7F00010B1FDF73DFC039C2046FDF739FCDCE73A
:10E80000D4E90523D4E90301B047039CEFE7D4E939
:10E810000412E068B047039CE9E7D4E90301B0477C
:10E82000039CE4E7B047039CE1E7E068B047039C42
:10E83000DDE700BF7084002070B540230B4D82B02F
:10E8400004460022184604212B60FDF779FC084D90
:10E85000084B019306460223009307492E60A2B29B
:10E8600000230648FEF7B8FB02B070BD6C840020A0
:10E8700070840020748400200C2C0300B5E7020093
:10E88000BFF34F8F0549064BCA6802F4E062134399
:10E89000CB60BFF34F8F00BFFDE700BF00ED00E08E
:10E8A0000400FA054FF08043194AD3F800141948C0
:10E8B00030B41160D3F80054D3F80024164C174933
:10E8C0002A43C3F80024D4F84025026001224FF403
:10E8D0000030C3F818259A60C1F88000BFF34F8F4D
:10E8E000BFF36F8F0E4C03F588334FF0A0454FF404
:10E8F00080304FF0FF31C3F84803C3F808035A6073
:10E900009A60C5F80815C4F8081530BC704700BFF8
:10E91000788400207C84002000A0004000E100E01A
:10E920000003005008B54FF080434E22C3F81C2569
:10E93000FFF7A6FFF0B44B4B1D6882B00023082DF3
:10E94000ADF8063005DD0A2D00F385800A26012387
:10E9500000E00826444C454AC4F8F035012700235E
:10E96000DFF814C14249C4F80075C4F81435C4F87E
:10E970001035C2F81435C2F81035C2F82435C2F883
:10E980002035C2F83435C2F83035C2F84435C2F803
:10E990004035C2F85435C2F85035C2F86435C2F873
:10E9A0006035C2F87435C2F87035324ADCF8003090
:10E9B00009681268DFF8C4C01B02090301F4805122
:10E9C00003F4E06312040B4302F4E0229CF800100D
:10E9D000134343EA01630DF10602C4F818352146DA
:10E9E000C4F81405C4F81005C4F82C26C4F8307611
:10E9F0002760D1F80031002BFBD0002001231A4AF8
:10EA0000C1F800014B60D2F80431002BFBD000208C
:10EA100001231549C2F804019360D1F81431002B89
:10EA2000FBD00023C1F81431BDF80620120448BF02
:10EA3000ADF806300C4B0022C3F80025BDF80600E7
:10EA4000B54200B204D035BF751BAD1BE840A840ED
:10EA500002B0F0BC70470D2DB5BF0C260E26022368
:10EA6000032377E7346100200070004010700040FD
:10EA7000888400208C8400208484002080840020EE
:10EA8000014B1860704700BF346100202F2816D852
:10EA9000144B53F82030023B1D2B10D8DFE803F055
:10EAA0001E2014160F0F0F0F0F0F0F0F0F0F0F0F4A
:10EAB0000F0F0F0F0F0F0F0F0F0F181A1C11002041
:10EAC00070470820FFF736BF0320FBE70420F9E773
:10EAD0000520F7E70620F5E70720F3E70120F1E737
:10EAE0000220EFE72C2B03002F281BD83C4B53F8B8
:10EAF00020301F2B86BF3B4A03F01F034FF0A0427C
:10EB00000E290FD8DFE801F0655F59534D474039B2
:10EB1000322B241D160F080003F5E07340F2037139
:10EB200042F82310704703F5E07340F2036142F8A6
:10EB30002310704703F5E07340F2035142F82310AD
:10EB4000704703F5E07340F2034142F82310704729
:10EB500003F5E07340F2033142F82310704703F5E8
:10EB6000E07340F2032142F82310704703F5E0738D
:10EB700040F2031142F82310704703F5E0734FF49D
:10EB8000403142F82310704703F5E0734FF4003131
:10EB900042F82310704703F5E073134942F823103D
:10EBA000704703F5E073114942F82310704703F5ED
:10EBB000E073042142F82310704703F5E0730C2141
:10EBC00042F82310704703F5E073032142F8231045
:10EBD000704703F5E073002142F82310704700BF2F
:10EBE0002C2B030000030050040002000C00030063
:10EBF0002F280FD80B4B53F820301F2B86BF0A4A03
:10EC000003F01F034FF0A04229B1012101FA03F3E1
:10EC1000C2F808357047012101FA03F3C2F80C3538
:10EC2000704700BF2C2B0300000300502F280DD885
:10EC3000074B53F820201F2A86BF064902F01F0207
:10EC40004FF0A04101239340C1F80C35704700BF3D
:10EC50002C2B03000003005090F82302704700BFE4
:10EC600038B590F91D32002B04460DDB5A092048B7
:10EC70002032012103F01F0301FA03F340F8223090
:10EC8000BFF34F8FBFF36F8F2369002101224FF431
:10EC90008870C3F80803C3F84411C3F858115A60C8
:10ECA000DA6002E0FFF754FD2369D3F85821002A07
:10ECB000F8D0D3F84421002AF4D04FF0FF320025D9
:10ECC000C3F8005504F11400C3F80C25C3F814254B
:10ECD000C3F80825C3F81025FDF794F8D4F82402EA
:10ECE000FDF7DCFFC4F8245284F8235238BD00BF7E
:10ECF00000E100E01430FDF797B800BF1430FDF7D5
:10ED00009BB800BF1430FDF781B800BF90F82332E4
:10ED100003B9704710B54FF0FF310446D0F8240214
:10ED2000FDF740FE0023D4F824021A46BDE8104047
:10ED30001946FDF747BA00BF10B503680F4A5B6874
:10ED400082B093428DF8071012D104464FF0FF3184
:10ED5000D0F82402FDF726FE9DF8073084F81D3117
:10ED6000226901231846C2F84835936002B010BDED
:10ED700001220DF10701984702B010BD81ED02009C
:10ED80002DE9F04716461AB30746884600F21D1AC9
:10ED900000254FF00109741BB4F5807F28BF4FF4A4
:10EDA00080744FF0FF31D7F82402FDF7FBFD08EB2C
:10EDB00005012246504600F093FE25443B69AE42D1
:10EDC000C3F84845C3F80890E5D82846BDE8F08761
:10EDD00015462846BDE8F087036870B51B6A744D78
:10EDE000AB4240F0AE800A4690F823120446002958
:10EDF00040F09F80036990F81F02C3F80C0594F857
:10EE00001E02C3F8140594F82202012800F09D8028
:10EE1000C3F86C15B2F5966F45D9B2F5166F40F28E
:10EE20009F80B2F5965F40F29E80B2F5165F40F289
:10EE30009C80B2F5615F40F29A80B2F5964F40F245
:10EE40009880B2F5E14F40F2968047F612218A424F
:10EE500040F29380B2F5164F40F292804DF6C021F9
:10EE60008A4240F29080B2F5614F40F28F80B2F555
:10EE7000963F40F28E80B2F5E13F40F28C80B2F5D1
:10EE8000613F40F28B804B498A4240F28D80B2F55F
:10EE9000E12F40F28680B2F5612F94BF4FF070628F
:10EEA0004FF0805201E04FF49E2294F91D02C3F806
:10EEB0002425082104F21D120025C3F8001500289E
:10EEC000C3F8442504F58E71C3F820514FF00102B8
:10EED0004FF48875C3F83415C3F838251A60C3F8A1
:10EEE000045327DB344D410900F01F062B18603115
:10EEF000B240602045F8212083F8000394F91D32C8
:10EF0000002B07DB2C4903F01F0001225B09824024
:10EF100041F82320032200210120FDF711F90023ED
:10EF20001A461946C4F82402FDF74CF9012384F867
:10EF3000233270BD214A00F00F031A446023137678
:10EF4000DCE7BDE870400022184794F82012C3F8AF
:10EF5000101594F82112C3F80815C3F86C0559E789
:10EF60004FF41D22A1E7164A9FE7164A9DE7164A6D
:10EF70009BE7164A99E7164A97E74FF4000294E791
:10EF80004FF41D0291E74FF465028EE74FF46B02D8
:10EF90008BE7104A89E74FF0EB7286E74FF06C720F
:10EFA00083E74FF0E86280E74FF080627DE700BFC3
:10EFB000D9EF020090D0030000E100E0FCEC00E09B
:10EFC00000B013000050270000F03A0000A04E00EF
:10EFD00000C0750000903A0190F82332002B40F0F9
:10EFE000B08070B50369044690F81F02C3F80C05A1
:10EFF00094F81E02C3F8140594F8220201284AD09E
:10F00000B1F5966FC3F86C2554D9B1F5166F40F27F
:10F01000A080B1F5965F40F29F80B1F5165F40F297
:10F020009D80B1F5615F40F29B80B1F5964F40F253
:10F030009980B1F5E14F40F2978047F61222914254
:10F0400040F29480B1F5164F40F293804DF6C02205
:10F05000914240F29180B1F5614F40F29080B1F55C
:10F06000963F40F28F80B1F5E13F40F28D80B1F5DF
:10F07000613F40F28C804A4A914240F28E80B1F565
:10F08000E12F40F28780B1F5612F94BF4FF070629D
:10F090004FF0805210E094F82002C3F8100594F865
:10F0A0002102C3F8080542F00102B1F5966FC3F8DA
:10F0B0006C25AAD84FF49E2294F91D02C3F824258A
:10F0C000082104F21D120025C3F800150028C3F81A
:10F0D000442504F58E71C3F820514FF001024FF41E
:10F0E0008875C3F83415C3F838251A60C3F804537B
:10F0F00028DB2C4D410900F01F062B186031B2406F
:10F10000602045F8212083F8000394F91D32002B7C
:10F1100007DB244903F01F0001225B09824041F80C
:10F120002320032200210120FDF70AF800231A46BC
:10F130001946C4F82402FDF745F8012384F8233268
:10F1400070BD7047184A00F00F031A44602313760D
:10F15000DBE74FF41D22AFE7144AADE7144AABE7F3
:10F16000144AA9E7144AA7E7144AA5E74FF4000296
:10F17000A2E74FF41D029FE74FF465029CE74FF4AE
:10F180006B0299E70E4A97E74FF0EB7294E74FF066
:10F190006C7291E74FF0E8628EE74FF080628BE788
:10F1A00090D0030000E100E0FCEC00E000B01300B0
:10F1B0000050270000F03A0000A04E0000C075008B
:10F1C00000903A0110B5114C2369D3F810213AB1DF
:10F1D0000022C3F81021D3F83C2572B901221A602D
:10F1E000D3F8202102B910BD0021D4F82402C3F8BD
:10F1F0002011BDE81040FDF749BA94F81C1104F144
:10F200001400FCF7F1FD2369E8E700BF90840020BB
:10F2100010B5114C2369D3F810213AB10022C3F87C
:10F220001021D3F83C2572B901221A60D3F82021AD
:10F2300002B910BD0021D4F82402C3F82011BDE8A2
:10F240001040FDF723BA94F81C1104F11400FCF7E8
:10F25000CBFD2369E8E700BFB88600202DE9F8431D
:10F260001A4D1B4CDFF878901A4F284600264FF4B1
:10F270007A7840F8149BC5E90168FCF7A9FD164BA4
:10F280002B6120460223FA6B85F81D3240F8149B4F
:10F290003B6C85F81E2285F81F32C4E90168A5F889
:10F2A0002262C5F82462FCF793FDD7E913230B48CB
:10F2B000A4F822622821C4F82462206184F81D1277
:10F2C00084F81E2284F81F32BDE8F8839084002061
:10F2D000B88600202C2B0300002000400080024054
:10F2E000202C030008B50E4B1BB10E48F8F74EF862
:10F2F00078B90D4B1BB10D48FCF796FD60B90C4B6E
:10F300001BB10C48FCF790FD00B908BDAFF30080BD
:10F3100008BDAFF30080ECE7AFF30080EFE700BF7C
:10F3200000000000006E002000000000A484002007
:10F3300000000000CC86002000F108034FF0FF31F0
:10F340000022C0E90333816002604360704700BF60
:10F3500000230361704700BF4368026810B49C68D3
:10F360008C609C684B600132616099605DF8044B71
:10F3700008610260704700BF30B40D686B1C10D08C
:10F3800000F108031C465B681A68AA42FAD90268B1
:10F390004B60013299608C606160086130BC026032
:10F3A000704704696368F2E7036910B4D0E9011299
:10F3B0005C688A608442516008BF5A601A685DF8D0
:10F3C000044B0021013A01611A601868704700BFC0
:10F3D00081F0004102E000BF83F0004330B54FEA06
:10F3E00041044FEA430594EA050F08BF90EA020F73
:10F3F0001FBF54EA000C55EA020C7FEA645C7FEA06
:10F40000655C00F0E2804FEA5454D4EB5555B8BF28
:10F410006D420CDD2C4480EA020281EA030382EA99
:10F42000000083EA010180EA020281EA0303362D2B
:10F4300088BF30BD11F0004F4FEA01314FF4801CFE
:10F440004CEA113102D0404261EB410113F0004F10
:10F450004FEA03334CEA133302D0524263EB4303C7
:10F4600094EA050F00F0A780A4F10104D5F1200E65
:10F470000DDB02FA0EFC22FA05F2801841F10001C0
:10F4800003FA0EF2801843FA05F359410EE0A5F194
:10F4900020050EF1200E012A03FA0EFC28BF4CF0C5
:10F4A000020C43FA05F3C01851EBE37101F000457B
:10F4B00007D54FF0000EDCF1000C7EEB00006EEB88
:10F4C0000101B1F5801F1BD3B1F5001F0CD3490812
:10F4D0005FEA30004FEA3C0C04F101044FEA445269
:10F4E00012F5800F80F09A80BCF1004F08BF5FEAF0
:10F4F000500C50F1000041EB045141EA050130BDD0
:10F500005FEA4C0C404141EB0101013C28BFB1F5E1
:10F51000801FE9D291F0000F04BF01460020B1FA2C
:10F5200081F308BF2033A3F10B03B3F120020CDAFF
:10F530000C3208DD02F1140CC2F10C0201FA0CF0DD
:10F5400021FA02F10CE002F11402D8BFC2F1200C42
:10F5500001FA02F120FA0CFCDCBF41EA0C019040F8
:10F56000E41AA2BF01EB0451294330BD6FEA040441
:10F570001F3C1CDA0C340EDC04F11404C4F120022C
:10F5800020FA04F001FA02F340EA030021FA04F33E
:10F5900045EA030130BDC4F10C04C4F1200220FA95
:10F5A00002F001FA04F340EA0300294630BD21FAD3
:10F5B00004F0294630BD94F0000F83F4801306BF99
:10F5C00081F480110134013D4EE77FEA645C18BF8D
:10F5D0007FEA655C29D094EA050F08BF90EA020F24
:10F5E00005D054EA000C04BF1946104630BD91EA1C
:10F5F000030F1EBF0021002030BD5FEA545C05D11F
:10F600004000494128BF41F0004130BD14F580045D
:10F610003CBF01F5801130BD01F0004545F0FE41D1
:10F6200041F470014FF0000030BD7FEA645C1ABF06
:10F63000194610467FEA655C1CBF0B46024650EA3D
:10F64000013406BF52EA033591EA030F41F4002169
:10F6500030BD00BF90F0000F04BF0021704730B5EF
:10F660004FF4806404F132044FF000054FF00001C4
:10F6700050E700BF90F0000F04BF0021704730B585
:10F680004FF4806404F1320410F0004548BF40425A
:10F690004FF000013EE700BF42004FEAE2014FEAAF
:10F6A00031014FEA02701FBF12F07F4393F07F4F8A
:10F6B00081F06051704732F07F4208BF704793F08D
:10F6C0007F4F04BF41F40021704730B54FF46074A0
:10F6D00001F0004521F000411CE700BF50EA0102A3
:10F6E00008BF704730B54FF000050AE050EA01024C
:10F6F00008BF704730B511F0004502D5404261EBBC
:10F7000041014FF4806404F132045FEA915C3FF4FC
:10F71000D8AE4FF003025FEADC0C18BF03325FEA99
:10F72000DC0C18BF033202EBDC02C2F1200300FA4A
:10F7300003FC20FA02F001FA03FE40EA0E0021FA6F
:10F7400002F11444BDE600BF53B94AB9002908BF0D
:10F7500000281CBF4FF0FF314FF0FF3000F06EB9B2
:10F76000ADF1080C6DE904CE00F006F8DDF804E018
:10F77000DDE9022304B070472DE9F047089D0446F7
:10F780008C46002B40F083808A42174647D9B2FA54
:10F7900082F242B1C2F1200024FA00F09140974079
:10F7A00040EA010C94404FEA1748230CBCFBF8F6E2
:10F7B0001FFA87FE08FB16C143EA014306FB0EF160
:10F7C000994209D9FB1806F1FF3080F0198199425E
:10F7D00040F21681023E3B445B1AA4B2B3FBF8F040
:10F7E00008FB103344EA034400FB0EFEA64509D98A
:10F7F0003C1900F1FF3380F00581A64540F20281FB
:10F8000002383C4440EA0640A4EB0E0400261DB139
:10F81000D4400023C5E900433146BDE8F08702B972
:10F82000FFDEB2FA82F2002A50D1CB1B4FEA174E0C
:10F830001FFA87F80126B3FBFEFC210C0EFB1C33DC
:10F8400041EA034108FB0CF38B4207D979180CF10C
:10F85000FF3002D28B4200F2E9808446C91AA3B27B
:10F86000B1FBFEF00EFB101143EA014408FB00F867
:10F87000A04507D93C1900F1FF3302D2A04500F2A0
:10F88000D9801846A4EB080440EA0C40BFE78B423D
:10F8900009D9002D00F0B1800026C5E900013046ED
:10F8A0003146BDE8F087B3FA83F6002E4AD18B4289
:10F8B00002D3824200F2B880841A61EB0301012076
:10F8C0008C46002DA8D0C5E9004CA5E7C2F1200365
:10F8D00020FA03F6974001FA02F04FEA174ED9409A
:10F8E0003043030CB1FBFEF61FFA87F80EFB16112E
:10F8F00043EA014306FB08F1994204FA02F409D9EC
:10F90000FB1806F1FF3C80F08D80994240F28A801E
:10F91000023E3B445B1A81B2B3FBFEF00EFB103398
:10F9200041EA034100FB08F38B4207D9791800F143
:10F93000FF3C73D28B4271D902383944CB1A40EA6A
:10F94000064678E7C6F1200C03FA06F422FA0CF317
:10F950001C4320FA0CF701FA06F34FEA144E21FA81
:10F960000CF11F433B0CB1FBFEF91FFA84F80EFBB0
:10F97000191143EA014109FB08FA8A4502FA06F225
:10F9800000FA06F308D9611809F1FF3048D28A4518
:10F9900046D9A9F102092144A1EB0A01BFB2B1FB8A
:10F9A000FEF00EFB101147EA014700FB08F8B845CE
:10F9B00007D9E71900F1FF312ED2B8452CD902380A
:10F9C000274440EA0940A7EB0807A0FB02894F45FE
:10F9D000C64649461AD317D05DB1B3EB0E0267EBAA
:10F9E000010707FA0CFCF2404CEA0202F740C5E9B5
:10F9F000002700263146BDE8F0872E4628460BE753
:10FA00000646E9E61846FDE64345E5D2B8EB020EA8
:10FA100069EB04010138DFE70846D2E760468DE76D
:10FA20008146B9E7664675E730464AE7ACF1020C15
:10FA3000394413E702383C4424E700BF704700BF55
:10FA400008B5074B044613B10021AFF30080054B06
:10FA50001868836A03B19847204602F077FC00BF1C
:10FA6000000000004C2C030070B50D4D0D4C641BC4
:10FA7000A4100026A64209D10B4D0C4C02F068FCE4
:10FA8000641BA4100026A64205D170BD55F8043BA6
:10FA900098470136EEE755F8043B98470136F2E700
:10FAA0000863002008630020086300202063002012
:10FAB000024B1844407800F008007047842C030083
:10FAC000024B0146186800F08BB800BF3861002077
:10FAD000024B0146186800F033B800BF38610020BF
:10FAE0000A44914200F1FF3300D1704710B511F87C
:10FAF000014B03F8014F9142F9D110BD884210B576
:10FB000001EB020402D98442234607D8431EA142D6
:10FB100008D011F8012B03F8012FF8E70244014641
:10FB20008A4200D110BD13F8014D02F8014DF7E7EC
:10FB300002440346934200D1704703F8011BF9E7E2
:10FB400037B5002948D051F8043C0190002BA1F1B1
:10FB50000404B8BFE41801F053FC204A019813686C
:10FB6000154633B96360146003B0BDE8304001F05E
:10FB70004DBCA3420BD921686218934204BF1A6896
:10FB80005B68636004BF521822602C60ECE71A4681
:10FB90005B680BB1A342FAD911685518A5420BD185
:10FBA000246821445418A3421160DDD11C685B68AD
:10FBB000536021441160D7E702D90C230360D3E7D7
:10FBC000256861198B4204BF19685B68636004BFD4
:10FBD000491921605460C7E703B030BDE0880020B8
:10FBE000F8B5CD1C25F0030508350C2D38BF0C25C4
:10FBF000002D064601DBA94203D90C233360002007
:10FC0000F8BD01F0FDFB21490A6814469CB9204F5C
:10FC10003B6823B92146304600F0AEFC38602946E7
:10FC2000304600F0A9FC431C23D10C23336030463E
:10FC300001F0ECFBE3E723685B1B17D40B2B03D924
:10FC400023601C44256004E06368A2420CBF0B6083
:10FC50005360304601F0DAFB04F10B00231D20F065
:10FC60000700C21ACCD01B1AA350C9E72246646809
:10FC7000CCE7C41C24F00304A042E3D0211A304690
:10FC800000F07AFC0130DDD1CFE700BFE088002032
:10FC9000E48800202DE9FF4755EC104B002D0E465F
:10FCA00019462B46BBBF05F100431D4600232D23FB
:10FCB0000B700D9BDDF830A0914623F02008BCBFEF
:10FCC00022461446B8F1460F05D0B8F1450F00D1D1
:10FCD0000136022100E0032103AB019302AB009344
:10FCE00045EC104B5346324600F042FDB8F1470F49
:10FCF000074602D119F0010F22D0B8F1460F07EBE9
:10FD0000060910D13B78302B0AD10022002320466F
:10FD1000294602F09DFA18B9C6F10106CAF800603A
:10FD2000DAF800309944002200232046294602F0E8
:10FD30008FFA08B1CDF80C903022039B4B4507D3C6
:10FD4000039B0E9ADB1B3846136004B0BDE8F087B6
:10FD5000591C03911A70F0E7F7B503460029B8BFA4
:10FD6000494203F8022BB4BF2D222B2209294270ED
:10FD70002ADD0DF10704A4460A27A6460A4691FB90
:10FD8000F7F607FB16153035632A04F1FF340EF839
:10FD9000015C3146F1DC3031AEF1020504F8011CA2
:10FDA000441C294661450AD30DF10902A2EB0E025B
:10FDB000654588BF00221344181A03B0F0BD11F83E
:10FDC000012B04F8012FEDE7302330318370C1702F
:10FDD000031DF1E72DE9F04F2DED028B8DB00C46A0
:10FDE000DDF8608016461F46054601F09FFAD0F800
:10FDF00000A0504600F0E2FB00230A93236805931D
:10FE0000D8F8003094F818B0073323F0070303F153
:10FE10000802C8F80020D3E90023C4E91223D4E97A
:10FE2000128929F000430793CDF8188008EE100AD4
:10FE30009F4BDDE906014FF0FF3202F03BFA88BB31
:10FE4000DDE906019A4B4FF0FF3202F015FA48BB8C
:10FE5000002200234046494602F004FA10B12D2347
:10FE600084F84330934B9448BBF1470F94BF9846B6
:10FE7000804603232361059B23F0040222604FF098
:10FE80000009009733460BAA2146284600F0D8F90E
:10FE9000013040F090804FF0FF300DB0BDEC028B90
:10FEA000BDE8F08F42464B464046494602F002FA12
:10FEB00040B14B46002BBCBF2D2384F843307F4814
:10FEC0007F4BD1E763680BF0DF0206925A1C3FD1EB
:10FED00006236360059B616843F4806200230393FB
:10FEE0000AABCDE901B309AB49EC108B009322605A
:10FEF0000DF123032846FFF7CDFE069B0999472BFA
:10FF0000804608D1C81C02DB6368994241DDABF131
:10FF1000020B5FFA8BFBBBF1650F20D801395A4603
:10FF200004F150000991FFF717FF0A9A1318012AEC
:10FF30008146236102DC2268D20701D501332361A7
:10FF40009DF82330002B9CD02D2384F8433098E774
:10FF5000069A472ABED1002BBCD10123B9E7BBF1D9
:10FF6000660F18D1002963680BDD216113B922687F
:10FF7000D00702D501330B442361A1654FF000097E
:10FF8000DEE713B92268D20701D50233F4E7012373
:10FF9000F2E74FF0670B0A9B994205DB236821616A
:10FFA000D807EAD54B1CE7E70029D4BFC1F102020C
:10FFB00001221344E0E723685A0507D42369424627
:10FFC00031462846B84701302CD164E7BBF1650FB4
:10FFD00040F2E080D4E912010022002302F038F957
:10FFE000002834D0374A012331462846B84701302B
:10FFF0003FF451AFDDE909239A4202DB2368D807B9
:020000023000CC
:1000000010D518EE103A524631462846B84701300E
:100010003FF441AF4FF0000804F11A090A9B013B7D
:10002000434509DC23689B0700F10581E0680B9BD1
:100030009842B8BF184630E701234A463146284661
:10004000B84701303FF427AF08F10108E6E7099B04
:10005000002B39DC1B4A012331462846B8470130C2
:100060003FF419AFDDE90923134302D12368D9070F
:10007000D8D518EE103A524631462846B8470130D6
:100080003FF409AF4FF0000904F11A0A099B5B42E3
:100090004B4501DC0A9B92E7012352463146284634
:1000A000B84701303FF4F7AE09F10109EEE700BFB0
:1000B000FFFFEF7F502C0300542C03005C2C030047
:1000C000582C0300602C03000A9AA36D9A42A8BF23
:1000D0001A46002A914637DC4FF0000B29EAE979ED
:1000E00004F11A02A36D0593A3EB09035B4533DC0E
:1000F000DDE909239A423BDB2368DA0738D40A9A00
:10010000059B0999D31AA2EB01099945A8BF994605
:10011000B9F1000F35DC4FF0000829EAE97904F164
:100120001A0ADDE909239B1AA3EB090343457FF76C
:1001300079AF0123524631462846B84701303FF493
:10014000AAAE08F10108ECE71346314642462846BC
:10015000B8470130C0D19EE60123314628460592BA
:10016000B84701303FF497AE059A0BF1010BB9E7A0
:1001700018EE103A524631462846B8470130BED1F3
:1001800089E6059A4B46424431462846B847013035
:10019000C1D180E60A9A012A01DCDB0738D50123A8
:1001A000424631462846B84701303FF474AE18EE57
:1001B000103A524631462846B84701303FF46BAEFC
:1001C000D4E912010022002302F042F8D8B90A9BB8
:1001D00008F10102013B31462846B84701300ED1F3
:1001E00059E60123524631462846B84701303FF4CC
:1001F00052AE08F101080A9B013B4345F1DC4B4636
:1002000004F15002DCE64FF0000804F11A0AF2E7AC
:1002100001234246DFE701234A4631462846B847D4
:1002200001303FF438AE08F10108E3680B995B1A1E
:100230004345F0DCFAE64FF0000804F11909F4E751
:100240002DE9F047164699468A680B69DDF820804B
:100250009342B8BF1346336091F8432007460C46DB
:100260000AB1013333602368990642BF3368023311
:100270003360256815F0060506D104F1190AE36814
:1002800032689B1AAB4226DC94F84320131E226886
:1002900018BF012392062BD404F143024946384685
:1002A000C04701301ED02368E568326803F00603BA
:1002B000042B08BFAD1AA36822690CBF25EAE575B7
:1002C00000259342C4BF9B1AED1800261A34B5428C
:1002D0001AD1002008E00123524649463846C0475B
:1002E000013003D14FF0FF30BDE8F0870135C6E79C
:1002F000E1185A1C302081F84300224494F845103C
:1003000082F843100233C7E70123224649463846A4
:10031000C0470130E6D00136D9E700002DE9FF479C
:100320000C469146277E0C99782F80469A4604F118
:10033000430207D8622F0AD8002F00F0D880582F28
:1003400000F0A38004F1420684F842703AE0A7F17D
:100350006303152BF6D801A050F823F0B503030072
:10036000C9030300450303004503030045030300DD
:1003700045030300C90303004503030045030300CD
:100380004503030045030300D5040300F9030300FC
:10039000B70403004503030045030300F70403000B
:1003A00045030300F903030045030300450303006D
:1003B000BF0403000B681A1D1B680A6004F14206A3
:1003C00084F842300123A3E0256808682E0600F176
:1003D00004030AD505680B60002D03DA2D236D4256
:1003E00084F843305E480A2319E015F0400F056891
:1003F0000B6018BF2DB2EFE70B682568181D086069
:10040000280601D51D6802E06906FBD51D88544801
:100410006F2F0CBF08230A23002184F8431066685D
:10042000A660002EA2BF216821F0040121600DB951
:10043000002E4DD01646B5FBF3F103FB1157C75DF7
:1004400006F8017D2F46BB420D46F4D9082B0BD18F
:100450002368DF0708D5236961689942DEBF30232E
:1004600006F8013C06F1FF36921B2261CDF800A090
:100470004B4603AA21464046FFF7E2FE01304CD12D
:100480004FF0FF3004B0BDE8F087354884F8457080
:1004900023680E681F0656F8045B0E6014D5D90752
:1004A00044BF43F0200323601DB9236823F02003D9
:1004B00023601023B0E7236843F0200323607823F0
:1004C000284884F84530E3E75E0648BFADB2E6E76A
:1004D0001646BBE70B68266860691D1D0D60350672
:1004E0001B6801D5186002E07106FBD51880002357
:1004F00023611646BAE70B681A1D0A601E68626817
:100500000021304600F02CFF08B1801B606063685A
:100510002361002384F84330A8E723693246494623
:100520004046D0470130ABD023689B0713D4E06826
:10053000039B9842B8BF1846A4E7012332464946B8
:100540004046D04701309BD00135E36803995B1AE0
:10055000AB42F2DCEBE7002504F11906F5E700BF3A
:10056000622C0300732C0300024B0A4601461868F4
:1005700001F06EBA3861002038B5064D00230446FC
:1005800008462B6001F0D4FE431C02D12B6803B156
:10059000236038BD808B002010F8012B11F8013B3F
:1005A000012A28BF9A42F7D0D01A7047034611F8A3
:1005B000012B03F8012B002AF9D17047034613F8E9
:1005C000012B002AFBD1181A01387047034BC35C7A
:1005D00003F00303022B08BF20387047852C03006B
:1005E00030B5141E05469BB0184605DA8B232B60E8
:1005F0004FF0FF301BB030BD4FF40273ADF80C303C
:1006000014BF04F1FF332346029305934FF6FF73A3
:1006100000910491ADF80E3002461E9B69462846B3
:1006200001F098FA431CBCBF8B232B60002CE1D057
:10063000009B00221A70DDE707B5009313460A46B7
:10064000014603480068FFF7CBFF03B05DF804FBE9
:10065000386100202DE9F74F03690C69A342074672
:10066000C0F28180013C01F1140800F1140505EB92
:100670008403019358F8243055F8242001339A421A
:100680004FEA840B08EB8409B2FBF3F631D34FF049
:10069000000E4046AC46F24650F8042B93B206FBDF
:1006A00003E34FEA134E9BB2AAEB0303120CDCF8F0
:1006B00000A006FB02E213FA8AF34FEA124E1FFA79
:1006C00082FADCF80020CAEB124202EB23429BB212
:1006D00043EA024381454CF8043B4FEA224ADBD20D
:1006E00055F80B302BB9019B043B9D421A462ED383
:1006F0003C61384601F0BBF8002824DB013628466F
:100700004FF0000C58F8042BD0F800E093B2ACEB9B
:100710000303120C13FA8EF3C2EB1E4202EB2342C8
:100720009BB243EA0243C14540F8043B4FEA224CE6
:10073000E8D255F8242005EB840322B9043B9D42FE
:100740001A460AD33C61304603B0BDE8F08F126808
:10075000043B002ACCD1013CC7E71268043B002AC5
:10076000F0D1013CEBE70020EEE7000000000000C4
:100770002DE9F04F2DED028B57EC106B95B0456ACB
:10078000DDF880800591CDE90267044609920F9358
:100790003DB91020FBF752FCC0E9015560620560CD
:1007A000C560636A196851B15A684A600123934071
:1007B0008B60204600F064FE636A00221A603B1ED4
:1007C000B9BF23F0004303930023C8F80030DDF8DD
:1007D0000C90B74BBCBF0122C8F8002033EA0903D4
:1007E0001BD10F9A42F20F731360C9F31303334303
:1007F00000F07585219B63B9AE4B25E0AE4B0093AD
:100800000833219A1360009815B0BDEC028BBDE847
:10081000F08FA84B00930333F3E79DED027B00229A
:1008200051EC170B00238DED0A7B01F011FD804682
:1008300060B10F9A01231360219B002B00F04C85BF
:100840009E4B219A1360013B0093DCE79DED0A0B60
:1008500012AA13A9204601F09CF8C9F30A55824652
:10086000002D7ED00B9BCDF84080C3F31303DDE950
:100870000A6743F07F5747F44017A5F2FF35904BC6
:10088000002230463946FEF7A7FD83A3D3E90023B3
:1008900001F076FA82A3D3E90023FEF79FFD064616
:1008A00028460F46FEF7E6FE7FA3D3E9002301F0BA
:1008B00067FA02460B4630463946FEF78FFD06467C
:1008C0000F4601F00DFD00228146002330463946D7
:1008D00001F0C8FC48B14846FEF7CCFE32463B4624
:1008E00001F0B6FC08B909F1FF39B9F1160F56D875
:1008F000744B03EBC903D3E90023DDE90A0101F0DE
:10090000B1FC00284DD009F1FF3900230E93129B52
:100910005D1B6B1E049343BF0023C5F101080493C4
:100920004FF00008B9F1000F3DDB049BCDF8349087
:100930004B44049300230693059B092B00F29A80F5
:10094000052BC4BF043B0593059BA3F10203CCBF59
:1009500000250125032B00F29980DFE803F02C7DB0
:100960007B89DDE912531D4405F23243202BC1BFC0
:10097000C3F1400305F2124009FA03F326FA00F02E
:10098000DABFC3F1200306FA03F01843FEF762FE54
:1009900001230646A1F1F877013D10936FE701238B
:1009A000B4E70E90B3E7C9F1000306930023A8EB68
:1009B00009080D93C0E700230893099B002B00F35F
:1009C00085804FF0010BCDF804B05B46CDF824B024
:1009D000666A00227260042202F114009842716873
:1009E0007AD9204600F018FD636A30601B680093D6
:1009F000019B0E2B00F2F580002D00F0F280B9F182
:100A0000000F7DDD2F4A09F00F0302EBC30393EDC6
:100A1000007B19F4807F4FEA2917B0EE478AF0EE89
:100A2000678A5DD0284BDDE90A01D3E9082301F08C
:100A3000D1FACDE9020107F00F070325224E002F5E
:100A400050D1DDE9020153EC182B01F0C3FACDE9D6
:100A500002016FE00123AFE700230893099B09EB34
:100A6000030B0BF10103012B0193B8BF0123AFE787
:100A70000123F2E701250023059308954FF0FF3B82
:100A80000022CDF804B012230992A1E701230893B4
:100A9000F4E700BFAFF3008061436F63A787D23FE5
:100AA000B3C8608B288AC63FFB799F501344D33F5D
:100AB0000000F07F8E2D0300852D0300612C0300C4
:100AC0000000F83F282E0300002E0300DDF824B0BC
:100AD000CDF804B05B467BE70131716052007BE7E3
:100AE0000225ABE7F90708D551EC180BD6E900232E
:100AF00001F046F941EC180B01357F1008369EE7EE
:100B000000F0AB80C9F10006AA4BAB4F06F00F0214
:100B100003EBC203D3E90023DDE90A0101F030F958
:100B2000CDE90201361100230225002E40F08A8013
:100B3000002B8CD10E9B002B00F09180DDE9026729
:100B40009E4B00223046394601F08CFB002800F015
:100B50008680019B002B00F08280BBF1000F3CDD02
:100B600009F1FF3307930022954B3046394601F0D7
:100B700007F9CDE902010135CDF830B0DDE90267B2
:100B80002846FEF777FD32463B4601F0F9F88D4BDB
:100B90000022FEF723FCA1F15073CDE9020103937B
:100BA0000C9B002B60D1884B002230463946FEF763
:100BB00013FCDDE9022306460F4601F071FB002815
:100BC00040F09982DDE90221304601F100433946C7
:100BD00001F048FB002840F08B82DDE90A23CDE9D3
:100BE0000223139B002BC0F25B81B9F10E0F00F3BF
:100BF0005781704B03EBC90393ED007B099BB0EE6B
:100C0000478AF0EE678A002B80F2E280019B002B7E
:100C100000F3DE8040F06C826B4B51EC170B00222E
:100C200001F0AEF8DDE9022301F030FB019E37460A
:100C3000002840F04282009D312305F8013B09F174
:100C400001093EE2F20705D5D7E9002301F098F843
:100C5000013501237610083767E702256AE7019B13
:100C6000CDF81C900C9389E700990C980C9A514B85
:100C70009DED027B014402910899B0EE478AF0EEA7
:100C8000678A03EBC20353E90223002945D04F4989
:100C9000002001F09FF953EC182BFEF79DFB009DFF
:100CA00041EC180B3946304601F01AFB0C90FEF768
:100CB000E1FC02460B4630463946FEF78DFB0C9BA5
:100CC000303305F8013B53EC182B06460F4601F074
:100CD000C9FA002865D132463B4638490020FEF764
:100CE0007BFB53EC182B01F0BDFA002840F0B880D4
:100CF000029B9D423FF471AF314B51EC180B002227
:100D000001F03EF82E4B41EC180B002230463946DC
:100D100001F036F806460F46C4E751EC170B01F018
:100D20002FF8029B009D0C9341EC180B394630467E
:100D300001F0D6FA1190FEF79DFC02460B463046B4
:100D40003946FEF749FB119B303305F8013B029B06
:100D50009D4206460F464FF0000225D11B4B51EC39
:100D6000180BFEF73BFB02460B463046394601F0B6
:100D700097FA002874D153EC182B14490020FEF781
:100D80002BFB02460B463046394601F06BFA002831
:100D90003FF423AF0C9D6B1E0C9315F8013C302BD8
:100DA000F8D0DDF81C9049E0054B00F0E9FF06465D
:100DB0000F46BBE7282E0300002E03000000F03F83
:100DC0000000244000001C40000014400000E03FF0
:100DD000DDE90267009D53EC182B3046394601F0DF
:100DE000F9F801F07DFA8046FEF744FC53EC182B2D
:100DF00000F0C6FF02460B463046394608F1300681
:100E0000FEF7EAFA05F8016B009E019FAE1BB742A0
:100E100002460B4637D1FEF7E1FA53EC182B064693
:100E20000F4601F03DFAC8B953EC182B304639464D
:100E300001F00EFA10B118F0010F0FD12046514603
:100E400000F01EFB00232B700F9B09F101001860BE
:100E5000219B002B3FF4D7AC1D60D4E4CDF81C904F
:100E60002B461D4613F8012D392A08D1009A9A42C3
:100E7000F7D1079A00990132079230220A701A7846
:100E800001321A708DE79E4B002200F079FF00229C
:100E9000002306460F4601F0DBF900289BD0CDE782
:100EA000089A002A00F0C680059A012A00F3AA8059
:100EB000109A002A00F0A28003F23343069E4546B2
:100EC000049A01211A4420469844049200F07DFBC4
:100ED0000746002D0BDD049B002B08DDAB42049A76
:100EE000A8BF2B46A8EB0308ED1AD31A0493069B60
:100EF000FBB1089B002B00F0A180002E11DD3946CC
:100F00003246204600F006FC52460146074620467F
:100F100000F064FB51460790204600F0B1FA079BB1
:100F20009A46069B9A1B04D05146204600F0F2FBDD
:100F300082460121204600F048FB0D9B002B06460F
:100F40007EDD1A460146204600F0E4FB059B012B9E
:100F5000064678DD00230693336906EB83031869A0
:100F600000F0E3FAC0F12000049B184410F01F00C9
:100F700000F08880C0F12003042B40F38180C0F191
:100F80001C00049B0344804405440493B8F1000F03
:100F900005DD51464246204600F00AFC8246049B8D
:100FA000002B05DD31461A46204600F001FC0646BE
:100FB0000E9B002B68D03146504600F058FC0028AC
:100FC00062DA002351460A22204600F070FA089B9C
:100FD00009F1FF398246002B00F088813946002351
:100FE0000A22204600F063FABBF1000F074600F327
:100FF0008F80059B022B40F38B804DE0129BC3F149
:1010000036035BE7019B5E1E069BB342BFBF069B98
:101010000696F21A0D9BB6BF9B189E1B0D93019B63
:10102000B8BF0026002BB5BFA8EB0305019B00232A
:10103000454645E7069E089F45464AE7069A73E7F8
:10104000059B012B18DC029BB3B9039BC3F313036D
:10105000A3B9039B23F000431B0D1B052BB1049B7D
:101060000133049308F10108012306930D9B002B23
:101070007FF472AF012077E70023F6E7029BF4E7E5
:1010800084D018461C307CE7019B002B3ADC059B82
:10109000022B37DDDDF804B0BBF1000F0DD1314676
:1010A0005B460522204600F002FA014606465046FD
:1010B00000F0DDFB00283FF7BEAD099B009D6FEA05
:1010C00003094FF000083146204600F0D9F9002FFF
:1010D0003FF4B4AEB8F1000F05D0B84503D0414697
:1010E000204600F0CDF93946204600F0C9F9A5E6C2
:1010F00000263746E1E70C9EDDF81C9037469AE55E
:1011000000002440089BDDF804B0002B00F0F580BF
:10111000002D05DD39462A46204600F049FB0746EA
:10112000069B002B55D07968204600F075F93A6986
:1011300002320546920007F10C010C30FEF7D0FC9C
:1011400001222946204600F033FB009B0133019326
:10115000009B5B440793029B03F00103B846069390
:101160000746019B3146504603F1FF3BFFF772FAF9
:1011700003463033029041465046089300F077FB17
:101180003A4604903146204600F08DFBC268089B29
:10119000054602BB0146504600F069FB089B02462B
:1011A00029462046CDE9083200F06AF9059B099AE4
:1011B000019D43EA0201069B0B43089B0DD1392B8D
:1011C00027D0049A002A01DD029B31338BF80030CE
:1011D00079E73846B9E70122E2E70499002904DB00
:1011E000059801430698014320D1002AEEDD5146BF
:1011F00001222046019300F0DBFA3146824600F0DE
:1012000036FB0028019B02DCE0D1DA07DED5392B62
:10121000DAD139238BF800302B461D46013B15F8F7
:10122000012C392A50D001321A704CE7002A03DD14
:10123000392BEED00133C9E7019A079902F8013C36
:101240008A422AD0514600230A22204600F02FF974
:10125000B84582464FF000034FF00A02414620464F
:1012600007D100F024F980460746019B0133019322
:1012700077E700F01CF93946804600230A22204611
:1012800000F015F90746F0E7BBF1000F009ACCBF5C
:101290005D46012515444FF00008514601222046C5
:1012A000019300F085FA3146824600F0E0FA00280A
:1012B000B2DC02D1019BDB07AED42B461D4613F8EE
:1012C000012D302AFAD0FEE6009A9A42A5D13123A8
:1012D00009F101091370F6E6124BFFF7B5BA219B2D
:1012E000002B7FF48BAA104BFFF7AEBABBF1000FB7
:1012F00003DC059B022B3FF7CFAE009D31465046E5
:10130000FFF7A8F900F1300305F8013B009AAA1A8B
:101310009345B9DD514600230A22204600F0C7F864
:101320008246EBE7602C0300852D030000487047E0
:101330008C6200207047704782B001B901A942B1A8
:101340004BB113780B601278101E18BF012002B049
:1013500070471046FBE76FF00100F8E7000000005F
:1013600001F0FF01102A2BDB10F0070F08D010F856
:10137000013B013A8B422DD010F0070F42B3F6D15A
:10138000F0B441EA012141EA014122F007047FF073
:1013900000070023F0E80256083C85EA010586EACA
:1013A000010685FA47F5A3FA87F586FA47F6A5FA06
:1013B00087F68EB9EED1F0BC01F0FF0102F0070212
:1013C00032B110F8013B013A83EA010313B1F8D1BD
:1013D0000020704701387047002D06BF354603389E
:1013E000073815F0010F07D1013015F4807F02BFD7
:1013F000013015F4C03F0130F0BC0138704700BF28
:101400000148FFF797BF00BF788B00200148FFF726
:1014100092BF00BF788B002070B5466A04460D4627
:101420003EB91020FAF70AFEC0E901666062066064
:10143000C660666AF36883B1636ADB6853F82500A7
:10144000B8B9012101FA05F6721D9200204600F09C
:10145000F0FA60B1C0E901560EE0212204212046D5
:1014600000F0E7FA636AF060DB68002BE4D100204B
:1014700070BD026843F825200023C0E90333F7E775
:1014800070B5466A05460C463EB91020FAF7D6FDFF
:10149000C0E9016668620660C6603CB16B6A62685A
:1014A000DB6853F82210216043F8224070BD2DE91B
:1014B000F0410E69074698460C4601F114000023DE
:1014C0000568A9B202FB01814FEA114C2D0C02FB09
:1014D00005C589B2013301EB05419E4240F8041B6A
:1014E0004FEA1548ECDCB8F1000F1BD0A368B342FB
:1014F00012DC616838460131FFF78EFF2269023243
:1015000004F10C01054692000C30FEF7E9FA214681
:101510003846FFF7B5FF2C4604EB86030136C3F8C7
:10152000148026612046BDE8F081030C1B04D3B96A
:101530000004102310F07F4F04BF0002083310F0A6
:10154000704F04BF0001043310F0404F04BF80000F
:101550000233002805DB10F0804F03F1010308BFC0
:101560002023184670470023E4E7036813F00702BE
:1015700001460BD0DA0724D4980749BF5B089B08C3
:1015800001200B605CBF0B600220704798B2B0B9BD
:101590001B0C102013F0FF0F04BF1B0A08301A07A2
:1015A00004BF1B0904309A0704BF9B080230DA0706
:1015B00003D45B0800F1010005D00B6070471046B2
:1015C000E8E7002070472020704710B50C46012145
:1015D000FFF722FF01224461026110BD2DE9F04FA7
:1015E00015460A692B699A42B8BF0B460C46BCBF28
:1015F0002C461D462769D5F81090A368616807EB53
:101600000906B342B8BF013185B0FFF705FF00F10D
:10161000140101EB86080B46002243451DD304F15B
:10162000140305F1140203EB870702EB890302930D
:101630003B1B153B23F00303043304F11505AF42B4
:1016400038BF04230193029B0392934208D8002ED3
:101650005ADC066105B0BDE8F08F43F8042BDCE7E7
:10166000B2F800A0BAF1000F24D004F1140E89469C
:101670004FF0000C5EF8045BD9F800B0ABB21FFA73
:101680008BFB0AFB03B34FEA154BD9F800506344B8
:101690004FEA154C0AFB0BC505EB13459BB243EA19
:1016A0000543774549F8043B4FEA154CE2D8019BC6
:1016B00041F803C0039BB3F802900432B9F1000F64
:1016C00020D00B6804F1140C8E464FF0000ABCF8D1
:1016D0000050BEF802B009FB05B5AA449BB243EA2C
:1016E0000A434EF8043B5CF8043BBEF800501B0C68
:1016F00009FB035303EB1A4367454FEA134AE6D845
:10170000019D4B5104319EE758F8043D002BA0D1B8
:10171000013E9CE72DE9F843154612F00302064608
:101720000F4607D0214C013A002354F82220FFF73E
:10173000BEFE0746AD1035D0746A3CB91020FAF7EA
:101740007DFCC0E9014470620460C460D6F8248066
:10175000D8F808404CB940F271213046FFF735FF08
:101760000023C8F80800044603604FF00009EB07A7
:101770000AD5394622463046FFF730FF39468046C3
:101780003046FFF77DFE47466D100BD0206838B914
:10179000224621463046FFF721FF2060C0F8009026
:1017A0000446E4E73846BDE8F88300BFF02E0300A6
:1017B0002DE9F0470C464968236903EB6218A368DA
:1017C000074691464FEA621A08F10106B3423FDB31
:1017D0003846FFF721FE0023054600F1140100F111
:1017E00010021846534536DB20692AEAEA7A04F1EA
:1017F000140319F01F0901EB8A0103EB800C2ED0B2
:10180000C9F1200E8A460022186800FA09F0024346
:101810004AF8042B53F8042B9C4522FA0EF2F3D815
:10182000ACEB0403153B23F00303043304F1150070
:10183000604588BF0423CA500AB108F10206013E80
:1018400038462E612146FFF71BFE2846BDE8F0878B
:1018500001315B00BAE742F8040F0133C2E70439F3
:1018600053F8042B41F8042F9C45F9D8E7E730B52D
:1018700002690C69121B0ED100F11403143103EB41
:10188000840001EB840150F8045D51F8044DA54239
:1018900003D005D30122104630BD8342F3D3FAE7CB
:1018A0004FF0FF32F7E72DE9F84F0C460646114698
:1018B00020461746FFF7DBFF051E08D129463046B4
:1018C000FFF7AAFD0123C0E90435BDE8F88FA4BFE6
:1018D0003B46274630467968A6BF1C4600250125B1
:1018E000FFF79AFD3E69C560256907F1140104F10F
:1018F000140900F1140E07F1100201EB860C09EB3C
:101900008505F246002759F8043B52F804BF1FFA38
:1019100083F817FA8BF71B0CA7EB0808C3EB1B43E4
:1019200003EB28431FFA88F81F144D4548EA034388
:101930004AF8043BE7D82B1B153B23F00303043381
:101940001534A54238BF0423194473449E460D46FE
:1019500065450ED30CF10302521A22F0030203393B
:101960008C4538BF00221A4452F8043D7BB1066111
:10197000ABE755F8048B17FA88F4221402EB1842EF
:10198000A4B244EA02444EF8044B1714E0E7013EC7
:10199000EAE72DE9F7438946012157EC106B9046A1
:1019A000FFF73AFDC7F30A550446C7F3130335BBE7
:1019B000002E019328D068460096FFF7D6FD0099C7
:1019C00000B3019AC0F1200302FA03F30B43C240B3
:1019D00063610192019BA361002B14BF02220122CB
:1019E0002261D5B1A5F233450544C9F80050C0F1D4
:1019F0003500C8F80000204603B0BDE8F08343F48A
:101A00008013D5E76161E5E701A8FFF7AEFD019B13
:101A10006361012222612030E3E704EB8203A0F23C
:101A20003240C9F800001869FFF77FFDC0EB421093
:101A3000DFE713B54A4311460192FEF7D1F8044699
:101A400018B1019A0021FEF773F8204602B010BDCC
:101A5000F8B5074614460E4621B9BDE8F8401146D0
:101A6000FEF7BEB822B9FEF76BF825462846F8BD4A
:101A700000F07DF9A0420FD221463846FEF7B0F8BB
:101A800005460028F2D031462246FEF729F83146B5
:101A90003846FEF755F8E9E73546E7E72DE9F04720
:101AA0008E689E4282460C4690461F4638D88A89E8
:101AB00012F4906F32D025680969A5EB01096569B8
:101AC00005EB450505EBD57501334B446D109D4283
:101AD00038BF1D46530531D52946FEF781F8064625
:101AE00050B90C23CAF80030A38943F04003A38106
:101AF0004FF0FF30BDE8F08721694A46FDF7F0FF5F
:101B0000A38923F4906343F08003A3812661656178
:101B10004E44A5EB09052660A5603E46BE4200D9AD
:101B20003E46324620684146FDF7E8FFA36822683A
:101B30009B1B3244A36022600020DBE72A46FFF7AC
:101B400087FF06460028E1D121695046FDF7F8FFDE
:101B5000C7E700002DE9F04F98468B891B069DB022
:101B600007460D4614460ED50B6963B94021FEF7B2
:101B700037F82860286120B90C233B604FF0FF3014
:101B8000D1E040236B610023099320238DF8293095
:101B9000CDF80C803023DFF8A8818DF82A304FF083
:101BA000010923469A4613F8012B0AB1252AF9D1D7
:101BB000BAEB040B0BD05B46224629463846FFF7AA
:101BC0006DFF013000F0AA80099A5A4409929AF8F0
:101BD0000030002B00F0A28000234FF0FF32CDE94F
:101BE00005230AF1010A049307938DF853301A93E1
:101BF0005446052214F8011B5148FFF7B1FB049A23
:101C0000D8B9D00644BF20238DF85330110744BF04
:101C10002B238DF853309AF800302A2B15D0079AD1
:101C2000544600204FF00A0C214611F8013B303B8E
:101C3000092B4ED9B0B1079214E0A0EB080309FAC2
:101C400003F313430493A246D2E7039B191D1B68B9
:101C50000391002BBBBF5B4242F002020793079344
:101C6000B8BF049223782E2B0CD163782A2B35D160
:101C7000039B1A1D1B680392002BB8BF4FF0FF3364
:101C800002340593DFF8C8A0217803225046FFF7FD
:101C900067FB40B14023A0EB0A0003FA00F0049B6D
:101CA00003430134049314F8011B26488DF82810CF
:101CB0000622FFF755FB002838D0234B1BBB039BA4
:101CC000073323F0070308330393099B3344099335
:101CD00067E70CFB02320C460120A5E70023013424
:101CE000059319464FF00A0C204610F8012B303AA4
:101CF000092A03D9002BC5D00591C3E70CFB0121AC
:101D000004460123F0E703AB00932A460F4B04A9D6
:101D10003846FEF75FF8421C0646D6D1AB895B0613
:101D20003FF52CAF09981DB0BDE8F08F03AB0093D1
:101D30002A46064B04A93846FEF7F0FAEBE700BF47
:101D4000FC2E0300062F0300D5FD02009D1A0300A0
:101D5000022F030049B1FF2A85BF8A2303600A705E
:101D60004FF0FF3098BF012070470846704751F888
:101D7000043C181F002BBCBF0B58C0187047000054
:101D800070B54FF0FF0C4CF4E06C1CEA11541DBF11
:101D90001CEA135594EA0C0F95EA0C0F00F0DEF8DC
:101DA0002C4481EA030621EA4C5123EA4C5350EAC1
:101DB000013518BF52EA033541F4801143F4801312
:101DC00038D0A0FB02CE4FF00005E1FB02E506F0A3
:101DD0000042E0FB03E54FF00006E1FB03569CF0F8
:101DE000000F18BF4EF0010EA4F1FF04B6F5007FFE
:101DF00064F5407404D25FEA4E0E6D4146EB060670
:101E000042EAC62141EA55514FEAC52040EA5E50F8
:101E10004FEACE2EB4F1FD0C88BFBCF5E06F1ED8A2
:101E2000BEF1004F08BF5FEA500E50F1000041EBD9
:101E3000045170BD06F0004646EA010140EA020086
:101E400081EA0301B4EB5C04C2BFD4EB0C0541EAA8
:101E5000045170BD41F480114FF0000E013C00F3BD
:101E6000AB8014F1360FDEBF002001F0004170BDE1
:101E7000C4F10004203C35DA0C341BDC04F11404FA
:101E8000C4F1200500FA05F320FA04F001FA05F286
:101E900040EA020001F0004221F0004110EBD37053
:101EA00021FA04F642EB06015EEA430E08BF20EA7F
:101EB000D37070BDC4F10C04C4F1200500FA04F322
:101EC00020FA05F001FA04F240EA020001F00041B4
:101ED00010EBD37041F100015EEA430E08BF20EA27
:101EE000D37070BDC4F1200500FA05F24EEA020E6F
:101EF00020FA04F301FA05F243EA020321FA04F09E
:101F000001F0004121FA04F220EA020000EBD37054
:101F10005EEA430E08BF20EAD37070BD94F0000F54
:101F20000FD101F00046400041EB010111F4801F88
:101F300008BF013CF7D041EA060195F0000F18BF39
:101F4000704703F00046520043EB030313F4801F75
:101F500008BF013DF7D043EA0603704794EA0C0F2F
:101F60000CEA135518BF95EA0C0F0CD050EA410645
:101F700018BF52EA4306D1D181EA030101F00041C2
:101F80004FF0000070BD50EA410606BF10461946EA
:101F900052EA430619D094EA0C0F02D150EA0136F6
:101FA00013D195EA0C0F05D152EA03361CBF104637
:101FB00019460AD181EA030101F0004141F0FE41D6
:101FC00041F470014FF0000070BD41F0FE4141F45A
:101FD000780170BD70B54FF0FF0C4CF4E06C1CEA5A
:101FE00011541DBF1CEA135594EA0C0F95EA0C0F0F
:101FF00000F0A7F8A4EB050481EA030E52EA0335CA
:102000004FEA013100F088804FEA03334FF08055EA
:1020100045EA131343EA12634FEA022245EA111517
:1020200045EA10654FEA00260EF000419D4208BFC8
:10203000964244F1FD0404F5407402D25B084FEA75
:102040003202B61A65EB03055B084FEA32024FF421
:1020500080104FF4002CB6EB020E75EB030E22BF7E
:10206000B61A754640EA0C005B084FEA3202B6EB3E
:10207000020E75EB030E22BFB61A754640EA5C00ED
:102080005B084FEA3202B6EB020E75EB030E22BF7D
:10209000B61A754640EA9C005B084FEA3202B6EB7E
:1020A000020E75EB030E22BFB61A754640EADC003D
:1020B00055EA060E18D04FEA051545EA16754FEA9F
:1020C00006164FEAC30343EA52734FEAC2025FEABD
:1020D0001C1CC0D111F4801F0BD141EA00014FF04C
:1020E00000004FF0004CB6E711F4801F04BF01431D
:1020F0000020B4F1FD0C88BFBCF5E06F3FF6AFAE39
:10210000B5EB030C04BFB6EB020C5FEA500C50F1C8
:10211000000041EB045170BD0EF0004E4EEA11314B
:1021200014EB5C04C2BFD4EB0C0541EA045170BD52
:1021300041F480114FF0000E013C90E645EA060E96
:102140008DE60CEA135594EA0C0F08BF95EA0C0FC4
:102150003FF43BAF94EA0C0F0AD150EA01347FF40C
:1021600034AF95EA0C0F7FF425AF104619462CE7E3
:1021700095EA0C0F06D152EA03353FF4FDAE104646
:10218000194622E750EA410618BF52EA43067FF497
:10219000C5AE50EA41047FF40DAF52EA43057FF427
:1021A000EBAE12E74FF0FF3C06E000BF4FF0010C32
:1021B00002E000BF4FF0010C4DF804CD4FEA410C96
:1021C0007FEA6C5C4FEA430C18BF7FEA6C5C1BD063
:1021D00001B050EA410C0CBF52EA430C91EA030FE4
:1021E00002BF90EA020F0020704710F1000F91EA41
:1021F000030F58BF994208BF90422CBFD8176FEA0F
:10220000E37040F0010070474FEA410C7FEA6C5CDC
:1022100002D150EA013C07D14FEA430C7FEA6C5CE3
:10222000D6D152EA033CD3D05DF8040B704700BF0F
:102230008446104662468C461946634600E000BF5D
:1022400001B5FFF7B7FF002848BF10F1000F01BD2F
:102250004DF808EDFFF7F4FF0CBF012000205DF8FA
:1022600008FB00BF4DF808EDFFF7EAFF34BF01207F
:1022700000205DF808FB00BF4DF808EDFFF7E0FF18
:1022800094BF012000205DF808FB00BF4DF808ED69
:10229000FFF7CEFF94BF012000205DF808FB00BFD0
:1022A0004DF808EDFFF7C4FF34BF012000205DF8B2
:1022B00008FB00BF4FEA410C7FEA6C5C02D150EA98
:1022C000013C0AD14FEA430C7FEA6C5C02D152EA2E
:1022D000033C02D14FF0000070474FF001007047FF
:1022E0004FEA410212F5001215D211D56FF478733E
:1022F000B3EB625212D94FEAC12343F0004343EAE1
:10230000505311F0004F23FA02F018BF40427047BB
:102310004FF00000704750EA013005D111F0004045
:1023200008BF6FF0004070474FF00000704700BFDB
:10233000044A05491368002B08BF0B461844106077
:1023400018467047E8880020848B0020FEE700BF15
:10235000F8B500BFF8BC08BC9E467047F8B500BF92
:10236000F8BC08BC9E4670475B493243205343414A
:102370004E5D205363616E6E696E6720706879737D
:102380006963616C2049324320627573202830787C
:102390003031202D2030783746292E2E2E00000097
:1023A00020205B2B5D20506879736963616C204944
:1023B00032432048617264776172652044657465B8
:1023C00063746564206174203078253032580000D1
:1023D0002028544920544D503131372048696768CE
:1023E0002D507265636973696F6E205254442900E1
:1023F000202853656E736972696F6E2053434434AD
:102400003120434F322900002028426F7363682037
:10241000424D4536383820476173290020205B2D16
:102420005D204E6F2065787465726E616C20493254
:1024300043206D6F64756C657320696E20736C6FDB
:10244000747320285573696E67206E524635323892
:10245000343020506879736963616C20496E74650B
:10246000726E616C2053656E736F7273292E00005B
:10247000545255452028435249544943414C290060
:1024800046414C534520284E4F4D494E414C290062
:1024900050494E4700000000504F4E473A206E52C0
:1024A0004635323834302048617264776172652075
:1024B0004F6E6C696E65000054454D500000000081
:1024C000504859534943414C5F4449455F54454D39
:1024D000503A20252E3266204320285265616C2018
:1024E00053696C69636F6E2052656164696E672918
:1024F0000A00000056424154000000005048595361
:102500004943414C5F564241543A20252E306620C3
:102510006D5620285265616C2041444320566F6CF3
:10252000746167652052656164696E67290A0000FD
:10253000534F4300424154544552595F534F433A1D
:1025400020252E31662525207C20566F6C7461670E
:10255000653A20252E3066206D56207C2044696522
:1025600054656D703A20252E32662043207C204829
:1025700065616C74683A20474F4F440A00000000C0
:10258000435553554D000000435553554D5F464943
:102590004C5445523A20535F6B3D252E3366207CC8
:1025A00020426173656C696E653D252E326620435D
:1025B000207C205468726573686F6C643D252E32F0
:1025C00066207C20416C6572743D25730A00000012
:1025D000424C41434B424F5800000000424C4143A3
:1025E0004B424F585F4C4F473A2025642072656339
:1025F0006F7264732073746F72656420696E2072E9
:10260000696E67206275666665720A0020205B2D20
:102610002325645D20743D2575206D73207C205436
:10262000656D703D252E32662043207C2056426128
:10263000743D252E3066206D56207C20536F433D1F
:10264000252E31662525207C2054585F5077723D19
:1026500025642064426D0A00414452004144525FA7
:10266000454E47494E453A20506F7765723D256487
:102670002064426D207C2053463D2564207C20450B
:1026800073745F525353493D25642064426D207C2E
:10269000204C6F73743D2575207C2041636B65640D
:1026A0003D25750A000000005343414E0000000024
:1026B00053544154555300005354415455533A20F8
:1026C000557074696D653D256C75206D73207C2097
:1026D0005061636B6574733D256C75207C20446983
:1026E0006554656D703D252E32662043207C205652
:1026F0004261743D252E3066206D56207C20536F3C
:10270000433D252E31662525207C20435553554DCC
:102710003D252E3366207C2054585F5077723D252E
:10272000642064426D0A0000554E4B4E4F574E20B8
:10273000434F4D4D414E443A20272573272E2056B6
:10274000616C69643A2050494E472C2054454D50E5
:102750002C20564241542C20534F432C2043555398
:10276000554D2C20424C41434B424F582C20414464
:10277000522C205343414E2C205354415455530A5C
:10278000000000000A3D3D3D3D3D3D3D3D3D3D3DA0
:102790003D3D3D3D3D3D3D3D3D3D3D3D3D3D3D3D69
:1027A0003D3D3D3D3D3D3D3D3D3D3D3D3D3D3D3D59
:1027B0003D3D3D3D3D3D3D3D3D3D3D3D3D00000000
:1027C000202042454556494C204B4E494556454CE4
:1027D00020E280942052414B3436333120534D4116
:1027E0005254205452414E534D4954544552207630
:1027F000322E3000202034204D61737465722045E4
:102800006D62656464656420416C676F72697468A9
:102810006D733A20536F43202B20435553554D2061
:102820002B20426C61636B626F78202B20414452F5
:10283000000000003D3D3D3D3D3D3D3D3D3D3D3DBC
:102840003D3D3D3D3D3D3D3D3D3D3D3D3D3D3D3DB8
:102850003D3D3D3D3D3D3D3D3D3D3D3D3D3D3D3DA8
:102860003D3D3D3D3D3D3D3D3D3D3D3D000000008C
:102870000A5B494E49545D204E6F72646963206E55
:1028800052463532383430202B20535831323632CC
:10289000204C6F526120526164696F2052656164FF
:1028A000792040203836352E30363235204D487A62
:1028B000000000005B50524F4D50545D20456E7437
:1028C00065722027535441545553272C2027534FCA
:1028D00043272C2027435553554D272C2027424C66
:1028E00041434B424F58272C2027414452272C204C
:1028F0002754454D502720666F72206C69766520FD
:10290000646961676E6F73746963732E0A000000F7
:102910005B545820232530346C75207C20256C7541
:10292000206D735D2054656D703A20252E3266202F
:1029300043207C20564261743A20252E3066206D5B
:1029400056207C20536F433A20252E3166252520C2
:102950007C20435553554D3A20252E3366207C204C
:1029600054585F5077723A2025642064426D207C71
:1029700020557074696D653A20252E3166730A0002
:1029800020205B5041434B45545F4845585D200033
:102990000000000000000000DD6D0200156E020066
:1029A000CD6D0200D56D0200056E02000D6E0200B5
:1029B000D16D020054696E79555342205365726996
:1029C000616C00000000000000000000697402005B
:1029D00021740200117402008D730200D973020089
:1029E000AD73020005740200A5720200F0FFFFFF44
:1029F00000000000D574020052414B776972656C8B
:102A000065737300576973426C6F636B2052414B5F
:102A1000343633310000000030313233343536374C
:102A2000383941424344454600000000120100028B
:102A3000000000409A2329800001010203010000E8
:102A400009020900000100A0320000004164616633
:102A500072756974000000004D6173732053746FC8
:102A60007261676500000000312E3000757362648A
:102A700000000000050F3900021810050038B608E4
:102A800034A909A0478BFDA0768815B66500010121
:102A9000011C100500DF60DDD88945C74C9CD2655C
:102AA0009D9E648A9F00000306B2000200000000A1
:102AB000057F02007D7F0200A97F0200A180020045
:102AC0006181020000000000A98A0200B98A0200A8
:102AD000C98A02005D8B0200918C02000000000098
:102AE000E9820200F982020009830200C983020020
:102AF000C985020000000000A986020009870200C3
:102B00003187020061880200658802000000000031
:102B100065930200C1930200E1930200B57C0200BC
:102B2000C994020000000000000101010000000043
:102B3000010000000200000003000000040000008B
:102B4000050000000600000007000000080000006B
:102B5000090000000A0000000B0000000C0000004B
:102B60000D0000000E0000000F000000100000002B
:102B7000110000001200000013000000140000000B
:102B800015000000160000001700000018000000EB
:102B9000190000001A0000001B0000001C000000CB
:102BA0001D0000001E0000001F00000020000000AB
:102BB000210000002200000023000000240000008B
:102BC000250000002600000027000000280000006B
:102BD000290000002A0000002B0000002C0000004B
:102BE0002D0000002E0000002F0000000D0A000044
:102BF000546D725100000000546D722053766300D2
:102C00006C6F6F70000000000100000043616C6C8D
:102C10006261636B00000000000000000000000023
:102C200039ED020081ED0200CD6D0200F5EC0200ED
:102C300005ED0200FDEC02000DED0200D9ED0200F1
:102C4000D9EF020061EC020059EC02003C61002067
:102C5000494E4600696E66004E414E006E616E0040
:102C6000300030313233343536373839414243441D
:102C70004546003031323334353637383961626396
:102C800064656600002020202020202020202828A5
:102C9000282828202020202020202020202020201C
:102CA000202020202088101010101010101010105C
:102CB000101010101004040404040404040404108C
:102CC000101010101010414141414141010101011A
:102CD00001010101010101010101010101010101E4
:102CE00010101010101042424242424202020202F0
:102CF00002020202020202020202020202020202B4
:102D00001010101020000000000000000000000063
:102D100000000000000000000000000000000000B3
:102D200000000000000000000000000000000000A3
:102D30000000000000000000000000000000000093
:102D40000000000000000000000000000000000083
:102D50000000000000000000000000000000000073
:102D60000000000000000000000000000000000063
:102D70000000000000000000000000000000000053
:102D80000000000000496E66696E697479004E614A
:102D90004E000000000000000000000000000000E5
:102DA0000000000000000000000000000000000023
:102DB0000000000000000000000000000000000013
:102DC0000000000000000000000000000000000003
:102DD00000000000000000000000000000000000F3
:102DE00000000000000000000000000000000000E3
:102DF000000000004300504F534958002E000000CF
:102E00000080E03779C34143176E05B5B5B89346E6
:102E1000F5F93FE9034F384D321D30F94877825AB2
:102E20003CBF737FDD4F1575000000000000F03FD0
:102E30000000000000002440000000000000594095
:102E40000000000000408F40000000000088C340E8
:102E500000000000006AF8400000000080842E415D
:102E600000000000D01263410000000084D79741A9
:102E70000000000065CDCD41000000205FA00242AF
:102E8000000000E876483742000000A2941A6D4224
:102E9000000040E59C30A2420000901EC4BCD64217
:102EA00000003426F56B0C430080E03779C34143C2
:102EB00000A0D8855734764300C84E676DC1AB4338
:102EC000003D9160E458E143408CB5781DAF154456
:102ED00050EFE2D6E41A4B4492D54D06CFF0804431
:102EE000F64AE1C7022DB544B49DD9794378EA4446
:102EF00005000000190000007D000000232D302B8C
:102F00002000686C4C00656667454647000000007D
:042F100000000000BD
:082F14003C33FF7F01000000C7
:102F1C000E07ABFF000000000000000000000000E6
:102F2C00AE470B429A99193E9A99993F00000000BE
:102F3C00000000000A00000000000306B2000800B8
:102F4C0001000000A800080002000000A00014000E
:102F5C00030057494E55534200000000000000008A
:102F6C0000008400040007002A004400650076007D
:102F7C0069006300650049006E0074006500720012
:102F8C00660061006300650047005500490044007D
:102F9C007300000050007B003900370035004600FC
:102FAC0034003400440039002D003000440030005F
:102FBC0038002D0034003300460044002D0038004A
:102FCC004200330045002D00310032003700430031
:102FDC0041003800410046004600460039004400DC
:102FEC007D0000000000000010000C00587800204C
:102FFC0000000000000000000000000000000000C5
:10300C0000000000000000000000000000000000B4
:10301C0000000000000000000000000000000000A4
:10302C000000000000000000000000000000000094
:10303C000000000000000000000000000000000084
:10304C000090D0030A0000003C610020000000004A
:10305C00B42D0300D42D0300942D030000000000B8
:10306C000000000000000000000000000000000054
:10307C000000000000000000000000000000000044
:10308C000000000000000000000000000000000034
:10309C000000000000000000000000000000000024
:1030AC0000000000000000000000000043000000D1
:1030BC000000000000000000000000000000000004
:1030CC0000000000000000000000000043000000B1
:1030DC0000000000000000000000000000000000E4
:1030EC000000000000000000000000004300000091
:1030FC0000000000000000000000000000000000C4
:10310C000000000000000000000000004300000070
:10311C0000000000000000000000000000000000A3
:10312C000000000000000000000000004300000050
:10313C000000000000000000000000000000000083
:10314C000000000000000000000000004300000030
:10315C000000000000000000000000000000000063
:10316C000000000000000000000000004300000010
:10317C000000000000000000000000000000000043
:10318C00000000000000000000000000551D0300BE
:10319C003913030000000000842C0300FC2D0300F5
:1031AC00012F0300012F0300012F0300012F030047
:1031BC00012F0300012F0300012F0300012F030037
:1031CC00012F0300FFFFFFFFFFFFFFFFFFFFFFFFCC
:1031DC00FFFF00000100415343494900000000007B
:1031EC0000000000000000000000000000000000D3
:1031FC00000000000000415343494900000000005A
:10320C0000000000000000000000000000000000B2
:10321C0000000000000000000162020035620200A4
:10322C00C571020049720200457602005DF202008F
:04323C001162020019
:040000032000E1BD3B
:00000001FF
