moisture_percent,brix_index,hmf_mg_kg,diastase_activity,electrical_conductivity,c13_isotope_delta,purity_score,adulteration_class
15.093391476356597,79.5,35.73764541547311,9.916520539124157,0.3505045395591748,-26.80551371600533,89,100% Pure Floral Nectar
16.345222072202127,76.17938626752995,27.31248422002536,6.34495583635387,0.34234640607315997,-14.013919039206067,32,C4 Cane/Corn Syrup Adulteration
14.585828730371553,83.01199223893997,2.0,9.0,0.3068669711723431,-26.73321242331926,94,100% Pure Floral Nectar
16.396957517944337,81.88036431866509,13.825100936773154,21.569193106332314,0.4483850632337836,-25.74701990713546,94,100% Pure Floral Nectar
22.18049119739813,74.0691360578347,64.28760629046442,1.5969683672102426,0.7109750936728896,-23.395409235831625,34,Acid-Inverted Sugar Syrup
18.0326560783314,83.3782024094495,38.0,19.61654565766763,0.3356212245293023,-26.64617196999064,93,100% Pure Floral Nectar
18.86375058282732,81.4859509577793,8.655494444600611,13.598831847425377,0.75,-27.171459195343246,95,100% Pure Floral Nectar
19.8,79.82011737884388,12.9253771887002,14.619134706615338,0.273269966551419,-26.17661541069202,91,100% Pure Floral Nectar
19.04463654985114,80.29436367893379,2.0,16.746207130468846,0.701286453459915,-26.570436748743028,95,100% Pure Floral Nectar
19.8,82.21276156995388,17.59707395021144,17.0588919442947,0.5768562507780857,-26.78468807710171,91,100% Pure Floral Nectar
17.395237411950557,76.68106617539529,61.430822524100876,7.158092342193468,0.25,-24.685875038383248,24,Acid-Inverted Sugar Syrup
15.607240061405257,84.62641888052421,2.0,14.265187324087623,0.4599670122080457,-26.45534551364116,90,100% Pure Floral Nectar
16.584376518416153,82.47230646863198,2.0,14.472880706051578,0.3154091434717886,-26.045354481563695,96,100% Pure Floral Nectar
19.764042272196093,81.67893503307867,13.949479978824206,22.054524661777048,0.4490940216762983,-26.243480381887863,94,100% Pure Floral Nectar
19.46105932504392,75.57696307748209,11.92056588425141,14.558017838252223,0.48852373796081383,-18.81414973970572,68,C4 Cane/Corn Syrup Adulteration
15.754466535061445,81.25638558776396,2.093299342247993,20.62101459445769,0.7176781101014571,-27.020278855943353,88,100% Pure Floral Nectar
16.826686739071818,82.1420940703057,10.215850244885232,10.943980270257423,0.511343084724181,-26.306783457446105,92,100% Pure Floral Nectar
20.782317384928483,76.27978965404279,65.68535842967815,5.750507406066416,0.49006207399134605,-26.969179811607514,39,Acid-Inverted Sugar Syrup
17.01779972388524,85.0,23.896416388158247,17.743248100935602,0.480837161499377,-25.982793928909715,96,100% Pure Floral Nectar
19.8,82.05288558387221,2.0,21.756139158251504,0.2315429945558435,-25.75937949449696,97,100% Pure Floral Nectar
17.461473470267908,79.5,2.6374996617122477,20.536236300836908,0.3652597983023929,-26.624118655754508,95,100% Pure Floral Nectar
18.773595171805674,76.25517072382634,71.68296602796782,3.998678738596781,0.6118320692721806,-23.852878961132845,45,Acid-Inverted Sugar Syrup
18.87823169942207,75.35664949847461,30.02979602483354,5.751592424207967,0.3264211681739297,-15.188178759070864,48,C4 Cane/Corn Syrup Adulteration
17.554431333253174,81.9715327392642,8.395497671049696,10.510025812269266,0.5032437546015773,-26.707897284170283,97,100% Pure Floral Nectar
22.373884764656925,69.12312362436386,66.6831591873064,4.2654431386723415,0.7033784223399111,-24.44495149417266,36,Acid-Inverted Sugar Syrup
20.213936032556365,74.60420484493667,31.058708586707375,12.598024391992093,0.2550597328772527,-25.864325624154244,43,Industrial Rice Syrup Adulteration
16.89911055759577,83.9761854402885,2.0,15.79746832626799,0.530526375365751,-25.600672424122394,97,100% Pure Floral Nectar
19.810572225755177,79.0,83.28650155867709,2.7810108852264017,0.8040912555521678,-26.375332206061593,31,Acid-Inverted Sugar Syrup
18.86112187639494,78.34493674153916,25.61885971202803,8.632493891549762,0.37360972942150755,-16.63811552522848,45,C4 Cane/Corn Syrup Adulteration
20.720994558183154,81.0,16.73069385793127,9.104633478749486,0.2136903846419681,-18.107389468749616,53,C4 Cane/Corn Syrup Adulteration
19.332077208552928,77.59643388057555,72.08146574479129,5.733467163162241,0.25,-23.709769080728833,20,Acid-Inverted Sugar Syrup
16.636667443199247,75.08950176131448,26.467600098977417,5.83259304537245,0.28150424102606714,-24.507348441595614,30,Industrial Rice Syrup Adulteration
18.68789261162746,77.1000337198334,40.13536177283225,2.0,0.26105505001685403,-23.972804975795196,44,Industrial Rice Syrup Adulteration
17.306407547977376,81.34112922281876,5.1737640528746125,25.62601791191534,0.37965555159998826,-25.989203922850592,97,100% Pure Floral Nectar
17.209888422079445,81.24450160782038,4.821629464296483,18.73499760485629,0.48259141924230087,-27.019956678427285,94,100% Pure Floral Nectar
16.068108955949537,81.5026467964916,3.5592480961344606,9.829078762922416,0.3502103084127338,-26.517697752234415,94,100% Pure Floral Nectar
21.385183242890747,73.54897124450876,35.79519484241057,10.671990304576257,0.4095238364055164,-20.681394759783284,46,C4 Cane/Corn Syrup Adulteration
18.64281281987368,83.60518365323014,13.677325794771779,21.470263931687505,0.40400210321782726,-26.292365319318705,100,100% Pure Floral Nectar
23.922873916124352,79.0,78.12132739437482,0.5,0.3028063976730307,-26.54818082918915,20,Acid-Inverted Sugar Syrup
17.537850708883493,81.18580041387075,6.861885617530586,16.624880821124812,0.39168238813596645,-26.599566861079836,92,100% Pure Floral Nectar
18.851615291704995,81.31843150017085,6.618858526311031,19.76926372578354,0.2832856608947678,-25.531342568830635,94,100% Pure Floral Nectar
19.71676113758933,79.5,7.207844793386414,16.38914374293907,0.4824953166831303,-26.798093994617936,97,100% Pure Floral Nectar
16.198574807036042,83.04695840624854,11.167695741603886,16.13519748541134,0.4215090923520377,-27.715626874762314,86,100% Pure Floral Nectar
21.240052752752455,78.9979911116053,29.720286497097838,11.764326037666867,0.21981261481272132,-12.030604254884665,39,C4 Cane/Corn Syrup Adulteration
21.18960900841821,71.44441640757627,37.48496252428501,6.497484649719354,0.3164320672155598,-26.304770737014227,41,Industrial Rice Syrup Adulteration
18.444888126968866,77.16533068756573,21.17689564890599,9.724337394093634,0.33183304303831085,-13.29334139334211,49,C4 Cane/Corn Syrup Adulteration
19.8576471689119,72.51595359995058,58.95547001246438,6.5163886519017655,0.7631533064111813,-24.392134999757346,41,Acid-Inverted Sugar Syrup
20.260526411201432,75.78009290134551,27.184989159703584,4.0,0.2198674715975153,-16.318030456995952,53,C4 Cane/Corn Syrup Adulteration
17.47213802220827,81.87290220982703,7.2562249961944545,13.783732415832413,0.3790434582407929,-25.90755453410218,91,100% Pure Floral Nectar
14.41740351955875,81.40235421108088,4.482423782837229,13.265514166699557,0.4911664860339625,-27.061326996406223,98,100% Pure Floral Nectar
17.074370027997883,80.82683758808838,4.05704597870537,21.8606308175994,0.3139292460205986,-26.829354520436265,94,100% Pure Floral Nectar
16.417509413819776,83.33648767405035,9.353232207187594,10.54555438956406,0.5551720460095235,-26.716696985366326,96,100% Pure Floral Nectar
15.686520843428433,81.81260829551157,10.505612655922297,14.442402575272759,0.37018903959296057,-26.987858185144088,100,100% Pure Floral Nectar
15.967282690307181,76.49440251306417,28.18745701717924,10.249619932586343,0.2988203986348019,-14.510213255729301,24,C4 Cane/Corn Syrup Adulteration
18.389151876035157,75.57717817528037,15.480672606719432,4.844803153682217,0.364583626624197,-14.924930515694872,33,C4 Cane/Corn Syrup Adulteration
20.588116449601433,72.89019363106786,29.782403848083018,4.806717617775384,0.2726063536137931,-22.82480173037758,17,Industrial Rice Syrup Adulteration
17.92616484812465,75.21602108991496,28.74836367508917,11.137255954446214,0.3551552217432763,-16.551541347409895,47,C4 Cane/Corn Syrup Adulteration
18.131091058690863,74.3041088881987,36.04328812385945,6.891849739860847,0.2674907026664983,-14.114252935011653,57,C4 Cane/Corn Syrup Adulteration
18.594773547225994,81.08649005782215,2.325848480633538,9.818806268709347,0.45534921606483836,-26.245773695816357,85,100% Pure Floral Nectar
18.676900047495153,74.4203675174015,38.368247171923876,3.3198103576824156,0.3305443421757323,-25.17815980368808,29,Industrial Rice Syrup Adulteration
16.969490610395127,78.15653566517209,44.50117865821371,7.914069730442977,0.26407906698043343,-24.87733913460579,54,Industrial Rice Syrup Adulteration
14.0,85.0,2.0,9.0,0.4647352990235047,-26.945681132751563,100,100% Pure Floral Nectar
17.971549668905528,74.27058772256787,56.18267011915498,0.663449505896601,0.7823341912408124,-24.706144291701225,22,Acid-Inverted Sugar Syrup
22.3780668488859,78.28439458878321,14.194280324395933,3.5776542715517117,0.33856114177921526,-25.4232140877915,62,Industrial Rice Syrup Adulteration
17.5337165758287,81.34384918873278,2.7025765051729387,23.583958198371928,0.45931514607940976,-25.84214485203898,97,100% Pure Floral Nectar
15.18026429948442,76.5788833665702,36.449312350480284,12.431146895544652,0.3682258443582042,-17.526903763625413,68,C4 Cane/Corn Syrup Adulteration
16.603752107134916,79.54886883340255,28.596272001777947,12.398106697718575,0.3114460902587739,-18.432188875097186,46,C4 Cane/Corn Syrup Adulteration
17.089132551885427,77.78041141904893,30.531485467411617,12.254404935898783,0.3660621825081453,-11.0,42,C4 Cane/Corn Syrup Adulteration
19.583100922489333,81.00388400270525,2.6953300337120445,16.506853324154374,0.48570477842028636,-27.562047704583986,95,100% Pure Floral Nectar
17.122233221544732,82.26834477142697,2.0,9.0,0.35254051896783273,-26.863041519697063,90,100% Pure Floral Nectar
19.034782601594813,79.39408597752471,23.250404584101943,4.2458214438721935,0.3893952008993935,-17.49940855659533,48,C4 Cane/Corn Syrup Adulteration
21.44045014864293,76.8936843693886,27.455233276963114,3.008758115075822,0.13811412462294584,-24.313313157137838,42,Industrial Rice Syrup Adulteration
18.981294900149475,84.39721070484488,2.0,21.608281385891466,0.20093854692183483,-25.910997163396583,91,100% Pure Floral Nectar
17.200739142399236,80.21025677504954,5.7966079995772,19.439480937406667,0.5041357440855502,-26.02615593057813,92,100% Pure Floral Nectar
18.598002794403918,73.78604607266944,20.84309109536527,10.258999991669123,0.2823592955678823,-26.482381121939472,44,Industrial Rice Syrup Adulteration
17.99171350388416,83.82824241790075,17.893643184701528,17.621742399003576,0.5917906686256933,-26.49601543761188,91,100% Pure Floral Nectar
15.07288204766438,82.38819174433553,2.0,13.497935032102209,0.38226674516428444,-25.119717670621952,91,100% Pure Floral Nectar
16.890642560653486,79.6612392977985,13.895620107547527,14.196881437565297,0.3459923868052318,-26.864987505471007,93,100% Pure Floral Nectar
15.807910875548082,80.85687616009805,38.0,18.82625215075062,0.4622907497261177,-26.169028848511694,92,100% Pure Floral Nectar
16.37064850606558,82.31675920578827,6.295799276621284,9.78100373533772,0.4690182405775764,-26.337447482982633,97,100% Pure Floral Nectar
16.0,75.5515152700788,41.19270641576389,6.421291463629383,0.233035126527661,-23.635799536166427,34,Industrial Rice Syrup Adulteration
17.22129374974592,79.26547887452188,41.73155162357627,11.259091746763822,0.29226027994544923,-25.45299142204519,28,Industrial Rice Syrup Adulteration
23.279681378967044,77.81172965279563,42.13287456016901,8.036465760331533,0.2813292323736358,-26.529176978430897,36,Industrial Rice Syrup Adulteration
16.287759513351855,84.85827053942356,6.947279013943516,17.812573890246643,0.4055403103320768,-26.08520117475244,96,100% Pure Floral Nectar
17.556189180621697,85.0,2.0,19.638509615516483,0.36031565602316845,-27.10761704761272,97,100% Pure Floral Nectar
20.434074894287352,74.42659209381283,56.82870789316297,5.839141315007641,0.7099053181009461,-23.950513993854795,26,Acid-Inverted Sugar Syrup
14.0,84.00239432003126,2.0,13.157354032905285,0.4504420265157716,-26.650876138119614,88,100% Pure Floral Nectar
22.078748898190316,77.33952737042557,29.698896430464618,16.858672121070505,0.4705636608869409,-14.345372313296753,67,C4 Cane/Corn Syrup Adulteration
18.94607604965295,81.0,44.88846382907913,4.848614512736208,0.22133908746002617,-12.74361089017143,65,C4 Cane/Corn Syrup Adulteration
16.561430841536136,79.5,8.446422190790138,12.553544743264128,0.4892304492821151,-25.699071705640286,99,100% Pure Floral Nectar
17.772050230782472,80.89327182711192,19.674322143109578,17.651293119631674,0.48609754022202056,-25.678270082852137,93,100% Pure Floral Nectar
14.0,80.08919280999187,6.929043222808337,15.642253999873887,0.3224251087384336,-25.63867511036073,93,100% Pure Floral Nectar
20.54427151431127,72.84612230000401,46.340720541988574,5.604481754264901,0.4280019657209689,-26.44412623397085,41,Acid-Inverted Sugar Syrup
17.96593633363805,84.61790099978779,13.695097328667556,15.199241594893234,0.18,-26.68016959805232,100,100% Pure Floral Nectar
17.495424454083665,79.50254476181036,23.403342181142214,15.224013431876951,0.4186873137647897,-27.587967300302616,91,100% Pure Floral Nectar
18.053861478710143,79.25585281616922,22.576179749605593,8.316336602341853,0.16993155184662664,-26.143713090098046,46,Industrial Rice Syrup Adulteration
17.480796876123318,82.13515213383643,36.92872448804382,9.0,0.5184728971090405,-25.587966099765513,91,100% Pure Floral Nectar
17.164962257756798,81.87097407602496,7.039173774876067,12.599856234918395,0.49771271790804844,-26.64839551194627,90,100% Pure Floral Nectar
16.48429805299634,80.28337165236962,10.711655226939879,19.88899420246029,0.24586752162399136,-25.76062623643847,97,100% Pure Floral Nectar
15.20535253930116,83.64624117480919,11.092544286669842,11.73707347047893,0.3863660744307383,-26.838550151230326,99,100% Pure Floral Nectar
15.903066418025846,80.6013252374348,9.673897600272225,13.886419679663362,0.26587536293889613,-25.515164880644985,93,100% Pure Floral Nectar
15.652013464119689,85.0,3.941004343984863,20.913711584231507,0.18,-26.365898324424332,91,100% Pure Floral Nectar
19.621116021383084,76.42630650687259,90.17105312678893,4.752588291807627,0.3853269762631304,-26.377903867963635,30,Acid-Inverted Sugar Syrup
17.99156869942387,78.11603648808203,34.355413514006784,11.476509372276153,0.4013211050420852,-19.66520983028081,56,C4 Cane/Corn Syrup Adulteration
18.26250002570147,79.5,17.78700083175593,13.466816909839014,0.5043861905828093,-25.61463465565934,90,100% Pure Floral Nectar
21.961716555546584,78.75757698948253,38.28772190135541,9.99425928474075,0.16086720174836042,-26.107303119051107,37,Industrial Rice Syrup Adulteration
14.0,79.5,20.64657557362881,18.663299428426242,0.3406773742148745,-26.927878735853742,97,100% Pure Floral Nectar
17.26204486318581,78.67024891538188,19.69297885839559,14.623229213651186,0.4264679175435235,-14.087565007811122,61,C4 Cane/Corn Syrup Adulteration
14.969808773055663,79.5,7.865273679685702,15.295009236218931,0.40949357442558726,-28.2,92,100% Pure Floral Nectar
17.346098312532497,81.77871258339418,10.238707227473586,20.764372666514802,0.3218902095866771,-26.646735261910653,95,100% Pure Floral Nectar
16.38153517707992,80.34296786050801,14.236413417156214,16.989628561152475,0.4279018197079102,-25.147146460784118,96,100% Pure Floral Nectar
20.252466656770757,73.75617043208455,57.33894747135636,4.29056620043874,0.6622420654141623,-25.28844511027341,25,Acid-Inverted Sugar Syrup
19.8,83.92489102237914,3.1643100851142756,16.431873720650763,0.3720364210996811,-26.725725762838753,94,100% Pure Floral Nectar
16.955670626270695,76.84334775256484,20.770010256714755,13.691942565370276,0.21727897255934955,-20.540603990727945,43,C4 Cane/Corn Syrup Adulteration
16.741272994763122,82.47137595523859,16.67352350536805,22.540187537194676,0.3741874563991148,-26.84816134682761,95,100% Pure Floral Nectar
18.88543821203634,83.45945423785318,7.18675967786802,14.284133240967668,0.46074345448850595,-25.898290646597857,97,100% Pure Floral Nectar
16.393854463097448,81.45015475610394,10.559354775946375,16.427335716555913,0.4223149056448731,-26.48529192791772,95,100% Pure Floral Nectar
17.84285211091981,80.38360210220124,14.612981484000025,18.687135318155388,0.2851000818285679,-25.885632059542708,94,100% Pure Floral Nectar
17.451414494715436,81.04939063326334,15.791198172019492,16.30059934696041,0.6213666720543114,-26.22489659877525,94,100% Pure Floral Nectar
17.351983588087133,80.5859755873034,2.0,16.709648423911563,0.43280035864404537,-24.5,94,100% Pure Floral Nectar
18.081872036654982,77.62147999586686,27.031668063459694,12.954649180585662,0.33195614646493005,-13.664068603311446,43,C4 Cane/Corn Syrup Adulteration
18.141603181683823,84.0510955934268,9.723274897901707,20.253874013144735,0.5038110161261247,-27.322880967731425,96,100% Pure Floral Nectar
15.0,78.21430320274781,32.2188379740189,11.918365213256363,0.4746596314288653,-17.33918352603879,62,C4 Cane/Corn Syrup Adulteration
16.144327289847393,80.10627645190999,19.567156504034514,10.538023223027157,0.29330120861573217,-15.527602937646478,26,C4 Cane/Corn Syrup Adulteration
18.795937761265524,73.88290962994962,44.34355888908024,4.0,0.19252706266579067,-16.890371893190782,51,C4 Cane/Corn Syrup Adulteration
17.75718108718064,75.85611989608107,79.19616862136648,8.0,0.32109493703892494,-23.862383560870413,30,Acid-Inverted Sugar Syrup
20.260942210856786,78.34615114208506,39.23832673567807,7.001039407400125,0.46900045731143436,-20.145524434294856,54,C4 Cane/Corn Syrup Adulteration
17.77880886451318,83.05140800245033,2.0,15.01410626591081,0.45151703854460284,-26.09338347627033,94,100% Pure Floral Nectar
16.086314136125807,77.49747294236813,31.7973899702911,10.773706296695208,0.34175264698487023,-25.80714612400698,57,Industrial Rice Syrup Adulteration
17.059784292928065,84.02909001269585,12.927731471361845,21.500828194930293,0.4316900811677175,-27.51313392627801,96,100% Pure Floral Nectar
20.342096671310227,73.09294052457298,40.86873418972168,2.913469976280572,0.23975895579747936,-24.503522809839797,43,Industrial Rice Syrup Adulteration
16.130479917694647,73.60402659075795,12.0,8.124447290015679,0.12492950887344612,-23.037759317309682,22,Industrial Rice Syrup Adulteration
18.982534750531066,75.53906897391451,22.400152798373032,17.940609073061268,0.2932251783885801,-18.205491144532864,51,C4 Cane/Corn Syrup Adulteration
18.968178857063553,75.34900217905782,24.30320338782192,4.369643563567651,0.19617607651182964,-25.122731826088597,59,Industrial Rice Syrup Adulteration
17.447018177388113,83.43442462845098,21.78420501682601,13.118589870423662,0.6741276003610277,-26.99887286893393,91,100% Pure Floral Nectar
17.914218339594008,75.57217066055958,19.927918151321123,13.47738762553018,0.3729032960598138,-12.624960849810316,46,C4 Cane/Corn Syrup Adulteration
18.20886470051423,80.73222643509344,17.949711668744598,10.911625038024802,0.27740480997007516,-15.002514597048535,31,C4 Cane/Corn Syrup Adulteration
16.360874967864717,82.71161657151784,2.0,17.212345651937863,0.29535186790047957,-25.01034142503005,94,100% Pure Floral Nectar
19.79318945831251,80.74680254026583,2.0,17.140875196918742,0.3235967480681167,-27.18199923284323,91,100% Pure Floral Nectar
16.640509340139555,82.68542237291908,2.0,19.1054942915521,0.2855897840969358,-25.08286509744956,93,100% Pure Floral Nectar
18.150799885613473,80.27810500737927,11.582403339072588,22.030525083359528,0.3823257375700967,-26.068387837461938,91,100% Pure Floral Nectar
17.72822069026279,81.43603798407455,2.0,10.628785651855546,0.4255753527785027,-26.540311487874057,90,100% Pure Floral Nectar
18.616488721318763,80.7509546854442,19.184800216090295,10.986047704004857,0.3392495779541949,-18.0706130289887,65,C4 Cane/Corn Syrup Adulteration
19.603673961783816,72.02440819013795,71.51959828110738,5.694966580902895,0.7388770043922697,-25.76791272532235,24,Acid-Inverted Sugar Syrup
17.011967761941232,81.03872728959216,8.613458449746252,13.981772362745465,0.4338182777328571,-25.12597563106279,93,100% Pure Floral Nectar
16.628694477769827,81.88265756296173,4.253568582631343,17.171695992351,0.6812752137058878,-27.334511371953614,93,100% Pure Floral Nectar
16.567073534033685,82.43890816275061,16.69679807609962,15.479237829035357,0.26821333870767494,-24.885216566688893,94,100% Pure Floral Nectar
16.923726211569743,80.29685881282242,5.739335936608789,23.702927914767148,0.47866150677755853,-27.540446327356037,97,100% Pure Floral Nectar
16.65721781608962,80.63446140531146,2.251904980704291,18.983220131416616,0.48520075163988574,-26.61348690989383,97,100% Pure Floral Nectar
17.001164116809257,75.40727603128717,48.06069279769642,5.6998613886391105,0.2937103957378834,-23.3867534262417,61,Industrial Rice Syrup Adulteration
15.91733131832626,81.09304171641467,8.9780572999218,16.86483521838879,0.43008122291092216,-26.822406484142025,94,100% Pure Floral Nectar
21.266203392007068,76.02734391425855,53.57080804355,0.919115674696378,0.4081249665617746,-24.56701187846233,32,Acid-Inverted Sugar Syrup
19.225769038095226,80.42960282014528,10.178785152909306,12.59882316504012,0.2375134164439056,-26.68060573450679,97,100% Pure Floral Nectar
17.787345421469837,83.01050347986101,2.0,11.74484650749071,0.39817679210518053,-24.5,95,100% Pure Floral Nectar
19.12774978922348,74.34435889455033,39.12325054205167,4.9967254257380285,0.45905055363416963,-25.709161846508376,42,Industrial Rice Syrup Adulteration
16.517880010241026,85.0,9.710962080069907,11.975165957200648,0.2419432973960012,-26.960273773007682,95,100% Pure Floral Nectar
17.514232545983962,81.76431954605111,6.960410171814452,18.869398035538264,0.18,-26.183927294161066,96,100% Pure Floral Nectar
18.415075227516542,76.39919160821638,13.505615083514265,9.768784839425184,0.23047415196552834,-26.315018971122207,32,Industrial Rice Syrup Adulteration
16.892459357027484,83.72085065355819,4.387537340018117,19.028271231133726,0.3733791519457377,-26.43619917791563,92,100% Pure Floral Nectar
17.268404098455985,81.9768565079583,22.429768956301253,15.071262398462908,0.29158098437917673,-28.00961886656893,92,100% Pure Floral Nectar
21.625779639356352,76.01197699805314,22.251212781219742,14.623741847830836,0.37404112136686557,-14.601747166352121,40,C4 Cane/Corn Syrup Adulteration
17.85628395850503,82.73490266629649,8.223945372664582,20.17814140530696,0.33519081820291763,-26.612282544366693,85,100% Pure Floral Nectar
19.234947708020243,80.99775656498298,8.061707587247612,16.46519565356831,0.5296453982811109,-26.252033541747824,93,100% Pure Floral Nectar
16.3240517975053,80.64165643125153,26.340132639070077,20.399132275648014,0.461749929374506,-26.504217957214617,95,100% Pure Floral Nectar
20.664065420063874,73.7686913356286,76.13577754147607,3.8053044634037096,0.5105971323993034,-25.32582878585384,37,Acid-Inverted Sugar Syrup
17.406960319765343,78.96903407077282,44.02910134717589,9.669088577392435,0.203049362655569,-26.272252305457414,44,Industrial Rice Syrup Adulteration
17.88736493229355,81.25504206894422,6.07458579310558,19.625777100561827,0.30475763374294634,-27.11661411169447,92,100% Pure Floral Nectar
18.45943982560655,84.48222884353312,2.0,19.52643539324002,0.6057609864982431,-26.60294480711751,90,100% Pure Floral Nectar
20.88177186573304,78.27276016787103,25.256281308426047,7.649728298708498,0.325698786937417,-12.37664922642741,68,C4 Cane/Corn Syrup Adulteration
19.511868611641503,80.535821866815,41.24033777174986,6.766033599018158,0.24230768813156542,-15.640758539199862,46,C4 Cane/Corn Syrup Adulteration
17.863366089276504,81.97505355493274,11.760376278001376,12.63921736156149,0.3101241244369848,-25.56906419453353,100,100% Pure Floral Nectar
17.368043857405564,81.38431977477198,19.86438436261633,16.381206626213864,0.3269545164392872,-26.645934454818995,93,100% Pure Floral Nectar
18.196260829324444,80.72010556993511,7.312864036159512,15.195326331760693,0.24826630286744938,-25.551852262045582,96,100% Pure Floral Nectar
17.087340586607414,78.6902732303296,18.740440381072354,12.361827219156707,0.361566101761042,-13.46953231848848,51,C4 Cane/Corn Syrup Adulteration
19.39352355873122,72.68212678721365,77.1753151096979,6.100688179678577,0.3196260273970715,-24.214956055423507,43,Acid-Inverted Sugar Syrup
18.586616431036695,80.5,22.965952140217414,7.356537653656443,0.20832680995440586,-24.671973429911855,24,Industrial Rice Syrup Adulteration
20.705976069322716,76.71841838658781,38.01462499205369,9.27569664202693,0.2853105480020564,-25.528455562071468,50,Industrial Rice Syrup Adulteration
23.584926582349365,79.0,63.63429676343307,2.9914628187017693,0.4589623048750002,-25.236170764757127,36,Acid-Inverted Sugar Syrup
16.6995764080654,81.08588717562505,2.0,19.933378598453306,0.5446063244591559,-27.060074360714832,96,100% Pure Floral Nectar
19.045374921746863,75.94652905182116,61.05192917816237,4.185233654468145,0.4622643339575683,-25.548589552486224,41,Acid-Inverted Sugar Syrup
16.938379698174096,80.20981972026424,17.16068841636026,21.278929827791274,0.18152277243282858,-26.31185332566018,100,100% Pure Floral Nectar
19.38643773919512,70.3996457161548,51.24278249169265,7.67803794582386,0.1840099349840122,-23.508058893600282,40,Industrial Rice Syrup Adulteration
21.99683450359193,72.02123272105467,42.415502815234795,5.943624118892759,0.28590337359185025,-24.654220627914036,43,Industrial Rice Syrup Adulteration
22.783965280295874,76.49758291021756,24.184720579221423,4.0,0.2944086503685998,-19.585701995789922,44,C4 Cane/Corn Syrup Adulteration
24.2734219840269,74.66024213063181,86.12149344076825,3.164600909718261,0.728138421074636,-26.12010408910649,30,Acid-Inverted Sugar Syrup
16.015157631547968,82.79693975662255,4.658642456095594,16.614534512997675,0.4547796050244854,-26.091242136697716,94,100% Pure Floral Nectar
18.1371522777638,81.0,22.798135310165716,7.890976716033014,0.15,-18.36815284779914,40,C4 Cane/Corn Syrup Adulteration
16.872372197250225,80.57420667102292,9.253904035943869,10.332695144386456,0.47276036667276283,-27.223067686237435,90,100% Pure Floral Nectar
15.761734675236607,81.0,26.64215610171583,10.03511702652753,0.31080520928057326,-17.380067703592477,58,C4 Cane/Corn Syrup Adulteration
17.376931411364975,81.49460444871491,22.491353377293905,17.031321162369203,0.4829076215942436,-26.609288798160286,94,100% Pure Floral Nectar
19.618560438140996,80.71417110192944,2.0,16.04529617060203,0.5674286498474397,-26.844164926403757,94,100% Pure Floral Nectar
16.624426667317678,75.31888882972784,20.582856115715654,13.250042450770659,0.3529671824977445,-17.508432989767137,55,C4 Cane/Corn Syrup Adulteration
17.231452249936865,82.90266313131893,7.6107136769571255,12.669195274310374,0.32090554496945917,-25.422381507643774,100,100% Pure Floral Nectar
19.861552570422862,76.18984058459888,46.84173815726837,3.907577529561384,0.579158475789496,-22.0,34,Acid-Inverted Sugar Syrup
17.54903203389842,81.25087051705114,36.80308566161216,13.849340618594564,0.40663747171373865,-25.726170497701855,96,100% Pure Floral Nectar
18.106074315583836,79.5,6.640673240024716,18.93163123717792,0.35985874356563574,-26.901078139712325,97,100% Pure Floral Nectar
20.862971707503203,73.39390916984722,42.0,4.995999644244433,0.5623778656311974,-24.108596468613186,39,Acid-Inverted Sugar Syrup
20.631059452545397,75.60297911700701,76.40706838227595,2.3869271540140664,0.8363778084147475,-24.06378463476963,36,Acid-Inverted Sugar Syrup
20.32558727393191,75.65662431279465,35.90892743509469,2.0,0.17049279257033484,-24.57596033078397,49,Industrial Rice Syrup Adulteration
17.690882138982982,80.21141439826313,2.160060631536002,15.449925878831975,0.7078139142705684,-25.753212124615892,90,100% Pure Floral Nectar
18.261090589893065,82.44968979588492,13.632145029336389,12.774524644362796,0.45302984250820366,-26.561992642843492,94,100% Pure Floral Nectar
19.370191719400637,74.4312079616403,40.75081840812194,13.387537024375437,0.3087103464357263,-24.598288909507062,35,Industrial Rice Syrup Adulteration
18.07273938302923,77.73818522005129,33.55931848729112,16.862716322055583,0.4106492626158739,-17.797958174628512,41,C4 Cane/Corn Syrup Adulteration
22.799567410868054,77.60476945959705,75.20710852531553,2.742207154462138,0.6186765861382806,-25.826988350449753,39,Acid-Inverted Sugar Syrup
17.125631085775435,84.42966641459284,11.944037336716843,13.629248954707048,0.7483152191260186,-26.786069180071138,95,100% Pure Floral Nectar
18.759770930098274,79.0,92.79836397102282,6.356877864169489,0.95,-24.55464930345237,44,Acid-Inverted Sugar Syrup
18.7431850636515,70.15725825080159,37.79924178291707,7.610458395065586,0.33520585279847936,-25.542473653766358,60,Industrial Rice Syrup Adulteration
15.824517649046365,85.0,6.899712471933807,18.612138904785482,0.4828473318496624,-28.2,93,100% Pure Floral Nectar
16.353785171802645,76.29473701653082,40.40063059168874,12.52223623362598,0.45703518353637607,-13.217202298268731,61,C4 Cane/Corn Syrup Adulteration
18.054820043397353,79.92442599450138,2.0,18.084117637842155,0.2890743939367111,-26.686070641994228,95,100% Pure Floral Nectar
19.928642455091612,79.50560642286571,59.66365572808748,7.1942384973775795,0.24594258075558703,-26.08894271774902,45,Industrial Rice Syrup Adulteration
17.653717557152714,79.60532208443125,7.777900282425179,16.253865412768068,0.4158513329417017,-27.61923487866831,96,100% Pure Floral Nectar
16.43711327846747,82.24961480045089,2.0,12.450405748285647,0.6211708101412888,-27.657393596744274,89,100% Pure Floral Nectar
18.049412282790655,81.59354541579235,7.206727148200804,13.183417176594958,0.7166320526918228,-26.22865761122181,94,100% Pure Floral Nectar
18.64326255355234,76.40591102007085,37.076306648064595,7.927420378978342,0.37838572898288597,-16.14800768655239,55,C4 Cane/Corn Syrup Adulteration
17.61191378061889,79.64036308899003,8.931620574736932,16.119343478610325,0.45455035454952003,-25.98482622044958,96,100% Pure Floral Nectar
17.348252234361325,81.6368084533825,10.731280252550741,18.256185565026772,0.503934010872785,-27.12870365279865,91,100% Pure Floral Nectar
19.159659762773227,73.38084492696312,40.672719921988346,5.320215877839894,0.17792267443882825,-25.707141666374472,49,Industrial Rice Syrup Adulteration
20.951021665365648,71.93398710598208,46.208583206477435,11.347186934966773,0.2016872738642286,-26.317390887766695,36,Industrial Rice Syrup Adulteration
18.21772635696727,75.72604899067714,24.328758687012055,12.402970766130188,0.35183820327710197,-18.74702495025691,56,C4 Cane/Corn Syrup Adulteration
17.0,76.33603396533414,94.66191852843895,6.094875678151999,0.3488194460646512,-22.0,13,Acid-Inverted Sugar Syrup
15.645193816347838,81.91711518560271,10.63482555897259,18.032538495833933,0.4082398839859992,-27.58582749685778,89,100% Pure Floral Nectar
17.56927039536323,71.41903808826291,42.19687599835877,3.929545880601925,0.6216084895981396,-23.81471610119707,41,Acid-Inverted Sugar Syrup
19.27316517834186,76.71971469666249,10.0,7.524022270241183,0.33738378710211603,-15.583957528231323,47,C4 Cane/Corn Syrup Adulteration
17.667403953195947,84.53764609470525,2.0,12.011435542034256,0.5500258227993443,-25.78281250112958,95,100% Pure Floral Nectar
17.308472725926407,82.07435090814462,29.064014033661483,14.260191036349815,0.44610161951265426,-25.73428506467529,90,100% Pure Floral Nectar
14.0,80.3658677462527,3.7914843891676204,19.11538690093517,0.24255916844276432,-26.505243856400387,92,100% Pure Floral Nectar
20.249175291619615,78.19206035808217,16.823559814824215,15.150842784598671,0.31094176873514295,-14.021360259384629,43,C4 Cane/Corn Syrup Adulteration
18.44220717217344,81.76600835315801,4.34405724299856,17.5813538038032,0.452935221313661,-25.824905112762767,95,100% Pure Floral Nectar
15.172681921903745,81.34498456062958,26.906257759414604,12.062111832291501,0.5568942960542969,-25.287305666996193,98,100% Pure Floral Nectar
19.8,80.51172519721139,2.0,18.51704601795637,0.4840351709779771,-26.71549459142408,90,100% Pure Floral Nectar
14.185319912180258,81.27281711965122,5.87523921343729,20.964094840885544,0.34527233027955023,-27.14971369377204,91,100% Pure Floral Nectar
17.824407473885344,77.7793944911737,17.417736202190103,8.877658646166672,0.43124349008239216,-12.193234527678365,66,C4 Cane/Corn Syrup Adulteration
16.321551016253476,74.7594469489892,24.29253668815363,6.452925597308421,0.3365537344479655,-12.109428388455305,42,C4 Cane/Corn Syrup Adulteration
19.8,79.5,2.722710226903649,22.29316528824043,0.7255265443131349,-25.804060514478802,91,100% Pure Floral Nectar
20.01256287383321,76.7371093338415,13.704478087995302,8.07273744555381,0.2319680488251154,-23.521098645203548,33,Industrial Rice Syrup Adulteration
15.734324624245284,82.57968837927199,8.27296209320439,20.045653101739745,0.42172583954931187,-26.411106142917458,92,100% Pure Floral Nectar
16.66558660732995,78.58893778189639,30.068599205897133,9.171597528757653,0.22462336680089767,-16.583749604877347,42,C4 Cane/Corn Syrup Adulteration
15.0,78.59423554990703,16.985689400342743,16.345270295272186,0.3005545397179547,-15.538516483577363,23,C4 Cane/Corn Syrup Adulteration
17.0,78.24267692314346,97.57735286538326,4.302681286462751,0.7284263318446398,-23.67595440959323,30,Acid-Inverted Sugar Syrup
21.260368999594316,72.8349855486487,31.666591303029925,11.990460500695159,0.27115886634336583,-23.035743787339527,38,Industrial Rice Syrup Adulteration
15.791575665900417,83.56620374930601,10.897579004425955,18.440034438114697,0.35139170127007996,-26.205256782785312,97,100% Pure Floral Nectar
15.461535194325725,79.85215393040487,2.7945283534473724,16.870457968290047,0.2473887937469515,-26.136057363260118,93,100% Pure Floral Nectar
14.456461826568313,82.07274203359451,14.021081135951778,15.856757134336027,0.2903679528263169,-25.879542530765782,93,100% Pure Floral Nectar
23.766773026902868,72.35081005858498,80.41192129809444,6.318441360833277,0.6093978614153144,-24.555866909521292,22,Acid-Inverted Sugar Syrup
17.160247176653815,75.48628402091332,26.390132096893197,14.0,0.22840683064189787,-25.39360166948047,57,Industrial Rice Syrup Adulteration
18.094029442288324,84.19589069308739,9.291788997036482,18.515303026348203,0.3802512829345926,-25.894655123314138,96,100% Pure Floral Nectar
16.01331249993328,79.5,14.408833139193515,16.287593426868337,0.3228519837492513,-26.852135721283606,93,100% Pure Floral Nectar
18.395405724857987,76.54636472512307,23.93768407354715,4.0,0.5334000418280407,-16.782035959990026,29,C4 Cane/Corn Syrup Adulteration
18.17087047667959,79.5,16.248550551561763,15.568344796964734,0.3820843258376762,-27.01540723936548,97,100% Pure Floral Nectar
16.5179159103271,81.57906826454163,12.475126315390678,16.21885783016218,0.3982006887377034,-26.897189628818335,92,100% Pure Floral Nectar
20.785398281296025,73.66340996597022,42.0,5.371484624654389,0.4712274020860553,-25.958384309996315,32,Acid-Inverted Sugar Syrup
19.049825645182217,80.08267514844337,38.0,15.090461806290861,0.6019546140667217,-25.49579907473513,90,100% Pure Floral Nectar
15.403810886136002,81.56815267346971,19.812938464043356,16.10476493464616,0.5007564247238301,-25.241732178893304,98,100% Pure Floral Nectar
17.973485936184005,79.5,22.093169311683912,21.784445664609837,0.40999071183041264,-28.137780790137587,95,100% Pure Floral Nectar
20.20220791060943,76.9153114112824,42.0,4.758760989000632,0.45212583503931225,-24.911920635460657,40,Acid-Inverted Sugar Syrup
15.765857302131995,83.67641095242791,2.0,13.899126472072506,0.6368230660975813,-25.323214051361575,92,100% Pure Floral Nectar
19.77345714751317,81.8309505132988,38.0,22.57666831517959,0.4964542848493473,-27.035838876195587,94,100% Pure Floral Nectar
22.776594382369932,70.301028600345,71.72027217265286,2.8918181488383303,0.3685688908450563,-24.22962011196676,40,Acid-Inverted Sugar Syrup
18.244754992438107,79.54909598480394,3.4874751449537174,20.426121484579962,0.27739383951119145,-25.758569732593,91,100% Pure Floral Nectar
16.728079640434743,80.76708468474337,31.78509457156942,18.197473721074747,0.48066466522838497,-26.110446471202337,98,100% Pure Floral Nectar
17.39114946351583,80.94763920285295,8.942396065901534,14.405758287845611,0.3877150689734301,-25.774656916174298,98,100% Pure Floral Nectar
18.099811863814562,80.62938921774635,7.133984549325823,13.469735155133623,0.27641819422188807,-26.674931266691765,92,100% Pure Floral Nectar
18.393406668714714,83.30066486001705,8.174900092633976,20.823551766540916,0.2906707278083588,-24.930173216402807,93,100% Pure Floral Nectar
15.599841583037128,82.49970109926234,23.13661465810711,16.56935935125323,0.4195028898067015,-26.57314564900424,95,100% Pure Floral Nectar
17.676824902960696,79.5,2.0,19.569410312739773,0.41379624727497216,-25.965419038297092,91,100% Pure Floral Nectar
18.246692048083602,72.11537602069828,49.246606130608754,4.529695781015135,0.39856026361126295,-24.682883132713567,20,Acid-Inverted Sugar Syrup
22.591822950293974,78.09971960746628,30.225805383681646,7.609107167025608,0.26113882103797137,-26.218819005087312,38,Industrial Rice Syrup Adulteration
18.835958561069244,77.11103652315545,28.008776072944595,7.625721015262977,0.4693578128047219,-24.253446990474316,35,Industrial Rice Syrup Adulteration
21.67793710386632,69.94497854057137,47.579469483964814,4.278579622651808,0.6402552984205845,-25.810110680828146,30,Acid-Inverted Sugar Syrup
15.500135942097174,82.56026839439261,4.935420767965634,17.266606888224967,0.6314967797843534,-26.291094371538552,94,100% Pure Floral Nectar
15.009276120093123,83.95223619272386,2.0,20.585080615141457,0.32694208215787035,-26.404243278041516,90,100% Pure Floral Nectar
18.10272504082932,72.81516481728185,83.26079597791923,4.217744030972031,0.2945120504177704,-24.67751256166571,11,Acid-Inverted Sugar Syrup
20.796784791683436,77.19506646286575,36.88924861441944,10.645408541933326,0.33477461500850797,-24.216390802801328,25,Industrial Rice Syrup Adulteration
16.611096548128497,83.16888905443314,22.050002888894955,21.8257013168982,0.4336001356686362,-26.37775126659055,91,100% Pure Floral Nectar
15.705075909789128,81.85441295396504,38.0,13.940549337990477,0.24882433062915058,-26.670365962097957,98,100% Pure Floral Nectar
20.651304794569217,75.63950434192688,67.59928058692736,2.942663453095651,0.3005548359876043,-24.93690688271621,33,Acid-Inverted Sugar Syrup
17.513303132294457,82.18880755528704,17.417078715348556,12.294414646628088,0.5304611490078814,-25.963892279491574,91,100% Pure Floral Nectar
20.78965037411022,78.5215666455637,62.849058256041005,3.600190564903129,0.6615634597049967,-27.331653326013782,49,Acid-Inverted Sugar Syrup
17.36841388439666,81.44404016515477,7.691512097726267,21.94856478690741,0.5763514106334973,-25.701431974500213,89,100% Pure Floral Nectar
16.179253097864,79.13578272386624,43.84157073351672,9.37201251806153,0.3419470350213568,-21.0,44,C4 Cane/Corn Syrup Adulteration
16.29101143690759,81.84033738806413,2.0,16.9861233690234,0.4462282666648459,-26.902291047440034,92,100% Pure Floral Nectar
16.847845559537706,83.98140242166134,2.0,10.171538374684202,0.39231468330182123,-27.462565792290274,94,100% Pure Floral Nectar
16.392885438982592,82.44674058444373,7.1857560296025245,15.266445237287822,0.2567971708427287,-25.79532085909096,95,100% Pure Floral Nectar
16.87726552474765,80.9710895688399,5.523159066840906,10.185992241123632,0.4861507106801652,-26.208244984148063,95,100% Pure Floral Nectar
18.83701382662394,79.5,4.441017308247794,15.544102779300282,0.5055631020519539,-27.47164934275885,97,100% Pure Floral Nectar
19.148803200882437,80.98525861984139,13.23797544839542,19.334891021334702,0.4401229841831473,-26.40635795586698,99,100% Pure Floral Nectar
21.93418755794745,74.97425106326101,41.431973449249334,2.2549159866504693,0.277266121627563,-27.0,34,Industrial Rice Syrup Adulteration
17.0,71.86671858421805,71.87978450117615,0.5,0.8126775269518194,-24.881332957460714,23,Acid-Inverted Sugar Syrup
18.66075880041834,81.0,41.102040148304894,12.171135895694109,0.2477544099250648,-21.0,28,C4 Cane/Corn Syrup Adulteration
18.862455534779368,78.77746192184155,20.846813963545998,9.768522251786361,0.2743257424901695,-24.10851985532823,46,Industrial Rice Syrup Adulteration
17.65949489650825,77.21568801878833,30.237385919438694,5.563025198440542,0.3419912504921415,-24.43594662955987,46,Industrial Rice Syrup Adulteration
17.474183357136752,83.17282271248342,7.452581338513251,11.701113935832925,0.5814140608334146,-26.467301001547142,96,100% Pure Floral Nectar
17.75891237164739,79.95815402151541,21.0645390640517,14.474623866181375,0.2606991011355083,-27.045417027624026,91,100% Pure Floral Nectar
16.22307481769139,76.04744223377935,13.78960830747377,12.352339145246557,0.446171596051322,-14.301397586692854,57,C4 Cane/Corn Syrup Adulteration
19.99773692140428,75.67720396658338,75.47572872489987,2.279589705784098,0.9024700973190888,-26.599355450199894,17,Acid-Inverted Sugar Syrup
21.58737279034724,79.2063514899346,32.77668947761291,7.674498313449908,0.23408955682711852,-23.761562359739454,24,Industrial Rice Syrup Adulteration
14.0,84.11568911902688,7.625878447515557,18.19087959842947,0.5121832953727017,-25.342074040557755,98,100% Pure Floral Nectar
19.965766150630007,78.26054770438684,47.094397974459575,5.053159891516237,0.28519587071096414,-26.169133385439764,32,Industrial Rice Syrup Adulteration
17.317357279101106,80.2960514733599,8.623818231705956,18.874307727604727,0.3075591622504671,-26.219692775552694,100,100% Pure Floral Nectar
17.018251020373203,82.631843423246,8.597878834123932,15.315214821627105,0.5888169034479558,-26.555795549539987,87,100% Pure Floral Nectar
19.649407440461715,79.99831366254232,5.303843242487686,13.286901729852467,0.286537643846573,-25.99836256719879,93,100% Pure Floral Nectar
20.942388450138274,68.0,47.333849606562865,2.1785669629136795,0.5679904153268066,-24.969740542413128,46,Acid-Inverted Sugar Syrup
16.556894740643656,80.68688819648469,5.69386307901622,12.933824998183876,0.3717227972696733,-25.909652055789284,93,100% Pure Floral Nectar
23.000468749117086,72.51218781120986,96.02738178018319,1.6305627113120984,0.9436571350698022,-24.272405016175046,41,Acid-Inverted Sugar Syrup
16.80956324818894,81.85395048784169,2.0,20.312790392370754,0.4729487786604325,-26.36729591581452,96,100% Pure Floral Nectar
17.49562102617573,78.37589550597835,101.86242076257926,1.254067955476787,0.6985260497176673,-25.431417459144903,29,Acid-Inverted Sugar Syrup
16.370701662087125,82.68950632263335,6.4146148768202575,21.528695505461762,0.3493569960636871,-26.858112013485915,100,100% Pure Floral Nectar
17.0,75.97316440299507,47.11932734247465,3.4206312197488424,0.6696599865864594,-22.45612075047364,31,Acid-Inverted Sugar Syrup
19.49595034111995,79.7680022441698,18.805321508632474,18.296697265725765,0.5463745743028563,-25.46645300669812,94,100% Pure Floral Nectar
19.19505098805342,75.93576102248923,16.292850971958167,4.50735889140574,0.15,-11.301916569659808,51,C4 Cane/Corn Syrup Adulteration
16.62485999686358,80.96458948796801,25.468366211982715,17.056374309001892,0.5237501750102125,-27.44286214575562,99,100% Pure Floral Nectar
16.356903115493505,82.39233902390679,2.0,17.32968725168021,0.43984617228286355,-27.077359499801965,97,100% Pure Floral Nectar
15.078732512922027,81.88361358479597,4.518721515798611,21.896702767371405,0.6450270466180066,-26.179703040326466,96,100% Pure Floral Nectar
17.324091920699445,75.48476345551235,90.52483824333638,1.5395365255221662,0.6263196137894863,-25.149001950990293,34,Acid-Inverted Sugar Syrup
18.574471681788232,80.7602769832041,18.84035743674275,12.995064949564712,0.3273421243545669,-26.67321290437819,96,100% Pure Floral Nectar
15.712774800783453,79.5,11.108675222022779,9.736474588808964,0.39107241330410625,-25.991616558941264,94,100% Pure Floral Nectar
17.919040149197603,82.14669299034286,15.887515862147687,12.254157366061309,0.5976219692258238,-25.639268716081403,96,100% Pure Floral Nectar
17.235543788759372,80.66166048946607,10.673412018638876,13.4080746144773,0.4018441152276351,-26.094837573270464,89,100% Pure Floral Nectar
16.299030234755552,82.4182122461569,4.890843748384554,18.38390917745894,0.6051465726646942,-25.9417180548943,95,100% Pure Floral Nectar
17.941569856099424,81.62837637470248,38.0,10.710328319460967,0.40317864842095874,-26.1943768538282,93,100% Pure Floral Nectar
18.28018755124466,74.92680677654731,65.8850912053087,3.850301711578583,0.6076192597551262,-27.28439341104632,34,Acid-Inverted Sugar Syrup
17.97007293863437,81.13339951101526,2.0,14.86437474455728,0.36783180382509706,-25.75656969242613,100,100% Pure Floral Nectar
16.385855749065048,79.08685715040478,34.72271477619685,11.29858733097807,0.3256366448079423,-25.98987627205606,32,Industrial Rice Syrup Adulteration
23.0,78.35878315320114,29.710897862631597,11.460686815569963,0.39652382172144934,-20.56211942229684,39,C4 Cane/Corn Syrup Adulteration
20.313664719432833,75.97207783615013,42.157743533853576,8.582830145689325,0.32332752849385277,-26.420115538681543,58,Industrial Rice Syrup Adulteration
15.61932752029588,81.17035223044843,8.569820176418302,16.268771823988875,0.45946698440724487,-26.258678963995962,90,100% Pure Floral Nectar
17.14814848413222,83.72392199677292,25.107707078139,13.364369580966956,0.42180407106501483,-26.58955054788534,100,100% Pure Floral Nectar
19.499348690853914,77.54423965109548,42.60363099303359,8.717420334173275,0.33005254091563974,-24.332027107832726,44,Industrial Rice Syrup Adulteration
16.0,79.45769769884774,28.28131161245346,13.06726028597958,0.20807352514738242,-24.87446582215127,52,Industrial Rice Syrup Adulteration
16.96533044530708,77.64482526118607,48.92651178834005,2.0,0.32909436022563554,-26.749559684143893,41,Industrial Rice Syrup Adulteration
16.40223390046574,81.55685218829433,2.0,20.659337327532423,0.46555320676973766,-25.844245415362643,91,100% Pure Floral Nectar
20.723663258655893,72.18378451491733,48.78826550502093,5.8309572506968514,0.44813611488800664,-23.89056470110989,21,Acid-Inverted Sugar Syrup
16.389628110737654,77.37294119318949,27.506230314548613,15.172768076579423,0.15,-15.739808664068137,55,C4 Cane/Corn Syrup Adulteration
22.527240442714934,79.0,61.89564451733266,2.323603537513985,0.4620231005733121,-23.31760675512742,40,Acid-Inverted Sugar Syrup
19.25963845849105,83.39111580081425,12.174961639674205,13.406217624929107,0.2340957065822594,-27.376191659328253,89,100% Pure Floral Nectar
16.682545529538913,83.46409891184412,12.176730029307308,14.514824032165464,0.528957570936616,-27.640419479896828,91,100% Pure Floral Nectar
16.85645663759598,81.64540212797617,5.0052527013348085,21.3120550182339,0.5365613141449778,-26.561604877838555,90,100% Pure Floral Nectar
17.394225564245424,78.04676053606056,44.28162311469471,4.609109825215681,0.3758607786040116,-25.689494821976805,16,Industrial Rice Syrup Adulteration
21.848458265855697,78.33584570173963,36.61632564618969,7.841553327550703,0.1849251527152604,-23.494179717279444,21,Industrial Rice Syrup Adulteration
19.8,80.79629848647791,17.657615439138247,13.279599215852755,0.18,-25.32350153407146,93,100% Pure Floral Nectar
15.080799850342041,80.66734249492147,13.339447923687636,14.550116463815725,0.75,-26.809811514643975,94,100% Pure Floral Nectar
16.456783717911552,82.08085796732576,2.3992495451211346,12.733853685739868,0.34042893914095346,-27.327402912695167,91,100% Pure Floral Nectar
15.407398906505204,80.96069277797271,6.045104437455562,10.429045029159866,0.4552819679167957,-25.64233490207359,95,100% Pure Floral Nectar
17.77960418303013,77.95219870210845,34.19650643505967,10.997088850993782,0.2550786519243317,-16.25581670889879,58,C4 Cane/Corn Syrup Adulteration
19.544289406686552,82.1364848643552,2.0,14.579300603316597,0.5164783795068603,-26.035394015206897,94,100% Pure Floral Nectar
17.5015551076388,79.5,2.0,12.459616991181143,0.43506702269682934,-26.07596105435482,96,100% Pure Floral Nectar
18.73812415648615,77.16318029663418,15.844704873005549,14.029052304716654,0.2573476233659065,-14.406124254042735,38,C4 Cane/Corn Syrup Adulteration
18.493978195352963,83.04018419454253,5.069417089871041,12.370498916738036,0.3495788784570977,-26.51104871823017,96,100% Pure Floral Nectar
16.177486715596007,81.13134472677457,5.795984304871234,14.84220047771589,0.223583776282705,-26.286540015147256,92,100% Pure Floral Nectar
20.40358100315938,73.33914496789802,68.25497286888358,4.548917141934812,0.3769210147829577,-25.401111916270917,39,Acid-Inverted Sugar Syrup
16.882929551337863,81.67297852095088,17.592878458529412,12.587478309860277,0.28372832813693705,-26.307120766606843,94,100% Pure Floral Nectar
17.051707945039524,76.80339535608454,38.95347745183705,12.456768966879197,0.12661159929546043,-26.761455345210646,44,Industrial Rice Syrup Adulteration
17.0,75.33404727252163,61.442836163164394,3.5309480433824247,0.5925223799589145,-26.73244138338085,50,Acid-Inverted Sugar Syrup
20.581799802330508,76.40267631336201,19.275871644149237,9.068282117312402,0.3154281335445686,-24.458621044404193,29,Industrial Rice Syrup Adulteration
18.780360062003187,77.00408320853016,17.1069076145615,12.458602886014228,0.4163803578706365,-14.873955901727106,33,C4 Cane/Corn Syrup Adulteration
19.299889313067453,79.0,79.62560002998016,4.34741418007321,0.32590808474023064,-27.5,35,Acid-Inverted Sugar Syrup
20.495633826896338,75.3099604588622,71.96736587107311,5.97122580407144,0.7276128907478145,-22.08310253759275,34,Acid-Inverted Sugar Syrup
17.639946265633384,79.5,12.618678615901281,21.222877738861595,0.2494927217731868,-26.022193424183182,92,100% Pure Floral Nectar
25.696060511209176,79.0,42.0,5.417003603027048,0.4855177545346525,-25.652483693411906,42,Acid-Inverted Sugar Syrup
17.948744270884273,80.75445936684031,4.18871508354226,16.14176367452233,0.48617238458106543,-25.620142294705193,92,100% Pure Floral Nectar
17.673877380846367,82.92550421302222,13.953583109229461,22.37039755718938,0.40089579460960323,-26.387501288962476,91,100% Pure Floral Nectar
17.660267374424873,84.44993320329166,2.0,11.904145749955578,0.35487637513168635,-25.843551787628236,95,100% Pure Floral Nectar
18.3887429550404,79.5,13.565972821701552,12.407572744663803,0.45554405320258057,-25.661244117274503,94,100% Pure Floral Nectar
17.09975823682031,80.0422073197155,7.645117194490881,19.469160855264757,0.5249687545896309,-26.431239336146508,100,100% Pure Floral Nectar
19.74096541539118,73.18725970640227,94.38422672927057,0.941018925985325,0.5367030568241297,-24.718567383826336,35,Acid-Inverted Sugar Syrup
18.07150685600807,74.98622218297172,23.268206126270336,5.1609474907694555,0.26333071896666516,-25.035199211804173,35,Industrial Rice Syrup Adulteration
18.633687536136048,79.5,2.0,16.939267606983652,0.3971369772455955,-26.552577869472508,94,100% Pure Floral Nectar
19.941454476592135,79.74422347065835,11.075508687050569,4.986110284873678,0.358059582402975,-18.037955228825158,46,C4 Cane/Corn Syrup Adulteration
19.461815952967523,83.99826301633831,5.417941607850238,18.899390703835145,0.39974736726745086,-26.981164243567097,96,100% Pure Floral Nectar
18.036119505554737,81.81178029027771,5.817883204981719,17.88764220398362,0.5087711148836723,-26.62544297753483,93,100% Pure Floral Nectar
21.45047365040762,69.00115597016577,78.18529428957957,5.778231538750194,0.5284170975673229,-25.765519437590992,28,Acid-Inverted Sugar Syrup
21.314198578322227,79.92060237706335,40.358378771074086,11.702484926812165,0.38176520811831793,-17.397683187767285,33,C4 Cane/Corn Syrup Adulteration
17.656586231138963,80.8852063328703,2.0,18.022438225691378,0.34751641374302744,-26.00459510749083,92,100% Pure Floral Nectar
22.18781478166929,72.08989923956722,12.0,6.325203502976633,0.2564948267197849,-25.404018343182855,34,Industrial Rice Syrup Adulteration
15.817580376265905,78.41721284969454,35.75814222402793,4.0,0.2962893584586616,-20.01956411695309,57,C4 Cane/Corn Syrup Adulteration
17.26635813984298,84.35110782679871,5.619684132992067,17.31384197630065,0.27085540967242383,-26.213649317892962,92,100% Pure Floral Nectar
18.17706458155464,83.32396505112449,10.427727332406047,14.89424000771937,0.25129683769614414,-26.16710629393807,97,100% Pure Floral Nectar
15.204612930460815,80.14377166816475,23.455251587271793,5.489429320501947,0.5328909632437178,-15.293525851215621,36,C4 Cane/Corn Syrup Adulteration
18.153442703413145,75.25904536371122,29.70464316777244,7.614529318616123,0.44622177013994835,-13.910919700298546,41,C4 Cane/Corn Syrup Adulteration
20.641764584342937,78.4158325469679,18.166440380971743,9.061341798258917,0.21361368503328612,-14.353486795984962,60,C4 Cane/Corn Syrup Adulteration
18.387803235087397,83.59989207248518,4.373577203474181,9.0,0.3399139134767846,-27.514405919983055,93,100% Pure Floral Nectar
23.486719593475403,72.40577026324311,46.658876641375485,7.31528817750419,0.4509993195970874,-24.223566493334054,39,Acid-Inverted Sugar Syrup
17.91398275569283,77.90145314375359,70.6714856876893,6.753699174450665,0.6883271327442368,-23.540998393046618,10,Acid-Inverted Sugar Syrup
14.993050980222051,85.0,7.150323234980782,14.962373623844403,0.49247004497800495,-26.263051630181376,89,100% Pure Floral Nectar
21.933006375664217,68.75965589963519,49.721672731344256,1.1920579526335398,0.7223815211790954,-22.0,14,Acid-Inverted Sugar Syrup
18.384288071806562,79.0,46.61566099790869,6.2197250224668625,0.364318694225118,-27.5,32,Acid-Inverted Sugar Syrup
14.785115034481754,80.86624107784638,2.0528149840207983,16.886795668087846,0.4774617087861282,-26.473867457139665,100,100% Pure Floral Nectar
18.861875654008,75.8695973628366,24.059177031181438,8.546388406839554,0.590462449207247,-18.01320040017851,50,C4 Cane/Corn Syrup Adulteration
18.05469537049463,75.64875845682627,41.47865868725982,9.003855999120605,0.20610037081585875,-26.571533499718672,15,Industrial Rice Syrup Adulteration
19.504728083359833,76.16566378655794,72.4136612008045,2.3611745616358784,0.5775271691131139,-26.276300033999092,24,Acid-Inverted Sugar Syrup
15.992113930339631,79.5,5.159690355858916,9.191778112402943,0.3495692873465886,-26.957292053880067,88,100% Pure Floral Nectar
25.077199729509466,68.0,78.00485312540515,1.5051715946436905,0.5783927677191231,-22.290826174169194,42,Acid-Inverted Sugar Syrup
18.231581455929405,83.0669748966209,2.0,13.818955800341849,0.3336633138794475,-27.22301411266687,91,100% Pure Floral Nectar
18.5100921098249,79.0,53.95372022992836,2.987766482831818,0.5785480285089427,-27.5,26,Acid-Inverted Sugar Syrup
19.026076340029412,81.67860567890396,25.849751077870252,20.130476570483435,0.22742348269223245,-27.200978371385233,88,100% Pure Floral Nectar
18.905197048952147,77.93835983805225,39.67463721281226,6.673339487670578,0.4356413506005791,-11.635141712708133,31,C4 Cane/Corn Syrup Adulteration
19.098736039999153,82.31454913814278,9.00453956355359,16.20060407969486,0.46172082506939993,-26.93383604150486,99,100% Pure Floral Nectar
17.3638767712608,77.85585780381831,18.73075922141667,5.491918447909223,0.29651571454752884,-12.753305180718797,60,C4 Cane/Corn Syrup Adulteration
21.09206735491154,75.22828743584247,82.04021602777202,4.771781240543096,0.5270906512114573,-24.990260758293736,14,Acid-Inverted Sugar Syrup
25.050804684628982,72.73901197261128,82.25944133562922,2.2765165183014004,0.5838194731683558,-25.63918534659732,29,Acid-Inverted Sugar Syrup
18.346288701256803,80.95754930064633,2.0,10.525523932503107,0.3705406625942143,-26.04912563923496,97,100% Pure Floral Nectar
20.084349041334274,70.24217038223617,58.3700418790511,3.2768088726260167,0.4468146371582796,-23.70333035698511,19,Acid-Inverted Sugar Syrup
15.076700430810892,79.8855073142133,38.0,14.259599815442716,0.40476146241540234,-25.82399854405165,89,100% Pure Floral Nectar
18.122943935805367,80.62522668484634,13.9731274763116,17.044942652070958,0.41702036230480233,-26.917395591461492,100,100% Pure Floral Nectar
15.670762129458389,79.62628157558804,10.55723952709727,14.177876762588472,0.4855678742000726,-26.999401686562194,93,100% Pure Floral Nectar
16.308073706316936,76.280454892377,30.59046657131464,2.810920180219462,0.44502663351398447,-25.56890727799132,43,Industrial Rice Syrup Adulteration
17.07629185711253,80.09724798909224,9.76601230453915,16.65316925745494,0.49351516528045347,-25.28162750230651,90,100% Pure Floral Nectar
19.090435490010783,73.035047399452,34.206365403575056,9.114465085417267,0.25997724873823314,-22.965086160179613,59,Industrial Rice Syrup Adulteration
14.0,81.67032645644521,2.9988297340574346,22.669411001388863,0.34797549304972464,-26.691684390757015,97,100% Pure Floral Nectar
19.506778458392393,75.66407747352426,50.700219883202244,10.935463222596365,0.31862414916033427,-24.272266330718214,50,Industrial Rice Syrup Adulteration
16.458335714726147,79.5,6.422030722781238,12.315111338608654,0.7129507014318408,-26.867447676001802,93,100% Pure Floral Nectar
17.49754198511309,75.75631166711821,26.21332504452718,11.124236484331815,0.2924159787801989,-17.46731988825253,45,C4 Cane/Corn Syrup Adulteration
17.48713512782421,77.42797049616065,17.816234343325377,10.63213887013295,0.3637527792739772,-25.767868619710743,50,Industrial Rice Syrup Adulteration
18.029537728881657,79.88929695825233,20.006746731722615,16.386887344321675,0.45496493474863003,-26.85123549175493,95,100% Pure Floral Nectar
17.60226046616421,83.54688854251943,8.631001468101493,21.691616183781996,0.37441104401513076,-25.617735615857775,95,100% Pure Floral Nectar
19.301867112737682,81.18409137854387,2.0,15.692683529690386,0.5067684388962693,-25.98980576171485,92,100% Pure Floral Nectar
18.33018535292929,81.0,27.907578568187542,11.351977249708,0.4691006549750692,-19.10722109508471,34,C4 Cane/Corn Syrup Adulteration
21.279550590641573,78.74892839035269,39.22895734822668,5.466032470496709,0.17803528599096474,-19.07298860510142,45,C4 Cane/Corn Syrup Adulteration
16.22687710129328,71.79564423035762,38.17378362143452,8.2151543712986,0.37995350797918925,-25.73662262397581,62,Industrial Rice Syrup Adulteration
18.603068649825797,75.11650012575903,66.2825705159514,2.457277203193997,0.7150797831167788,-24.427623195074364,35,Acid-Inverted Sugar Syrup
20.214986795318275,79.04874560241709,30.97869614879297,4.650647098519858,0.30766521553212256,-25.662018631636737,31,Industrial Rice Syrup Adulteration
17.06551614038549,83.11724786508432,6.8944266689358065,20.278775207188822,0.357148885076798,-27.4933150002071,97,100% Pure Floral Nectar
14.229403141387968,80.8950778114016,4.4486833774735075,10.02243655892696,0.34956348167754436,-25.228379372211602,94,100% Pure Floral Nectar
19.8,80.82823290686046,8.91905445778969,18.89157040702979,0.3412758290111214,-26.25221265620873,95,100% Pure Floral Nectar
16.17380162989789,77.8798720531758,29.40797801701916,7.154324128490311,0.47313005382906825,-17.22412170344824,29,C4 Cane/Corn Syrup Adulteration
18.735056927335236,83.66801571677831,2.0,13.866763382781382,0.3444136514912742,-25.468683829906375,89,100% Pure Floral Nectar
18.542979156519287,84.69151462982062,2.8439692730861537,10.86689220941608,0.4361761707948244,-26.983911332701606,91,100% Pure Floral Nectar
22.615285238436506,79.0,62.29567405485402,7.177225931994391,0.5838447811919695,-27.5,35,Acid-Inverted Sugar Syrup
20.61062750826546,77.00771869027918,33.46403901047096,7.614652149876761,0.17156301355874787,-26.246627934967997,32,Industrial Rice Syrup Adulteration
17.902495830634564,81.69140578928082,11.095672791933948,10.971409771900621,0.1957231109007748,-26.98658545027552,93,100% Pure Floral Nectar
17.83663727699759,81.67214647573992,8.16278008913376,20.918062623007533,0.29760375374787734,-26.6151028870723,92,100% Pure Floral Nectar
20.569399392174564,80.08756948379913,26.301508416156672,10.594860209284013,0.3232344229994446,-16.21623296016776,53,C4 Cane/Corn Syrup Adulteration
18.53439128747854,82.74056942102037,2.25309600133795,21.40758177844838,0.5143168918638552,-26.787831068861653,95,100% Pure Floral Nectar
17.35857857475287,81.0741817798533,5.813104260373406,15.088444319866795,0.3206036952507732,-26.99578035078407,94,100% Pure Floral Nectar
19.34980506357277,74.47412548134801,30.821996869004103,14.95756551445172,0.38453095561647704,-12.293616152555503,50,C4 Cane/Corn Syrup Adulteration
18.608809932900215,81.72155305465914,4.34410718929552,14.889432554815365,0.39088002462874527,-27.425294677132296,95,100% Pure Floral Nectar
17.80105752416525,77.67876842244931,31.190944993049147,8.00249692557309,0.4124910088468843,-15.777766535534933,46,C4 Cane/Corn Syrup Adulteration
19.8,79.5,7.247810761675753,11.09550889427388,0.41047243423374075,-26.297357188647677,93,100% Pure Floral Nectar
18.05148241712103,80.35030097996241,28.24302941130367,12.802145955910406,0.5204129629532842,-15.477181645203462,43,C4 Cane/Corn Syrup Adulteration
16.287429449076978,85.0,12.422784722864598,16.05702888347735,0.4959099359570637,-26.783877751467827,92,100% Pure Floral Nectar
18.93359630000709,82.56919132762877,23.519044241939035,15.99354088212921,0.4864971511815298,-26.220951023371544,100,100% Pure Floral Nectar
17.590630136078474,81.65304837706407,6.670002581882631,16.90467712510235,0.3634980203853259,-27.07124978740023,94,100% Pure Floral Nectar
18.194910104725764,81.0,32.61157194082404,10.666602600062427,0.16913194313914265,-18.131292353572658,60,C4 Cane/Corn Syrup Adulteration
18.602520257585876,80.15373799517528,38.38325429476644,11.776558017494231,0.2565599517334983,-22.5,29,Industrial Rice Syrup Adulteration
22.97571853552821,75.17134258560031,60.73098634921368,4.797278663936824,0.3827372834004368,-25.940950651245966,34,Acid-Inverted Sugar Syrup
15.999979421017203,82.6354280734943,10.450787309708414,20.979605087297447,0.24192251286390987,-26.408112849023173,94,100% Pure Floral Nectar
17.972079526456653,83.07472308331319,6.3203697676676525,14.692969102405652,0.47792553126673654,-26.351823439606743,87,100% Pure Floral Nectar
17.30428932992204,71.85832802016547,12.0,9.506566954890083,0.20214298413264736,-24.01887718713619,21,Industrial Rice Syrup Adulteration
16.686890171484727,83.97941184589612,8.335416888984327,19.728650174285278,0.3929582239544391,-26.373646839481445,93,100% Pure Floral Nectar
19.888798684294475,81.0,23.759909567668906,9.235460222448387,0.3721417061724261,-13.681685795875268,61,C4 Cane/Corn Syrup Adulteration
17.0,75.91559984817023,52.064517988440116,6.505366038999698,0.436899366902703,-26.609752759242,25,Acid-Inverted Sugar Syrup
16.3580852984683,83.85455327031698,17.30753654357111,14.316512938903115,0.28540245161601663,-28.2,100,100% Pure Floral Nectar
24.0,77.95379130752576,27.18349209430719,4.906779603225823,0.25131083198729975,-25.027361699663278,41,Industrial Rice Syrup Adulteration
18.76005037253642,81.77716743528097,11.134674267494276,13.899879714042076,0.4103900402101089,-26.686227322492645,94,100% Pure Floral Nectar
24.59033712524507,74.10979329641413,42.0,5.569812042133267,0.7772846762447536,-25.371841708519725,29,Acid-Inverted Sugar Syrup
18.007179748278073,83.36450487949791,13.788876111469992,16.23315024181642,0.5121525196219845,-25.431603145010815,92,100% Pure Floral Nectar
19.51830770751356,74.777932968151,25.92405072382321,9.802212387548197,0.16941448197866157,-23.29827492848545,26,Industrial Rice Syrup Adulteration
17.88110230135668,80.07731339604638,3.096263439626748,17.614480830218437,0.40880872013498826,-26.75931916230396,93,100% Pure Floral Nectar
18.28448767480107,84.09813664912956,5.092630043577506,17.302595717052935,0.201002670364666,-24.82872242119882,94,100% Pure Floral Nectar
16.660560964393536,82.68649243378545,6.012160035423692,9.012827390864675,0.5061286447990775,-25.108220223124732,93,100% Pure Floral Nectar
19.8,80.58917763677451,2.5998826629523464,15.35951061005284,0.4561490976109668,-25.977182607135312,91,100% Pure Floral Nectar
18.011441269809865,74.77196494128485,37.08786359826396,5.942299389291823,0.3206354462836021,-25.355264824893293,42,Industrial Rice Syrup Adulteration
17.2814922058244,81.20428951529932,15.25246615738182,9.0,0.5483336865749028,-27.204008320667114,92,100% Pure Floral Nectar
19.531812460628057,72.67325118152361,16.296977305540565,12.688563894802556,0.4389749042814068,-13.527127121451958,42,C4 Cane/Corn Syrup Adulteration
18.905417200974227,77.71003490303562,34.92974157091004,6.58866286798252,0.29490559486561774,-24.34500776903763,35,Industrial Rice Syrup Adulteration
15.67984481956074,83.05337393683845,33.01393565713842,14.21807478542694,0.37206902628167793,-26.171203315617344,87,100% Pure Floral Nectar
17.05377109404754,82.6301938887042,12.639000331309836,18.639060509083322,0.1978095798851296,-26.353607683859035,87,100% Pure Floral Nectar
17.208991177735314,79.84914485356448,2.900810374629881,15.503512436345147,0.46538715425178123,-28.199103284006245,92,100% Pure Floral Nectar
17.564450574279707,81.57355879461288,28.797751052173872,20.013942860950998,0.75,-25.634083215069406,95,100% Pure Floral Nectar
16.969252473707414,72.57594307660753,17.460284212868977,2.0,0.4633567461548783,-25.24053858195983,42,Industrial Rice Syrup Adulteration
23.25300277674169,79.0,47.431420046535116,3.244512585835664,0.25556571901901026,-27.14296258521089,29,Acid-Inverted Sugar Syrup
16.86053728712228,72.55157279042076,21.627795398717222,7.887345507752547,0.4179939872834746,-11.0,60,C4 Cane/Corn Syrup Adulteration
16.351999107795326,82.11666666774732,2.7336134709178603,20.878924828055318,0.36862256028086343,-26.791458058568647,98,100% Pure Floral Nectar
17.62066410345516,80.6707624270474,19.867953103308036,26.503067577774495,0.42329851600329754,-27.4269237660071,95,100% Pure Floral Nectar
19.802379539150767,78.27358175104999,17.657010142363763,13.941399277098927,0.3163141650710525,-15.0487789869217,42,C4 Cane/Corn Syrup Adulteration
19.168985884420348,75.39608508154235,28.819993172578876,14.0,0.3291012795045711,-25.998975413839148,45,Industrial Rice Syrup Adulteration
22.54238719916151,80.78556668501191,38.719999083809675,9.411852558892688,0.3577708460025006,-11.977836699765774,59,C4 Cane/Corn Syrup Adulteration
16.18079588227921,83.89630705292943,13.936801866346858,18.40429124904539,0.34502729006668614,-25.546934352447753,96,100% Pure Floral Nectar
19.8,80.23211908034841,5.890286494164596,12.255624640411018,0.4934588168346662,-26.53447327644077,91,100% Pure Floral Nectar
16.449651176840334,82.13696134287622,5.862777398434224,9.0,0.47415873896920935,-26.869966310551465,96,100% Pure Floral Nectar
19.209713080515556,77.05244187376421,28.309908873533654,11.034509121942591,0.44873257354530743,-12.723161794036837,50,C4 Cane/Corn Syrup Adulteration
18.397697371993612,75.9224793371495,86.45082168966982,4.273349647570435,0.6119943088925281,-22.72853407166232,23,Acid-Inverted Sugar Syrup
17.980748533582673,73.43131848413923,82.99405751865169,2.263825123714529,0.7457072619418545,-25.196934734657535,26,Acid-Inverted Sugar Syrup
20.358550113432965,78.23385534703215,51.39140145749103,6.772271035230692,0.3425933363980361,-24.967049797191084,52,Industrial Rice Syrup Adulteration
21.270153471127546,77.67189366135382,27.51719224147797,10.373230854132013,0.2679326046746741,-25.58406900170399,37,Industrial Rice Syrup Adulteration
17.779318736432096,83.68562030367747,6.345846802862951,19.534305084047435,0.4806466814078564,-27.43120211365257,94,100% Pure Floral Nectar
16.793615638135886,82.00202837797451,11.82716937935826,17.362709669477994,0.38003522691132974,-26.318404040229264,93,100% Pure Floral Nectar
16.80117430928246,79.7154483783604,23.773333166606754,22.088515564478698,0.35199952884462715,-24.761789848900115,93,100% Pure Floral Nectar
16.412797459062638,83.4614061616309,14.078326168354542,17.664120628941685,0.4167343041146571,-26.587622811129325,86,100% Pure Floral Nectar
21.95773581068545,75.14613020796311,42.0,1.4442459516384316,0.5340033116182066,-24.874064235412988,50,Acid-Inverted Sugar Syrup
19.26549870372937,81.25454739624627,2.0,17.05660732428261,0.3318029878491281,-26.60139202169038,93,100% Pure Floral Nectar
19.461403050655445,74.43235824338029,91.53118259846278,0.5,0.507640551955312,-24.592431977588404,37,Acid-Inverted Sugar Syrup
17.367412515779815,82.24256122481789,2.0,14.74237472800916,0.4259510193193903,-26.945117660758406,97,100% Pure Floral Nectar
18.582268323224742,82.29583164700901,6.112106685723772,20.67044289114202,0.3136878089441867,-26.777519046527683,91,100% Pure Floral Nectar
15.837035320413744,83.80694137721174,2.0,22.194476170545443,0.3330737801853396,-25.72279940659216,93,100% Pure Floral Nectar
17.587916651428056,77.25399373520638,31.672271239253632,14.135624621331694,0.3409575899324706,-13.708652035682297,47,C4 Cane/Corn Syrup Adulteration
17.165903570834622,79.5,13.45838212595957,20.403173936393973,0.35441420445162297,-26.333287620592465,91,100% Pure Floral Nectar
17.897197607743628,79.8875299782412,14.820638159209528,15.590762040822964,0.6543533464799408,-26.96267725376992,95,100% Pure Floral Nectar
19.464097604956073,83.35529114518356,2.0,15.727390515413475,0.42828042008844736,-24.837952565358272,92,100% Pure Floral Nectar
17.89684032472795,82.10156121762896,24.473970056750726,19.558452565084302,0.42230626226607243,-26.396399801620703,100,100% Pure Floral Nectar
22.876986319024212,68.93501579781977,67.16757558397356,4.134549081670637,0.6765915687725942,-25.037832038159753,19,Acid-Inverted Sugar Syrup
22.0678283963663,81.0,41.39841342348584,12.115760755730523,0.48271285555003696,-15.126864286634866,35,C4 Cane/Corn Syrup Adulteration
16.13276467360721,80.67230729285518,34.35292747658836,9.39818434658826,0.444515473566683,-16.488659396727694,55,C4 Cane/Corn Syrup Adulteration
23.69979587795032,71.11223785720294,94.0533373963341,3.6041578654442255,0.5641433729757649,-23.823092455992327,26,Acid-Inverted Sugar Syrup
16.32525399122605,82.3146856662024,21.26578940461542,22.32304545383296,0.43334680018090294,-25.972692000478204,93,100% Pure Floral Nectar
16.170258080374325,80.00601001584897,2.0,16.240830384735858,0.42287356589391134,-26.38797130473013,90,100% Pure Floral Nectar
14.572826211541376,81.49887609796349,2.0,18.913933039095035,0.5395145913871687,-26.644196398033838,96,100% Pure Floral Nectar
16.147492529866742,79.5,31.467933414739893,17.426785578157713,0.5148741262607972,-26.649579700049948,91,100% Pure Floral Nectar
16.767159027143904,82.62178314276976,7.221766544606147,16.669364521379233,0.46450222712531963,-25.16055068927613,96,100% Pure Floral Nectar
21.86274799995323,74.0379914416693,37.32889229363741,2.7110371154255466,0.26981167277925355,-25.57579173972501,57,Industrial Rice Syrup Adulteration
17.885124385719084,83.76674365487528,14.179083748572364,19.90782986172629,0.3644500344616407,-26.124111442696094,92,100% Pure Floral Nectar
18.950596650424234,73.16312053261076,38.53421245505252,11.211088218641214,0.26995539834323784,-26.035668317223298,33,Industrial Rice Syrup Adulteration
18.149383359671944,75.80883214065098,21.04696606001656,8.048683726186797,0.36530345970676226,-20.05435325289466,32,C4 Cane/Corn Syrup Adulteration
16.546136357818874,78.07280087089005,29.930585626395125,10.249922821943757,0.29045100075107133,-14.857542291074228,57,C4 Cane/Corn Syrup Adulteration
21.36750006842847,75.00598793985985,34.45935345905943,14.327195018397603,0.42732612214201443,-12.049690857170361,42,C4 Cane/Corn Syrup Adulteration
21.674433140787535,70.07560846088023,42.0,3.961345064010585,0.5706357203753283,-25.36658246640685,39,Acid-Inverted Sugar Syrup
17.863442231154387,80.5,37.97077599490668,13.133154603405439,0.351566842613494,-26.25825370150199,59,Industrial Rice Syrup Adulteration
19.414175558511012,75.14860650038143,43.55966526206747,8.075501989746748,0.1702335651650383,-26.913380464637743,53,Industrial Rice Syrup Adulteration
21.037636318698922,71.1033500193032,70.47754952821448,1.3559759610431432,0.6021684155116356,-22.872539207735475,33,Acid-Inverted Sugar Syrup
17.555175711783317,81.0,27.193269219643398,9.832840612748834,0.4953884488548136,-14.275362977200361,52,C4 Cane/Corn Syrup Adulteration
16.413444811778565,78.81400704264479,30.538068650231857,12.441817011799229,0.3617323496834274,-15.127860480222564,49,C4 Cane/Corn Syrup Adulteration
16.542735859691067,83.53230568621932,4.637415269089145,15.799701793035695,0.28684687585163626,-25.87390574221848,87,100% Pure Floral Nectar
18.310884208773096,80.7007774404808,7.506654741600142,14.475222178636288,0.34964579405374174,-26.76476227349164,96,100% Pure Floral Nectar
14.501258388916145,81.37561993524767,21.89068443497011,12.542478783255689,0.47635157799532807,-26.99693750379895,96,100% Pure Floral Nectar
14.677227387387973,81.87598954920263,23.02200132691627,12.449949696874718,0.24631423998442922,-27.010757893623943,89,100% Pure Floral Nectar
17.52986038135199,80.46887213200887,4.089787360515945,15.947672195207236,0.5144731551747497,-26.923868226483723,92,100% Pure Floral Nectar
15.814553251637985,80.46508312721346,2.0,15.912331115068833,0.37126183001114355,-26.251390267637664,92,100% Pure Floral Nectar
18.14982969945259,81.0,31.014520568326216,4.749598881002147,0.48488704705487373,-12.901657935839596,47,C4 Cane/Corn Syrup Adulteration
18.58044545434944,73.64278615757013,54.55293182710147,3.785990604707532,0.48677028794789023,-23.711164662129253,17,Acid-Inverted Sugar Syrup
15.849107155187854,82.2041101535946,18.980952265708453,16.740282156749785,0.6090864540448517,-26.386557605324114,91,100% Pure Floral Nectar
15.71920469946174,80.22832954519251,4.854010112406286,16.356788941179495,0.39473580715764095,-26.22771760553639,95,100% Pure Floral Nectar
18.113252029778785,82.92112097939292,5.572331066861558,18.623042075102912,0.4489251933434534,-26.7036932663468,98,100% Pure Floral Nectar
15.130069213485601,82.94337566501859,2.0,15.943373451232986,0.34294473914020757,-26.183408670400564,87,100% Pure Floral Nectar
15.037386380654493,76.70683656681624,37.36797194563413,7.400869023181614,0.31067158633861885,-19.21960361586334,39,C4 Cane/Corn Syrup Adulteration
16.95832178008285,83.29189579352746,3.1018037749480056,16.367222298257197,0.6107874713772833,-26.405550011217358,98,100% Pure Floral Nectar
14.0,80.5538607314873,15.430036377353321,9.433280445910766,0.4706192743393052,-26.82495403396299,92,100% Pure Floral Nectar
19.13212789580643,82.42929128000851,2.7308729861523626,13.107461432350627,0.40153226712172374,-25.54843023721532,90,100% Pure Floral Nectar
16.370550037185946,82.56058497710721,2.0,16.52329951165386,0.23170811703681304,-25.667184677373697,100,100% Pure Floral Nectar
16.0,74.28406492572616,48.94195951449163,9.786615042918381,0.22757192787078095,-26.05947111963033,58,Industrial Rice Syrup Adulteration
19.53162854507583,72.73744009704396,31.711157911122893,10.547434756879763,0.3332334960237134,-25.944871210424353,48,Industrial Rice Syrup Adulteration
18.826629623651467,82.46363662526207,5.127704462071852,21.4911980130359,0.3014570311641311,-26.38651848367815,89,100% Pure Floral Nectar
18.59560228285213,82.10940712307865,8.193476575927376,15.18078636680989,0.35722748317386044,-26.299750841755706,95,100% Pure Floral Nectar
15.52531072628706,80.9530686200826,9.888800736332676,14.474584489059929,0.4876408385124187,-25.66935613051877,97,100% Pure Floral Nectar
19.0084250827535,75.5854020653293,14.193686714553362,5.612261747381061,0.27085175558521435,-23.182332574821523,37,Industrial Rice Syrup Adulteration
17.357659967125613,77.05552661785245,31.377979990066834,11.201594789117221,0.3140799912233344,-13.369098035450985,57,C4 Cane/Corn Syrup Adulteration
21.444111343255535,77.02672172261492,84.5393854971743,3.075080995014524,0.6281693656179417,-25.78467191106301,27,Acid-Inverted Sugar Syrup
17.314793778978984,81.27838000669304,9.465552473391465,18.541283295258598,0.4115447591440805,-27.14837300381617,94,100% Pure Floral Nectar
18.670916154410655,80.13630955035698,2.900953674192884,21.421786876144647,0.40369523419634445,-26.59507523198769,96,100% Pure Floral Nectar
17.676071812396447,84.35915350418206,8.60687186486273,22.092493813775185,0.6019616958959036,-25.98338987328069,96,100% Pure Floral Nectar
21.19174211675128,81.0,19.33163046041185,9.92287551868347,0.24513538539059418,-19.217680300235127,68,C4 Cane/Corn Syrup Adulteration
18.048413931883896,82.29218026910272,11.149521824009504,14.521603695063265,0.5171450265903528,-26.033746692176145,92,100% Pure Floral Nectar
23.122569201435784,80.01859056902614,42.29116284256811,10.286282751974198,0.13102873926037253,-24.820671419331614,43,Industrial Rice Syrup Adulteration
21.454761013163484,76.4613246493248,29.65300140538742,12.395707220397565,0.39874574732117474,-25.707863904856627,47,Industrial Rice Syrup Adulteration
21.71523477364889,79.0925110632489,33.76209218842087,12.315108635635047,0.29516243803656295,-17.87978391805312,53,C4 Cane/Corn Syrup Adulteration
21.40942996610317,78.85388373887504,44.87410553636699,6.801182679918577,0.2434007516403743,-25.055411795749702,49,Industrial Rice Syrup Adulteration
18.436353688006022,84.10711200928301,2.0,12.651794859199727,0.4829751090601586,-27.595058196199385,91,100% Pure Floral Nectar
19.620811733405805,78.24932480223957,34.88367082103651,5.965051155944904,0.39398497490930184,-24.551283525652995,54,Industrial Rice Syrup Adulteration
17.472630672606282,79.5,9.518580302864635,12.216315009913666,0.3614071530363974,-27.035166666934323,94,100% Pure Floral Nectar
16.462750308029907,80.5,28.367836144724162,10.825591200707663,0.1945061786346567,-23.14601248492091,35,Industrial Rice Syrup Adulteration
17.0,74.12456289282376,77.47837589235594,2.60764855256172,0.6212968771765188,-24.892283338929538,35,Acid-Inverted Sugar Syrup
23.0,76.86911082433457,18.370738992704617,11.967777535233513,0.35403212107395876,-17.07812024466143,54,C4 Cane/Corn Syrup Adulteration
15.363429274709777,83.40947921887427,21.1261499438275,11.238831526185013,0.4387308886148223,-26.019532967214978,96,100% Pure Floral Nectar
21.01964112712342,79.0,46.87042900500781,5.256668459697598,0.5691053108159912,-23.815250743018495,22,Acid-Inverted Sugar Syrup
21.40292900479115,71.88398014346929,72.31994009093484,2.6148425434098814,0.4131969731747963,-25.40952925844814,35,Acid-Inverted Sugar Syrup
16.69651845856655,82.61619897800011,3.7645419019936375,25.122168124305922,0.2948669931892297,-26.782008228445335,93,100% Pure Floral Nectar
17.84359815919394,79.0,51.1930977694679,2.2864669828931476,0.6705377207882205,-27.5,24,Acid-Inverted Sugar Syrup
16.083296101008802,79.40995040491548,31.105458341793213,4.896463692185243,0.3382032415831316,-20.08808919426358,38,C4 Cane/Corn Syrup Adulteration
16.575760077295207,78.73817381665658,27.698053558230594,13.95665656234653,0.18269380433383514,-24.377070015200385,56,Industrial Rice Syrup Adulteration
16.142463894705347,82.08556266221662,4.579609908103086,15.270643202219063,0.4803089729245724,-26.778199869526976,99,100% Pure Floral Nectar
22.2403676359393,76.3511148318676,27.83376360832097,6.8773431259087605,0.3680742337332946,-23.993946961877388,36,Industrial Rice Syrup Adulteration
19.113623974422335,80.10303189376543,2.0,18.75003282108269,0.4325416843290985,-25.83587155609925,93,100% Pure Floral Nectar
22.7569355370032,80.33750408677555,27.268637104247038,9.942939486281558,0.32828942529782285,-16.99328134118392,50,C4 Cane/Corn Syrup Adulteration
19.907091625393186,79.0,71.86606926030903,2.4809452514211237,0.6380312515540453,-24.509300243278233,25,Acid-Inverted Sugar Syrup
17.630219329227252,80.28718899209163,38.0,22.823147863270776,0.34458687730135845,-27.015887514270688,96,100% Pure Floral Nectar
18.05451837160685,80.15879570617555,6.390950102151857,19.534553357820243,0.21799414403486092,-27.029900580144687,95,100% Pure Floral Nectar
16.876787076617322,81.50671886475808,2.0,13.348582577426795,0.4372837082375071,-27.45167228718266,97,100% Pure Floral Nectar
15.343533239485145,79.5,9.80363827570702,15.009527476892709,0.27090963914011057,-26.079673180641738,94,100% Pure Floral Nectar
18.649128124120992,78.80441722471078,31.065569209667263,7.938451163519531,0.40356375884651635,-17.20990601728424,56,C4 Cane/Corn Syrup Adulteration
20.341509130514478,77.64716802095894,33.15404944648633,5.856254718384628,0.5285029791613441,-11.0,34,C4 Cane/Corn Syrup Adulteration
17.501418818388878,76.80430600947987,15.735987371172559,12.68368622755666,0.36682591023545913,-18.973998298932877,35,C4 Cane/Corn Syrup Adulteration
21.784780423504326,74.17045072746042,29.705886664176358,10.242125736729573,0.2363804344558475,-24.191515350480223,44,Industrial Rice Syrup Adulteration
18.502706604931284,76.92521374540432,21.07831519717013,6.068742361967207,0.5210658672590985,-19.099000979156163,45,C4 Cane/Corn Syrup Adulteration
17.64261834005589,79.5,13.568323271108243,10.14486280191306,0.3186315109450588,-27.242719944061086,92,100% Pure Floral Nectar
16.090470966194218,81.8199989150516,2.0,11.09887020778952,0.32347661978848596,-26.802843149167284,94,100% Pure Floral Nectar
17.982744096654816,74.7222968837547,42.0,2.211547129357477,0.7422916034035834,-24.22577952308143,22,Acid-Inverted Sugar Syrup
17.319445399591032,79.5,2.0,19.056475791357805,0.44036221090293015,-27.457765483916766,85,100% Pure Floral Nectar
16.686445823459437,79.5,2.0,15.310869924677947,0.3444750946552253,-26.36379748063077,95,100% Pure Floral Nectar
18.34504552123504,81.9089156307978,7.193776291122046,13.806642829658307,0.578104898282088,-26.963781169045905,100,100% Pure Floral Nectar
22.474933646273644,72.40117145091018,43.33004685030738,5.32106799924048,0.5991168546054342,-23.258144650815222,41,Acid-Inverted Sugar Syrup
16.807054892386514,82.58640903559485,12.905386284605564,14.319484327141549,0.3330561277158901,-28.016442814986192,95,100% Pure Floral Nectar
17.897470630851526,80.62155946426459,38.61297311599953,8.416682076097858,0.4737130707788697,-16.884311351477066,52,C4 Cane/Corn Syrup Adulteration
18.480110291212316,76.85730170549313,36.25898020748704,2.932486712840717,0.32402139742319347,-24.901563664676907,36,Industrial Rice Syrup Adulteration
19.564744022593448,78.9479114179712,24.251840565919586,11.495771122873078,0.4666339711561252,-20.178475045479864,47,C4 Cane/Corn Syrup Adulteration
15.656790990229007,81.26431522008879,10.186383933877547,15.508166848145208,0.37551625017405815,-26.517342067841852,92,100% Pure Floral Nectar
20.711659891359343,77.12441149610021,59.529512184378824,2.151090442384514,0.5126819118000581,-24.81658595082926,31,Acid-Inverted Sugar Syrup
18.45454840576474,71.77585029167244,79.93115184602088,1.4629805679602574,0.49773593719781717,-24.336806948161566,15,Acid-Inverted Sugar Syrup
18.509035889429697,72.17043749594346,108.10348636168473,4.6657899523361825,0.3498642778397286,-26.312694942240668,38,Acid-Inverted Sugar Syrup
18.580021993951807,81.74471900167366,4.756063870782169,14.729386283326207,0.651161448686536,-26.800732516668113,90,100% Pure Floral Nectar
20.464877661457816,80.71720894670561,43.58312783841409,9.342687735420345,0.3685669559044487,-17.41445459136027,59,C4 Cane/Corn Syrup Adulteration
16.251973603883044,82.7185139534304,12.29339716074982,12.014250156118088,0.24527442079842798,-27.41177988574653,88,100% Pure Floral Nectar
16.31049265564412,81.45779973191257,38.0,18.818893021637187,0.3020276223427021,-26.899767038511687,98,100% Pure Floral Nectar
20.162413184629493,69.21921252530308,78.02334358740958,6.567295642389407,0.5983320000441602,-26.22749868649845,45,Acid-Inverted Sugar Syrup
16.75519886454127,85.0,2.898081356855031,16.26388294741663,0.37526690466422963,-26.54957401941175,100,100% Pure Floral Nectar
19.8,82.56772325658693,2.23816200116981,18.178690468668023,0.5799852673656053,-26.763318003242702,94,100% Pure Floral Nectar
19.292541841890223,79.36198817360992,32.24508130995608,4.670856383455878,0.4617229997733914,-16.29084508600945,53,C4 Cane/Corn Syrup Adulteration
16.19791047404924,76.24802933003309,12.0,7.268620422986805,0.1312984354838394,-25.47023566724136,45,Industrial Rice Syrup Adulteration
21.961860625556913,73.50252016964407,38.647909391090366,5.301546015212635,0.34004099356894957,-23.73624907743626,37,Industrial Rice Syrup Adulteration
18.82254152241621,77.17387409346868,24.35493606737231,6.669734734337754,0.22150203447590705,-23.47117394699902,37,Industrial Rice Syrup Adulteration
16.471045017967395,80.22635499736735,30.587150840525496,4.0,0.18273296152759988,-17.50136031667,52,C4 Cane/Corn Syrup Adulteration
16.285339074396802,80.626950084624,6.559898210587687,15.866103985346106,0.3099286029387255,-26.369757165920145,100,100% Pure Floral Nectar
23.181114630713182,74.61885849823811,29.68363565914062,7.810604100904155,0.14451997643084807,-23.61520744458746,39,Industrial Rice Syrup Adulteration
15.0,75.92015013297085,37.00581943498854,9.601878541826924,0.39864990167320297,-15.094501908441416,49,C4 Cane/Corn Syrup Adulteration
18.513597328366394,79.57833191387006,8.553421097926593,11.734713920771638,0.3371577760648453,-27.187258981833093,91,100% Pure Floral Nectar
15.549344292376276,80.14069428228801,9.27476484556319,9.766792607463515,0.4538338648570861,-25.50051419966648,91,100% Pure Floral Nectar
17.803887044044917,76.88537734721945,22.25021707727668,4.657573077058883,0.2538039993661212,-25.246006622130757,15,Industrial Rice Syrup Adulteration
18.718656949400614,70.0,30.04270226289,8.013248006938957,0.3138015795246016,-24.046728736231923,31,Industrial Rice Syrup Adulteration
18.247074358564547,82.28838900245016,35.727494790119366,16.53506257338278,0.45080630073548883,-26.7617372972824,97,100% Pure Floral Nectar
17.199007967592696,81.8997301593906,7.402818424769631,18.145642997617013,0.4026377087109188,-26.259934158610122,95,100% Pure Floral Nectar
17.633748994317838,83.15163900125071,3.647574536555241,18.70779825185443,0.452461617055968,-25.99069225707484,91,100% Pure Floral Nectar
19.51391214728022,70.64790931673967,21.50222683580492,8.428643459339707,0.210139465851797,-23.617769489862674,45,Industrial Rice Syrup Adulteration
14.586848736097716,80.30304592198011,7.5699400771638485,23.008303362849837,0.5212260349466544,-25.770119352706928,89,100% Pure Floral Nectar
23.21227870414286,79.10491294628233,33.94207110764775,2.6494781536671246,0.30897668421117935,-26.44069979341126,33,Industrial Rice Syrup Adulteration
17.723679197786602,80.05339972454543,20.38592862933672,14.03808529934322,0.4490749422962782,-26.651178459660482,94,100% Pure Floral Nectar
17.161631197864097,73.04898471498699,81.78055672286968,3.1101053607690865,0.387501210863044,-25.651567195670236,36,Acid-Inverted Sugar Syrup
17.0,74.23731074250081,61.379402749346575,3.837189949717935,0.4566359301478213,-26.641732552893927,43,Acid-Inverted Sugar Syrup
16.577989435893443,82.33783194084197,2.0,19.034848796367747,0.3209883240065371,-26.331031782566228,95,100% Pure Floral Nectar
16.846705097023197,80.45777172155881,29.001808897955897,14.441261703155913,0.5148823452031008,-26.356748210839246,91,100% Pure Floral Nectar
17.22940537828586,82.46631366096233,2.0,16.889657471306585,0.3855933966215924,-25.996407215643703,93,100% Pure Floral Nectar
18.119810854164285,75.61595866333911,79.01045685496263,3.361005710625678,0.28208652037262577,-22.877001235207917,36,Acid-Inverted Sugar Syrup
18.151122596139103,79.5,2.0,20.563278084301697,0.23840646370106733,-26.240880343155375,88,100% Pure Floral Nectar
17.61577854252646,80.36537243629566,25.616133733649,17.380577579715492,0.6039615050699019,-26.118416358734933,93,100% Pure Floral Nectar
17.25684113319608,75.7702706301227,32.27103564859192,7.744361956438901,0.38642062233249824,-22.870170192451972,48,Industrial Rice Syrup Adulteration
17.42379894879636,83.6661928730708,2.0,15.318308427352925,0.5297946399612268,-25.39897872775504,94,100% Pure Floral Nectar
16.908628849499813,84.06965015223686,3.5759513072639324,15.147447315069511,0.5959003174323556,-26.249826956779508,95,100% Pure Floral Nectar
17.905665121724983,80.9030277810443,3.566624891119255,17.516406477812634,0.49947682759775613,-26.173371452937953,88,100% Pure Floral Nectar
20.81019972494932,73.39113475850014,98.07150484986605,5.7836241806077195,0.4400255146056665,-24.52464414786248,29,Acid-Inverted Sugar Syrup
18.507211728958723,80.5,34.67305304659352,7.56032135557843,0.1,-23.772820792862138,39,Industrial Rice Syrup Adulteration
20.617743693151123,74.63741873274083,21.81986019452485,7.929646580061004,0.3573329928250636,-11.0,60,C4 Cane/Corn Syrup Adulteration
18.823061724709948,83.14314960722945,21.16018162382568,16.063186460330996,0.6113904249703217,-27.85247177662671,89,100% Pure Floral Nectar
16.957699446002582,79.5,3.475089149104825,9.0,0.3263514472885647,-25.6980331736314,95,100% Pure Floral Nectar
16.731314535050842,80.71323095489127,14.393220961917326,13.921720024148557,0.42140836436663226,-25.784484895103716,95,100% Pure Floral Nectar
21.771704040827856,77.50851399693492,21.088194658286866,10.023277348226838,0.25955477517033826,-24.481151481677053,48,Industrial Rice Syrup Adulteration
15.231155550859432,82.24653417335229,7.441894267749158,12.056601992671418,0.46197934952161057,-25.160329712656576,94,100% Pure Floral Nectar
20.098709293522877,79.31785848063313,15.90968967317319,11.0736316294926,0.2650553165685585,-23.655858442128967,30,Industrial Rice Syrup Adulteration
19.22250456672707,72.947546973751,27.77075471171789,10.810276994963736,0.20142605342774927,-11.566263877189941,28,C4 Cane/Corn Syrup Adulteration
17.28290580762028,82.38262447368746,2.0,22.61065553925637,0.4834361778401471,-26.305791700631424,100,100% Pure Floral Nectar
19.950983144526028,80.8722231888605,36.622984612518415,5.925092183174693,0.3666586499155859,-11.0,47,C4 Cane/Corn Syrup Adulteration
18.842374492621296,80.15615431755838,9.437139177141022,15.936753022396141,0.3966498404352399,-26.60766811567213,92,100% Pure Floral Nectar
20.50627506059535,76.20086184781259,35.57983777772834,2.991641714801239,0.2928097654130197,-27.0,33,Industrial Rice Syrup Adulteration
18.665937623657015,80.69778313187935,2.0,23.360584016395165,0.4324595082039237,-26.07348081892141,85,100% Pure Floral Nectar
19.413382604865124,78.4764833314212,28.2271214939733,10.988582218309134,0.4158372415481101,-25.561434900197824,37,Industrial Rice Syrup Adulteration
17.978722013160922,81.7022789258362,12.908460672558562,17.130264301834956,0.5722569187580349,-26.48998572406959,97,100% Pure Floral Nectar
21.282943389088867,77.08703637429537,68.52965092564,4.460816717558365,0.5060869988693798,-26.352897426159032,28,Acid-Inverted Sugar Syrup
16.65153859133865,82.56841680224947,6.494790024150671,18.850514156516113,0.5042258702471153,-26.89198296905481,94,100% Pure Floral Nectar
17.04052304687587,79.0,55.125713229479814,4.910166678108032,0.7326318651125181,-23.90435042195336,24,Acid-Inverted Sugar Syrup
16.957875516107208,79.5,12.386164756490828,18.090355324796807,0.32763514809145733,-26.096867534977235,95,100% Pure Floral Nectar
20.832278608134384,70.87541845832347,85.35393422888426,3.3182326625293754,0.46676484713670496,-24.844512358902804,25,Acid-Inverted Sugar Syrup
16.226218615201702,75.52917957219857,30.832388068700368,10.575331781542275,0.42454614547455005,-15.83480778610904,59,C4 Cane/Corn Syrup Adulteration
15.850737503305144,80.86173576177796,2.0,15.809412557059558,0.18,-25.566489945714107,91,100% Pure Floral Nectar
17.436312754377546,76.25497771908361,34.07885204047568,9.916367571676965,0.3202555245355767,-13.663982028677935,38,C4 Cane/Corn Syrup Adulteration
20.775411532493514,75.96184558104886,27.93037776002533,11.220618998357727,0.2521916174281788,-22.55171170996566,33,Industrial Rice Syrup Adulteration
17.844885243475115,76.3992885926905,65.75162710929462,3.4538013656342907,0.7233062078180017,-24.439062931233835,28,Acid-Inverted Sugar Syrup
16.26459828024541,83.03487388357705,2.0,13.57090820366646,0.4746210803842589,-26.52804630888881,89,100% Pure Floral Nectar
20.48211884844513,78.56855610355653,41.75987624263523,10.83191749082104,0.20942718555819548,-11.0,44,C4 Cane/Corn Syrup Adulteration
16.36085029637837,83.70487775094975,21.888054922359082,15.464777776462688,0.18,-28.093142826948593,85,100% Pure Floral Nectar
16.45874991899236,75.5001692952579,36.96654919064637,9.922665167402792,0.3930529611677034,-15.700314489865905,62,C4 Cane/Corn Syrup Adulteration
17.016240246070772,81.54671123518453,6.795983052912295,11.647078663141748,0.3193651591680563,-26.532286871158835,93,100% Pure Floral Nectar
21.42111327116709,73.64126816237604,30.84535898270899,12.875189863461058,0.3212515830095128,-14.262860300229626,49,C4 Cane/Corn Syrup Adulteration
16.851450192129295,82.48134985380773,5.233766881461113,19.081316515932926,0.6124639280721439,-26.644789121751124,90,100% Pure Floral Nectar
18.95805857580293,82.8479609347547,17.921719199565274,20.698989366856775,0.18811534950050296,-24.857683129319568,93,100% Pure Floral Nectar
19.75641359896571,80.55760137521119,34.294561877927855,18.97366957936188,0.41820671046947105,-25.74381560227135,91,100% Pure Floral Nectar
17.96542699548193,81.8569057184528,9.349378327491022,14.618182627582007,0.5225243184419306,-25.614500786256333,94,100% Pure Floral Nectar
15.02473772757751,80.57301753919272,2.0,15.481984810197705,0.4512787385646243,-26.96683237911995,91,100% Pure Floral Nectar
17.722647194971948,70.00554109679747,107.86974621079763,0.5,0.8116535853572151,-26.011363505525335,35,Acid-Inverted Sugar Syrup
18.021599931320377,81.57696447893882,2.0,21.313312762153966,0.3223423629685285,-26.08144709699574,87,100% Pure Floral Nectar
16.72019967686252,84.43916943091827,2.0,11.906336314441257,0.39087256928267655,-27.68489933380961,89,100% Pure Floral Nectar
18.514466811702384,78.16034105175245,26.75998276996627,3.546171897871896,0.2196021491330233,-25.569480569428467,39,Industrial Rice Syrup Adulteration
17.172812551757172,80.12620626389999,13.45034524032025,14.979545287055702,0.4318950950971392,-27.269794801959794,95,100% Pure Floral Nectar
18.90030332961485,79.10918161959746,33.87917554030666,7.612228721647333,0.5004112837700796,-17.294401328125147,68,C4 Cane/Corn Syrup Adulteration
19.788052366614977,80.37037585196914,6.793339124433645,15.221129299405378,0.5909140097128629,-26.0090092927029,92,100% Pure Floral Nectar
16.29479796206046,84.24831231818136,9.119250536841268,10.172523874044632,0.5678645084896693,-25.885023465368185,93,100% Pure Floral Nectar
17.11020631476981,80.6236783443788,5.953061891620667,12.980579598763809,0.4327806481703024,-27.149178808010088,89,100% Pure Floral Nectar
16.843183785522463,81.0,34.98303159935029,9.418161370454285,0.2834664196566558,-11.440323973811125,45,C4 Cane/Corn Syrup Adulteration
17.08424703982022,81.51533139871296,12.855853033229408,16.67465155698595,0.4568147954953742,-26.904271851160328,89,100% Pure Floral Nectar
19.369908167024555,82.50880340871579,4.301225824144952,14.783763861127602,0.4704371780982245,-26.38805182236019,95,100% Pure Floral Nectar
18.880110538997606,81.9814310271467,18.645305117038713,17.59948784144334,0.4414458149203143,-26.65464917072691,96,100% Pure Floral Nectar
16.090612110600052,79.5,14.436202222902466,11.296037656306979,0.3972983597809296,-27.276188633964097,100,100% Pure Floral Nectar
16.816409685438973,83.11288560462063,17.103507937977444,16.33913879649119,0.3974767282293882,-26.37957790126233,92,100% Pure Floral Nectar
16.19318535306061,80.40090296265613,18.017010358068536,18.851669254549613,0.43938161990860886,-26.929182703920507,98,100% Pure Floral Nectar
15.833777445831734,83.80454821508397,20.100078343299344,16.183947266648445,0.32889797445989943,-26.860722691895973,100,100% Pure Floral Nectar
18.6471434833717,77.82325684500225,25.64638053382357,4.83521970279673,0.3438761137487564,-26.835299397844203,60,Industrial Rice Syrup Adulteration
17.115661723477896,72.42766704529883,60.44887251535354,5.436106065607818,0.45608005534740503,-24.9586665682638,38,Acid-Inverted Sugar Syrup
17.004574520582757,83.21790590173568,4.101399920302658,16.14177753109338,0.5121010898180757,-27.015771669390244,94,100% Pure Floral Nectar
21.182354830173,75.36801444408597,51.76847254258357,1.3390984446536667,0.7768058221141048,-26.63578089710382,22,Acid-Inverted Sugar Syrup
18.374516700657455,79.5,9.109154191660243,15.817404583643041,0.33644477051371263,-27.120758678984693,91,100% Pure Floral Nectar
16.964598653981295,83.96178254397874,26.57754269545881,16.961618601450418,0.37215578610201727,-26.429020573630847,93,100% Pure Floral Nectar
16.56006524077922,80.84373170679223,8.24965143158004,21.873310715135553,0.42507156779579747,-26.50477666354072,97,100% Pure Floral Nectar
15.971624808016589,78.54243272399667,31.056057643622104,4.0,0.3194180536673702,-15.447015990046607,56,C4 Cane/Corn Syrup Adulteration
20.71839073650401,71.17119109704345,30.335198735726994,9.613081938337153,0.1,-24.035996070606394,45,Industrial Rice Syrup Adulteration
21.225519124592513,81.0,18.629854318731077,4.152781021286398,0.39276363255523683,-13.804371205653943,47,C4 Cane/Corn Syrup Adulteration
14.82986046012646,81.78513830149149,10.028803004049916,19.475991492850063,0.3811580695150575,-26.330823168488497,92,100% Pure Floral Nectar
16.820426958540402,82.84864612776038,2.2677212954389576,14.5206069651657,0.4154086461043013,-26.74643713684321,89,100% Pure Floral Nectar
19.593145804505138,70.18762023312932,42.0,4.7756709129859125,0.38904247781892654,-25.411705315814658,21,Acid-Inverted Sugar Syrup
17.56383591194779,82.49162072101464,2.0,16.511628443606575,0.541009916393159,-26.953436793891065,95,100% Pure Floral Nectar
16.024389420946914,85.0,18.85356937505529,16.12260551639028,0.4702693933647344,-25.91214855552607,100,100% Pure Floral Nectar
16.383691586003486,80.90150760587099,4.562698357716401,12.004275042050892,0.6128422809899137,-25.366719587803964,98,100% Pure Floral Nectar
17.086996787847983,80.1488716126489,3.249968116260394,16.345696319621585,0.6821076722105882,-25.856738838996204,93,100% Pure Floral Nectar
18.7209784902057,72.31803328807565,73.13258570193966,3.8063550866075593,0.5591463254839859,-25.34836003015553,38,Acid-Inverted Sugar Syrup
15.926857563287365,80.82053293255228,9.380765629615718,12.75839198933177,0.28784080454763483,-25.331007331091406,97,100% Pure Floral Nectar
18.75726338597977,75.70647022935252,61.778994513494155,6.501370640537292,0.4361091775593262,-27.5,19,Acid-Inverted Sugar Syrup
17.12218146072536,81.97819616294409,15.864153696020034,16.30530382497767,0.2507037257890849,-26.144222654234664,90,100% Pure Floral Nectar
17.245663822259523,78.4056990655636,35.69664621001975,2.2084379242528502,0.24091751503224096,-26.914967204910393,28,Industrial Rice Syrup Adulteration
16.65169200560949,81.4709954341708,37.06672859516426,17.967432692393878,0.22364378578806485,-27.473926672481053,97,100% Pure Floral Nectar
18.851016057689357,79.73179944455637,20.99940056208556,11.925128133927755,0.2836349799955371,-26.018319061881716,92,100% Pure Floral Nectar
15.168354033927816,81.0531859008777,22.68844839700005,21.36925691286981,0.19874964494488442,-26.309889923482245,93,100% Pure Floral Nectar
15.561841763516895,79.5,11.274570793597325,17.48377255970828,0.40637017581230533,-25.844452493968927,93,100% Pure Floral Nectar
17.550280288752372,82.68571124970846,28.65635581366081,14.216847371435524,0.6042757174573238,-26.53234054459666,91,100% Pure Floral Nectar
17.0,79.0,94.74597587897924,4.468609240447372,0.7571429634877045,-26.003105554734265,24,Acid-Inverted Sugar Syrup
20.667914803446756,70.89523850596349,32.56542805080298,10.450679896901732,0.40161694853540636,-24.157914110208957,30,Industrial Rice Syrup Adulteration
16.117971265046947,82.42336723854717,2.3909990269237205,18.846228797523832,0.435810013169675,-26.964431853215725,97,100% Pure Floral Nectar
20.058806510071555,72.33910357328446,27.01965591318093,4.083577128786417,0.39161339147942537,-24.31399434116346,48,Industrial Rice Syrup Adulteration
16.955056340626427,80.24140504605381,15.81423712153153,12.98528190026676,0.48026816644223685,-25.56409629639081,98,100% Pure Floral Nectar
19.302931935169056,72.0,32.24315444739802,16.238807276750585,0.4008740719807207,-16.506775220873042,42,C4 Cane/Corn Syrup Adulteration
19.671635936393535,82.16639422793494,6.342230520611249,16.45441009041465,0.37594629959132264,-27.126456831112726,94,100% Pure Floral Nectar
15.839740346085087,80.25727988572281,4.996661488599033,17.735986093272412,0.4292079431271548,-26.648882669833494,90,100% Pure Floral Nectar
16.0,72.79898503347225,44.99700037970322,8.558410246363998,0.41392705972439314,-27.0,45,Industrial Rice Syrup Adulteration
15.884168299141702,80.5120536306359,6.082700177143293,19.105353622030236,0.6081349811754797,-27.03203700493355,95,100% Pure Floral Nectar
14.447100774873597,79.9875440779716,21.496864345247154,17.774205574309768,0.6297762687029141,-27.237437929447147,99,100% Pure Floral Nectar
21.625134420338092,72.3187213922494,37.204035206097004,11.626032778222578,0.2233378929330555,-24.406444911530215,34,Industrial Rice Syrup Adulteration
19.10979660196338,82.71388704995073,17.52502341168787,16.89285158560596,0.3678215264560663,-26.19978893465576,92,100% Pure Floral Nectar
18.701510272233723,80.06231266861106,6.652229395240338,22.87052885527572,0.18,-26.014257913048844,100,100% Pure Floral Nectar
17.10423880608502,75.09445285384346,32.925152823443725,9.184885690771361,0.2814263888005006,-26.97534526921634,33,Industrial Rice Syrup Adulteration
16.545462276753987,79.78563219117856,45.58511615583586,13.38403988002343,0.5474652362221809,-16.364698477031112,58,C4 Cane/Corn Syrup Adulteration
15.462009673485595,75.76291105867851,37.54715549118298,12.225530153952231,0.3920798888827516,-14.572182764015208,47,C4 Cane/Corn Syrup Adulteration
21.47925845312096,78.31052890846921,37.98212878426484,13.107494450603593,0.1657215098682579,-24.27557405462844,51,Industrial Rice Syrup Adulteration
21.850900934476297,80.0513309594523,33.74211492513237,13.634825448832952,0.23798533147164316,-23.80561688873008,25,Industrial Rice Syrup Adulteration
18.8982211167885,80.5,28.714032850816228,12.918054837501597,0.28695626320894957,-24.30902018610194,48,Industrial Rice Syrup Adulteration
18.669382494153457,80.46297656564796,45.06979097967701,5.1467834127027885,0.34324808777122534,-25.49917174222661,46,Industrial Rice Syrup Adulteration
18.447148957265874,81.0,37.902372030492884,18.0,0.3365734326560579,-16.61155169949644,53,C4 Cane/Corn Syrup Adulteration
16.500377753387717,84.47562544655604,2.0,16.106366000341154,0.43737185893411684,-26.49765981983315,98,100% Pure Floral Nectar
14.967415705826486,80.77985993267845,8.596192337795637,17.90571732941668,0.4079966569270397,-26.30016502513178,95,100% Pure Floral Nectar
17.665239616771427,80.91981554730154,19.394653896781893,13.708249844027934,0.41041810158146447,-25.660778739904,94,100% Pure Floral Nectar
18.8587780740273,71.85884123483203,29.423488144424432,10.103617867702404,0.3736935730103073,-24.372119746908563,60,Industrial Rice Syrup Adulteration
17.918348117446516,83.41145152095467,4.944635067234084,12.819762141544796,0.5649929688782567,-26.32053495246544,94,100% Pure Floral Nectar
19.8,82.0389815716339,17.04584419191819,17.216798109958326,0.34844103730896947,-25.92112650634568,94,100% Pure Floral Nectar
17.04356495038891,79.32477222207807,34.078166873006765,6.762455475716996,0.3519827153765367,-18.16655471943956,32,C4 Cane/Corn Syrup Adulteration
17.283482517888242,81.82882699527111,6.498131679633282,20.20576205840211,0.5088505456857302,-26.565573276467287,92,100% Pure Floral Nectar
16.863254372904557,72.01621499468085,17.20100758511288,8.387558945984908,0.19344581077629613,-22.5,45,Industrial Rice Syrup Adulteration
19.000523475290947,79.49875703548356,28.10090267481794,4.0,0.2822687471749811,-14.620577729581335,61,C4 Cane/Corn Syrup Adulteration
21.891225066556174,74.12615175008696,19.24109206106518,4.0,0.5695973052895957,-19.37632147163181,48,C4 Cane/Corn Syrup Adulteration
18.41180282662201,73.55097166708259,79.97047910098857,6.747160042701141,0.5096116319086993,-24.32670161318277,21,Acid-Inverted Sugar Syrup
14.734867663226913,80.87532675706765,24.67864777896607,14.061078665011504,0.3647320764288531,-27.102651470824544,95,100% Pure Floral Nectar
16.001482643727584,81.16603251503719,4.102832900374089,20.49294230379403,0.36108612603217605,-26.20743456613937,95,100% Pure Floral Nectar
16.488603723293764,81.77279028082587,6.680452097105949,19.97948445618171,0.28505739844633254,-26.29230203978855,96,100% Pure Floral Nectar
18.36645836457851,81.0,39.25768817182717,9.116197306492225,0.31458787643226493,-16.003696075664998,46,C4 Cane/Corn Syrup Adulteration
19.691243733298865,76.96671107040073,46.850775889968105,8.42473002540906,0.19394659123453725,-27.0,35,Industrial Rice Syrup Adulteration
16.943944982453225,81.45446316743963,18.83721558831435,14.650801484880777,0.47748031489103865,-26.674990723537043,96,100% Pure Floral Nectar
20.581415690410488,74.26565906241248,98.32847323402515,4.164428975898348,0.5571355592633398,-25.483250863130838,39,Acid-Inverted Sugar Syrup
19.8,79.5,3.721687739402056,13.974136560426146,0.2605977850184559,-27.118160337789597,93,100% Pure Floral Nectar
17.40074385427915,80.3520834672991,10.001506992168883,16.770891590087956,0.6974452867631438,-25.613921439889985,99,100% Pure Floral Nectar
15.797731986147118,79.5,23.699441312899324,21.911024613056433,0.6048129388492838,-27.529111769503878,98,100% Pure Floral Nectar
17.22680688838205,81.26096779714378,18.709136817361543,15.922328158595748,0.3752925263314902,-26.82693189486444,95,100% Pure Floral Nectar
16.071781906905336,83.34852163844032,2.4742097887717533,14.52463024624414,0.32426134542686647,-25.803589475564053,93,100% Pure Floral Nectar
21.01122241548688,70.58366476428085,34.375604674198115,6.740663262004643,0.24907400989367628,-24.180267211429292,37,Industrial Rice Syrup Adulteration
19.59639187219928,80.92633312189324,4.856315375256987,14.612726001912662,0.3444035961773172,-26.180733225699502,85,100% Pure Floral Nectar
18.291524745177075,82.17258893988303,4.130577346845861,19.691789251019706,0.45071332524940155,-26.322383647975013,95,100% Pure Floral Nectar
17.921066760828467,83.2406377414321,3.508215527959581,15.94950633044484,0.34906238040892673,-26.741608962220457,97,100% Pure Floral Nectar
19.310564808977905,77.70422587795369,27.14463370174318,10.486594065772554,0.17421705441653088,-23.646769745121887,32,Industrial Rice Syrup Adulteration
18.24355221316164,79.55986512753098,16.59021742023451,2.0,0.3297530960166764,-26.691677255251314,62,Industrial Rice Syrup Adulteration
19.116084180545286,83.50230558009737,2.0,14.889175925136135,0.6006235198654848,-26.503020153493903,95,100% Pure Floral Nectar
17.487032923353375,73.07765211347446,68.54194082940873,5.867072075012057,0.6634771904727219,-26.536428051274694,31,Acid-Inverted Sugar Syrup
15.209465066561418,81.61564122791648,3.5076268225979783,11.08589051585834,0.5041506767332042,-26.96266222606796,92,100% Pure Floral Nectar
19.741846371206012,79.0,99.01568203633785,3.1985988278971993,0.5272826801781698,-25.839575110574355,25,Acid-Inverted Sugar Syrup
16.32672345502587,81.47943587552933,8.944204306703234,9.0,0.46213095500120815,-27.015311388265314,96,100% Pure Floral Nectar
20.133756271253002,78.0973693324437,59.98250968934409,4.5717118464677595,0.43693389168862173,-24.782071707207148,30,Acid-Inverted Sugar Syrup
14.51372029858134,79.94114584974021,6.659277107203074,17.079598355010944,0.5605342877685084,-25.85862012875267,87,100% Pure Floral Nectar
18.222111298269333,76.63130628904712,36.277344814023486,14.751640699218335,0.28279689233529226,-13.202395427499763,45,C4 Cane/Corn Syrup Adulteration
21.246867103669736,76.98785101468305,100.06675456133328,3.7323413223350697,0.3278986912214489,-24.267383268261533,18,Acid-Inverted Sugar Syrup
15.70052484849133,82.46794414371406,8.728808729069467,23.379985417999773,0.20531458149044132,-26.35178775234036,95,100% Pure Floral Nectar
18.629936613601156,81.01286895220882,3.122618004811335,13.458885529891969,0.43108577507987633,-26.228137089670845,96,100% Pure Floral Nectar
18.68429387049843,82.94517478587335,4.657323421399533,16.25944775343092,0.29381429299918066,-26.527361806839693,96,100% Pure Floral Nectar
17.345881545532627,81.02532167800202,2.0,11.599899735048876,0.2855761438270584,-26.43891336623949,95,100% Pure Floral Nectar
18.48353527086098,79.79646166514638,26.144652761127855,16.154407767807974,0.4804602703347325,-14.802397664731156,37,C4 Cane/Corn Syrup Adulteration
17.568882101463483,81.44497876593236,6.328495131000624,17.359955989431512,0.42665440021892387,-25.553639521390195,100,100% Pure Floral Nectar
18.22316429532005,79.84672703476404,20.71978842764907,11.708378909769378,0.2798141609757747,-17.703574217029665,29,C4 Cane/Corn Syrup Adulteration
15.593232054258065,83.13376512773975,10.5071484360035,12.422252952222061,0.34544019317736246,-24.818278580580262,90,100% Pure Floral Nectar
20.21807294355153,73.49792965097555,33.30815380267167,9.272562544701074,0.2050031449851874,-25.534131512401004,62,Industrial Rice Syrup Adulteration
18.95988866009292,79.27001082510746,25.138600669859024,5.100727005248351,0.24760416885220146,-24.42524076295567,52,Industrial Rice Syrup Adulteration
19.02010903092156,77.18025268864088,26.953714251980475,14.6091061063414,0.41506049536314094,-20.520657762993903,68,C4 Cane/Corn Syrup Adulteration
17.410943766130607,80.59124118960385,25.53348504632122,11.437001078209734,0.4281511725622424,-14.213954037018725,58,C4 Cane/Corn Syrup Adulteration
14.958734430132878,81.6011427565401,3.0069064129193834,16.138525465296816,0.21159278186826727,-26.455178115631416,91,100% Pure Floral Nectar
21.16909420259329,78.79490750380958,64.46936424645075,5.224079138170507,0.6295276490877998,-24.585718857205546,19,Acid-Inverted Sugar Syrup
15.525763713150742,81.97191099894542,18.40012581007377,24.728981518384913,0.4795657975834614,-26.692064384666818,94,100% Pure Floral Nectar
15.267857958499151,79.75791293353866,2.0,18.913380044072117,0.36677740801954617,-26.371174338135745,94,100% Pure Floral Nectar
24.737805521425273,73.82338625679903,73.18557275563563,3.795162844337273,0.6435962473693849,-24.3673196000183,19,Acid-Inverted Sugar Syrup
18.84182062696311,82.51781722322325,9.820195581405063,16.93641134305546,0.5237269796887998,-26.972932560291117,92,100% Pure Floral Nectar
16.012199912132857,81.63008945593639,2.612892488668684,12.805126985498486,0.3824907089526371,-25.02194212973079,91,100% Pure Floral Nectar
17.444408937964575,82.71582449788107,36.98375710175519,14.240885955393772,0.4006027446625667,-26.515160172257318,91,100% Pure Floral Nectar
18.420309154438428,80.43251092049928,26.616587335988743,4.628073529299237,0.30495811134323453,-19.895377730449393,59,C4 Cane/Corn Syrup Adulteration
16.791628750289412,81.85510561872934,11.71613377610061,19.904025629296527,0.33707347471273247,-26.811707187724398,91,100% Pure Floral Nectar
14.44185465520343,80.11035072005333,23.50678650910519,17.594970157852966,0.5840096084033276,-26.469210837961636,97,100% Pure Floral Nectar
18.75218501281607,83.15937918162594,9.732825886287968,14.69350947958474,0.3349165317222033,-26.582702442546175,100,100% Pure Floral Nectar
19.0047964133041,77.91593266370192,36.17320668046142,13.947596777216422,0.23822420516836879,-15.228389507377445,28,C4 Cane/Corn Syrup Adulteration
17.878625944212263,79.5,8.227374971232503,9.0,0.41062691878646523,-25.566747006173554,95,100% Pure Floral Nectar
15.307641552137133,82.3265708459362,2.0713468245261177,19.27110040738086,0.47783613924634705,-26.741347351449004,95,100% Pure Floral Nectar
14.71327067394235,79.5,15.084515469141358,18.92803589400843,0.33556362670689244,-25.940827613501035,93,100% Pure Floral Nectar
17.454612757081893,81.91400599985742,4.895773506765034,17.403042093939845,0.5728876300219379,-25.09237695252862,98,100% Pure Floral Nectar
19.8,81.06437661467123,5.1319519219930605,23.74846455570242,0.4388518380772596,-26.519819836669072,99,100% Pure Floral Nectar
22.167814738313915,71.2608272393552,35.03979924009089,7.5422602462756,0.31232062294013,-22.5,49,Industrial Rice Syrup Adulteration
18.68391093766527,82.78203336926386,13.191944463430236,16.675604093949485,0.5335861633708168,-25.838852198167416,93,100% Pure Floral Nectar
22.618782120788595,73.59206713034317,106.0587728234745,3.1494640628141117,0.5080244381936205,-22.705660034675724,29,Acid-Inverted Sugar Syrup
23.772188209947014,79.0,60.657014565958136,7.026775169070158,0.6086446154556044,-24.7401805852179,34,Acid-Inverted Sugar Syrup
18.914242554141747,77.17198297357297,43.77080519201032,13.014415472314944,0.3230589381667332,-15.989833105783779,68,C4 Cane/Corn Syrup Adulteration
21.884607185722533,69.71766492225552,76.18815937763988,5.604404737961855,0.46452816974954897,-24.360784744793456,30,Acid-Inverted Sugar Syrup
17.0,69.93942438916795,66.41610353877748,3.352083209876507,0.7058525960506885,-26.43425673282927,30,Acid-Inverted Sugar Syrup
16.335845538834306,81.44713883334954,2.0,19.460696377235738,0.5238325388753455,-27.378657427943146,99,100% Pure Floral Nectar
18.529375789617852,80.75376257867907,2.0,12.521697349593756,0.38795954858795617,-25.286149296382394,95,100% Pure Floral Nectar
15.0,79.63541052090963,42.5031217595274,13.903049801827908,0.44509221185211656,-13.526402989793153,45,C4 Cane/Corn Syrup Adulteration
20.424990968074347,78.16046899067346,23.45014353063128,10.731080987526742,0.15107475021299915,-23.956158734378757,40,Industrial Rice Syrup Adulteration
19.136636293603623,78.54145085014933,91.56655345798069,0.5,0.7466285294513597,-27.072984650840752,31,Acid-Inverted Sugar Syrup
15.196914857034733,83.86503113747607,2.276796188124664,15.788144822679056,0.26228578826302557,-27.207031360553167,92,100% Pure Floral Nectar
19.8,82.62500494151033,30.958802635699907,23.819886248450494,0.5755508051697602,-27.481118436358486,90,100% Pure Floral Nectar
17.15598516147531,81.34426089961248,2.0758617136307054,21.535017688793427,0.5469763335080906,-25.521341627355792,95,100% Pure Floral Nectar
18.537427291998714,82.22498718907605,7.747265680090791,21.785167483071245,0.4286814260783018,-26.260012460095417,92,100% Pure Floral Nectar
19.773734243083055,74.15880426478695,52.10526087567177,10.249613068098661,0.2697091262536369,-23.888791003703954,41,Industrial Rice Syrup Adulteration
15.465250094084539,80.69223876122592,18.868981652240677,16.58550147533267,0.506141547479552,-26.027518706069532,90,100% Pure Floral Nectar
22.295151886281378,79.0,59.561407054501686,3.4394727510063845,0.41334062231435403,-23.66829239578009,34,Acid-Inverted Sugar Syrup
21.326745849370415,78.1244681830393,29.966578613402397,13.320855888800967,0.4307060562208519,-13.997808818907284,68,C4 Cane/Corn Syrup Adulteration
20.37866376785668,76.33776645209852,47.187609748391395,6.135512043215337,0.21200320608209594,-26.733504353362605,27,Industrial Rice Syrup Adulteration
19.133605258943724,71.39907329458042,62.81609813806912,6.0911271392593616,0.6264984081051445,-25.849395710123236,15,Acid-Inverted Sugar Syrup
22.935049342056146,73.4948488228153,74.9641515575355,1.768543163681104,0.5594070713474374,-27.5,29,Acid-Inverted Sugar Syrup
18.777387191558617,81.74187102713225,20.26048986762616,12.304702592804937,0.6042146087775182,-26.48688986237239,97,100% Pure Floral Nectar
17.335908569087255,79.5,5.058761379830304,20.3277565583984,0.6500745562326904,-26.07039179843723,89,100% Pure Floral Nectar
18.339812466965572,82.89466113377432,4.758837708291002,14.791329263397307,0.6110670088378529,-26.621678441574385,96,100% Pure Floral Nectar
16.11858113610968,76.94293820266097,35.46321328887672,14.433611632380702,0.24948924991619847,-13.652276439149224,46,C4 Cane/Corn Syrup Adulteration
19.076645472506485,81.81003704989507,4.85340627246458,22.497702174489685,0.18248043660043176,-27.629037500430638,92,100% Pure Floral Nectar
19.8,82.41077467034002,38.0,13.897014629519708,0.4115239224417631,-26.87920993339893,99,100% Pure Floral Nectar
19.430461277295155,84.83642722679356,19.131488789563832,22.58408236342469,0.3572974884708435,-25.454237737564096,97,100% Pure Floral Nectar
16.296832343552826,82.90835640818698,38.0,17.071803095340822,0.27500357812088005,-24.90749747789941,93,100% Pure Floral Nectar
15.915141674799774,76.7370353685018,31.48840859820752,17.60461624807646,0.31652985320236354,-17.386663695145096,53,C4 Cane/Corn Syrup Adulteration
16.565480730941815,82.40704863616817,7.417223861845554,11.83425144898343,0.4336509220176333,-26.112047805701202,95,100% Pure Floral Nectar
16.352913112952223,81.0,28.419824457363607,15.44797116156839,0.36424517590520605,-13.580328869882784,40,C4 Cane/Corn Syrup Adulteration
17.695871699418273,79.0,89.61793400527401,4.826168975832685,0.8551283388685917,-23.943197418790177,32,Acid-Inverted Sugar Syrup
18.752561998767998,73.1376157875237,33.044670929244624,13.701442204583808,0.21976625047181325,-25.72257063874611,51,Industrial Rice Syrup Adulteration
18.808982656799945,82.1612184369788,6.067856056352666,21.138092294938684,0.6551620778347059,-26.727546605633272,92,100% Pure Floral Nectar
18.389442935829432,82.34083756976273,2.9992048527543904,16.979987555430597,0.3661683752269056,-26.26746617467388,97,100% Pure Floral Nectar
22.310514837555292,78.57162939272649,34.591741945942296,13.826253978658883,0.22591622041767434,-26.27098348703461,45,Industrial Rice Syrup Adulteration
18.137541568362053,79.97438638439561,14.17751214817305,17.756978464845297,0.2698526501546789,-25.921467181644566,98,100% Pure Floral Nectar
16.457298393345262,81.07272365001049,11.284803848408446,19.18472076147956,0.24672852930093273,-27.36842711871919,95,100% Pure Floral Nectar
17.949354943825693,77.91000318459854,27.394284771137936,4.0712703356741775,0.2669409479662723,-13.671786885312441,36,C4 Cane/Corn Syrup Adulteration
19.8,79.5,4.787936172441929,10.517501472618541,0.4271955429234848,-25.642010996258524,90,100% Pure Floral Nectar
16.822830431777618,82.63560101762845,38.0,21.27355026977199,0.6275161039253707,-27.616878304965248,94,100% Pure Floral Nectar
18.86056954598047,76.46680969019211,21.784070306451646,10.432655595889052,0.34484396816773505,-14.529976413993074,50,C4 Cane/Corn Syrup Adulteration
15.064081159601866,83.2098347533014,4.091931227228296,14.336464590391678,0.27972229077450006,-27.060758450332706,92,100% Pure Floral Nectar
18.655196779490673,79.4190441880845,10.0,11.819003435985444,0.37535929416908065,-14.95428989535035,44,C4 Cane/Corn Syrup Adulteration
23.0,78.83112138738416,27.809570335234135,9.246036571796802,0.4005151070454652,-21.0,60,C4 Cane/Corn Syrup Adulteration
18.279211271441753,80.7787476375544,2.0,17.820110448452095,0.4751490585973278,-27.29363274017126,98,100% Pure Floral Nectar
17.412461189148235,80.20772166416121,5.9864809687682135,23.600403314677745,0.3759573097642048,-27.410180702424466,100,100% Pure Floral Nectar
16.731698269822672,83.03507224773868,4.207510767044971,18.710548786887923,0.7322975849849176,-26.312213924366908,91,100% Pure Floral Nectar
20.24700620930221,72.10629220211517,40.197061801791115,9.639861385066409,0.2891787899411993,-23.897767439219823,47,Industrial Rice Syrup Adulteration
17.217629361094513,82.08440017002884,2.003275702548917,9.354344932560291,0.39688722734870324,-25.50295322052261,98,100% Pure Floral Nectar
18.467927372340817,77.6570674945845,29.58464670829777,7.946189844993086,0.22400136752063193,-27.0,39,Industrial Rice Syrup Adulteration
17.13628285657826,81.68764742157181,14.980592079887067,17.56752828840174,0.4866455587379722,-25.615909415568268,87,100% Pure Floral Nectar
15.01153286782468,79.5,2.0,13.07649974949422,0.2820984477339864,-26.37124339513367,98,100% Pure Floral Nectar
15.663776461314018,80.92770200843788,27.984291808416362,16.190467246444058,0.6251715901997488,-26.443759637724046,94,100% Pure Floral Nectar
17.47036067520525,73.15434961667744,15.898969806979794,10.11719598753255,0.4200829099825002,-17.072785983116937,43,C4 Cane/Corn Syrup Adulteration
19.914974958236964,77.21152500005897,20.076292176897027,7.890202506999015,0.4230670682770197,-25.4139726258975,46,Industrial Rice Syrup Adulteration
18.82780655896323,77.13218376997973,61.904790030578674,5.4736334270758675,0.4357663995299781,-23.134323849737612,50,Acid-Inverted Sugar Syrup
16.385646720471897,80.85617229159102,30.325827885503863,11.078732998920682,0.18,-26.37959366137249,98,100% Pure Floral Nectar
16.981742550888665,79.81240554632123,36.096518859823114,22.231580845240693,0.5038078945595281,-26.61613325383537,100,100% Pure Floral Nectar
20.297200744192445,73.2594996716546,24.35092744590593,14.0,0.19079172382506016,-23.962942958145725,52,Industrial Rice Syrup Adulteration
20.352874014604133,76.04983677833657,42.162597193826535,6.082283292303119,0.34246048019104836,-24.828645282496364,62,Industrial Rice Syrup Adulteration
18.665719699497892,76.26089662068199,16.700022086830682,8.104106662176104,0.34915246741656647,-25.059705196769023,60,Industrial Rice Syrup Adulteration
16.623372247428545,81.74835102232085,7.8688667236412435,17.99251977959427,0.4570865325725145,-27.958733067470057,94,100% Pure Floral Nectar
18.79620865392977,81.82564045167226,4.964408189238968,16.61706711299221,0.48799293994021065,-26.76831575974213,96,100% Pure Floral Nectar
19.282761394383442,78.41754211785832,84.27028199834923,0.5,0.5615712634472795,-27.5,32,Acid-Inverted Sugar Syrup
24.336438982840022,71.91202319909635,107.39137046864569,7.613645943329011,0.32134328092858216,-25.8590398258747,31,Acid-Inverted Sugar Syrup
20.18823975681945,80.5,46.4558823698008,7.6037306997105905,0.18373702962620003,-26.558589865751635,39,Industrial Rice Syrup Adulteration
22.780396967995006,68.0,59.46710209951978,3.7999513748492197,0.40730984676810794,-25.38745595532197,32,Acid-Inverted Sugar Syrup
21.134205495202774,73.95954345672799,27.08403292096103,3.418906049100105,0.22301223581966984,-24.99012429848359,33,Industrial Rice Syrup Adulteration
18.103301820330078,82.29447590885225,2.0,20.548613949670806,0.4722058045968533,-25.350729076132726,92,100% Pure Floral Nectar
20.94243649450166,78.67900822271812,27.43607612397461,7.56308157995329,0.17532202952597414,-24.24951626249424,42,Industrial Rice Syrup Adulteration
15.27660311612561,75.63551603768565,20.409345027013256,9.39200001176553,0.2387822601603709,-15.990681608158102,26,C4 Cane/Corn Syrup Adulteration
18.371702292503134,72.00668344847924,71.60223315111733,2.6330015022761555,0.4583063685122229,-25.81069724868158,26,Acid-Inverted Sugar Syrup
17.685027493295767,81.20926847928408,2.624460720413942,21.396047765512876,0.5142151902552066,-26.724649059964673,96,100% Pure Floral Nectar
20.569026822647785,79.34025131740762,40.201731267741586,4.038979043503762,0.3745597163378578,-25.04789843638376,51,Industrial Rice Syrup Adulteration
18.99557086421706,74.05524497059506,32.327133228488876,6.5120637425061245,0.2818863866267427,-25.01502229581613,42,Industrial Rice Syrup Adulteration
19.687467509489274,77.50955269935511,48.0151631323036,6.827768171061651,0.26818838560503344,-24.984373044260515,39,Industrial Rice Syrup Adulteration
17.0,75.5430319134823,42.111526774337435,5.355532992394224,0.7754434880886123,-23.585563072030492,29,Acid-Inverted Sugar Syrup
21.84590596114351,74.92779179167174,31.72270992465859,6.449674034904612,0.1899268074329566,-25.274580366784022,36,Industrial Rice Syrup Adulteration
18.44403201465841,80.0618456742883,31.45484394769293,5.349139696804596,0.2434125899515157,-11.749278725435556,37,C4 Cane/Corn Syrup Adulteration
17.0,77.33866235053895,45.96002482554909,4.321816125014409,0.5179363634501243,-22.533308755454073,24,Acid-Inverted Sugar Syrup
18.44326699114081,77.26304037490402,24.702747558465468,11.288107586515308,0.4299518849073597,-15.084155768527634,62,C4 Cane/Corn Syrup Adulteration
19.683024001386663,73.59138386329208,30.05952714602853,2.0,0.29465216309674247,-25.387998043593612,44,Industrial Rice Syrup Adulteration
19.838505128252322,78.95453121518968,36.89100871191405,12.411976630685473,0.23577253460797262,-15.228353231322274,52,C4 Cane/Corn Syrup Adulteration
19.12312196322814,82.27195432913412,2.5879684562578174,14.660859509517898,0.2938413822912924,-27.248237745242555,92,100% Pure Floral Nectar
22.95254131091525,71.09960632480916,67.66204728785107,5.634391973403992,0.6650654546225713,-26.77765132126872,35,Acid-Inverted Sugar Syrup
18.29796868146121,79.46782213570265,60.018341878381605,11.702403978233182,0.2313061758278074,-24.09550871858331,29,Industrial Rice Syrup Adulteration
16.343875075811273,84.0861723325017,3.974251168913339,16.55429140515916,0.38053326039950286,-27.053063929121112,97,100% Pure Floral Nectar
17.68597918322575,77.4545685017238,65.99119446806904,4.640242356014384,0.5218233665736511,-23.7756618678266,25,Acid-Inverted Sugar Syrup
16.99335637918186,80.3944419178527,2.6533355107351673,20.09714957165566,0.5142579107795491,-27.130744686174285,93,100% Pure Floral Nectar
18.710153166803813,79.5,2.6321138521181187,15.02026646620357,0.3196393756204454,-26.50379819654918,88,100% Pure Floral Nectar
21.17628680535215,71.33957539227573,65.62531598704798,6.142055239221973,0.5081260910111924,-24.73985124800686,19,Acid-Inverted Sugar Syrup
17.603425471509354,74.6670553953355,27.024556691344017,4.495803833217151,0.2567868784886468,-17.230048709645956,33,C4 Cane/Corn Syrup Adulteration
15.872312794086119,79.5,6.794662620152598,17.43060974650837,0.5982259900976541,-26.07024371713218,92,100% Pure Floral Nectar
18.75040496400594,75.8514945158872,84.7492728310296,0.5,0.7152233728107502,-25.847771015725563,47,Acid-Inverted Sugar Syrup
16.075549469047516,82.37626269431323,20.60837328707521,20.478427230827194,0.18,-25.568356686624256,88,100% Pure Floral Nectar
19.271921794446037,81.45846915303929,10.54669111653892,17.003871153699183,0.5433550802709357,-26.467452899911756,96,100% Pure Floral Nectar
20.296487301147103,76.59323855471179,36.95811935408463,4.6343604181725615,0.3263578255130172,-25.068308168158666,39,Industrial Rice Syrup Adulteration
18.032653416550154,81.0,32.042837047933965,13.311179006885638,0.31052503796646935,-13.38411084535507,39,C4 Cane/Corn Syrup Adulteration
20.78264587613742,78.67433916982446,57.367536395807065,5.591403596727854,0.516641015851198,-25.135935270128304,41,Acid-Inverted Sugar Syrup
14.0,81.67059440341527,7.987727628249121,11.371331253163465,0.4612265492447923,-26.70540313369591,95,100% Pure Floral Nectar
22.308113498970084,79.0,71.80126560387374,6.583779310723932,0.5260014519438427,-23.86611209426389,47,Acid-Inverted Sugar Syrup
17.522099062867962,80.51184771035118,3.9059847098576745,14.486882717492445,0.5891321308861092,-26.614782221072016,94,100% Pure Floral Nectar
19.751675299428452,68.0,42.0,3.497368878007282,0.2794836165801077,-25.278252227405105,22,Acid-Inverted Sugar Syrup
16.529751929671132,79.5,2.0,12.125338701472852,0.35486412339396417,-26.343730472865442,98,100% Pure Floral Nectar
21.5805807273416,68.0,76.12111919275536,4.9813633436638085,0.6237648671967542,-25.600434460700782,34,Acid-Inverted Sugar Syrup
20.458757772329445,75.5219120503276,31.66797969940818,8.771653761299513,0.2170282995596507,-23.639240520582295,37,Industrial Rice Syrup Adulteration
16.9660346875564,84.02952724403909,2.0,18.82206943942017,0.5534456210523847,-25.549581178871875,100,100% Pure Floral Nectar
20.623484798134,77.30729413703571,88.7185425440397,1.3747878534753335,0.7413847741143568,-25.316384216941874,28,Acid-Inverted Sugar Syrup
16.34286857168915,79.58877189009209,2.0,18.76149850647232,0.5008522601203511,-26.78923679023558,92,100% Pure Floral Nectar
21.887167795916046,71.12351128787506,97.68527089747948,3.945146083166055,0.4374816699318392,-22.0,50,Acid-Inverted Sugar Syrup
19.10918371940883,70.0,12.0,4.833637817681542,0.18152014499957908,-22.5,48,Industrial Rice Syrup Adulteration
17.173377308936235,80.84990174709007,2.0,15.32386243347653,0.3943475702325181,-25.786651194474835,90,100% Pure Floral Nectar
18.485006725876687,82.27705354558483,2.628153509364992,19.26074416487703,0.528366980008432,-25.325128458639682,97,100% Pure Floral Nectar
18.19960069172893,83.92891984646246,12.675740698660473,13.679153551069028,0.4091708542271613,-26.301643767000076,90,100% Pure Floral Nectar
16.621148774427414,82.77397694259906,4.712936752004765,22.877083704074508,0.36271861698673985,-27.35917961244552,93,100% Pure Floral Nectar
15.001299154927551,80.86414775453157,2.0,9.0,0.5590400428009562,-26.554146670743854,94,100% Pure Floral Nectar
16.43824039704013,81.03096329361881,2.231694092263061,12.723100469133506,0.377754041276125,-24.702211185737273,98,100% Pure Floral Nectar
18.971424418296152,78.24963532436382,32.607116377704976,10.481141690484478,0.41449985112492,-23.49245552199291,47,Industrial Rice Syrup Adulteration
15.691157310898971,83.79939024847467,7.298192839477086,17.016252425951905,0.57551134338885,-26.356474539131398,95,100% Pure Floral Nectar
17.522981268006156,80.95327838430158,2.0,24.545831748609622,0.3516766569490958,-25.123648726574473,94,100% Pure Floral Nectar
22.192939555906307,73.15351758285959,69.54299035935968,1.9216652584970846,0.6605185561665491,-26.670677329458663,34,Acid-Inverted Sugar Syrup
17.0615544855324,79.5,16.899401386117084,17.569123720460393,0.4133878260321215,-26.86104245666852,87,100% Pure Floral Nectar
23.63760632280839,73.95526495896002,84.66076495210999,3.6392824334213847,0.5598734019932208,-25.263414302085707,41,Acid-Inverted Sugar Syrup
17.579044464071824,73.33755073090887,54.29297355602423,11.821520645898755,0.3432426264142222,-24.95741934303839,56,Industrial Rice Syrup Adulteration
16.502369463620948,74.28535903836405,21.772067479053213,12.236650720306688,0.2094836140060217,-15.730214238768239,23,C4 Cane/Corn Syrup Adulteration
21.613013853601235,75.52010382527968,88.79049414400345,2.6306928390124584,0.7130439257848221,-23.19224560878079,45,Acid-Inverted Sugar Syrup
17.68972003439507,81.14317042763243,18.94209996781211,16.08966199315208,0.3659058608287841,-24.93201095133888,94,100% Pure Floral Nectar
18.378263245159598,77.4871036746118,25.862303810442835,8.365470410793087,0.4605089086835444,-15.254027182121412,47,C4 Cane/Corn Syrup Adulteration
17.826803696134387,83.28519310615091,14.376503260573106,15.016445091597793,0.39820258333125197,-26.25637057648467,99,100% Pure Floral Nectar
22.15759462158771,77.09200360399204,80.512314287816,5.927543023548578,0.6949809713854769,-26.27915542184183,49,Acid-Inverted Sugar Syrup
16.946286157494654,80.31393266967606,27.09279908002755,15.093914629818471,0.4445828760261229,-25.129025781443776,93,100% Pure Floral Nectar
17.09540557361753,76.09531662270729,28.135358393334002,7.347003487664109,0.3995586142509707,-14.835460365628332,57,C4 Cane/Corn Syrup Adulteration
18.61695413693628,80.11445134870068,30.637004249397922,6.203312628616022,0.36986029501804485,-15.672693726547058,68,C4 Cane/Corn Syrup Adulteration
16.374889340278102,83.8431446177411,10.32517598455146,16.759624093771308,0.4826934253112033,-26.083163179013916,92,100% Pure Floral Nectar
16.49195461403329,84.55544815649311,24.712422541456064,16.337267359513028,0.267749879087846,-27.689095931539192,93,100% Pure Floral Nectar
16.35442073859785,81.74267907406966,5.8327907491848,18.14753734872914,0.4511514776038745,-27.26671280103482,97,100% Pure Floral Nectar
19.08161629759693,76.94919820352415,30.84605586524946,10.351239802940302,0.2443365827606446,-25.761730218383896,28,Industrial Rice Syrup Adulteration
18.068114445086056,76.1290674425891,42.0,1.3660758210114459,0.5846221753615741,-27.32394667894973,22,Acid-Inverted Sugar Syrup
16.459326251715186,81.82263882394521,19.190476557618744,16.97026764159225,0.2610200333156838,-25.629440136204096,94,100% Pure Floral Nectar
16.50874078357416,81.98102473128483,11.18345249113431,15.545752228358724,0.34237964349988514,-26.670958971132457,95,100% Pure Floral Nectar
19.73935413739885,79.46793429570067,30.67355553554221,8.510737181575328,0.2615576470655474,-24.430621983732397,37,Industrial Rice Syrup Adulteration
16.87182907955715,84.62907086889565,7.781063603037975,17.31671866615148,0.3879370121213654,-27.101476373243642,94,100% Pure Floral Nectar
17.101301710717273,83.75245263426834,6.00494380611501,16.43108987466929,0.5606729951529681,-26.17138282805855,92,100% Pure Floral Nectar
17.76779398078009,73.95261710440816,70.73437378962204,2.9305842120562766,0.7801672188104645,-24.871260269218457,49,Acid-Inverted Sugar Syrup
14.651155379232076,82.34072888663204,38.0,11.085109547101435,0.3077900596286943,-27.270351116326545,96,100% Pure Floral Nectar
18.76363546519344,78.19322918287912,43.921182190546205,9.791063160467951,0.32356505811362346,-11.0,57,C4 Cane/Corn Syrup Adulteration
16.224519454198596,85.0,5.364130170171467,16.067465865231586,0.566956647745821,-26.230182843992576,97,100% Pure Floral Nectar
18.666244789270028,81.85424435789174,12.732370087139671,20.518223691033718,0.18,-26.909225364517994,98,100% Pure Floral Nectar
17.1307404056449,76.02197755241747,34.71096688542422,9.247321830496112,0.3784735557069336,-16.854493283036287,42,C4 Cane/Corn Syrup Adulteration
21.46493923753949,78.8045031037294,42.0,8.0,0.561968703580361,-25.75182122487393,33,Acid-Inverted Sugar Syrup
18.49918162820346,72.4250784989039,39.104720259034224,8.055182877839345,0.43204381441635414,-20.229565405169907,42,C4 Cane/Corn Syrup Adulteration
16.859262428874974,82.09489450252497,23.006563727191462,19.94596975621712,0.252078834265695,-26.211151249420045,92,100% Pure Floral Nectar
18.489546805074358,77.88073198212841,35.80378364536908,11.157160459121425,0.39504141613157046,-13.281400105063952,65,C4 Cane/Corn Syrup Adulteration
19.26846383303818,81.0,19.939913154934032,16.478538018310857,0.43759903825792895,-17.059115545232494,63,C4 Cane/Corn Syrup Adulteration
19.693390761820968,74.32977902576877,30.3464498881362,9.045934099217737,0.5070886473995025,-11.0,63,C4 Cane/Corn Syrup Adulteration
18.461347824452968,76.2667780415061,44.540356825285855,10.724380491031528,0.2695952917978891,-22.5,44,Industrial Rice Syrup Adulteration
20.930941084159574,79.40274416357062,31.285562510220224,8.770028610913087,0.17576307737487504,-18.44176130068033,46,C4 Cane/Corn Syrup Adulteration
21.219869537138386,76.47428132283869,21.241938072344816,3.4229590476246585,0.24179626288563716,-24.019225245959433,26,Industrial Rice Syrup Adulteration
21.91521791703216,72.67317939907028,75.36065832359242,2.145037985254084,0.5686490512942706,-25.264100587657953,41,Acid-Inverted Sugar Syrup
16.989922178154462,82.41009537962366,11.290327236726094,14.965926950807955,0.23692620839457068,-26.12849971960908,93,100% Pure Floral Nectar
22.433065280970162,75.70029469108884,31.377928755535006,10.70917736831363,0.30069905557767657,-25.53942032666413,31,Industrial Rice Syrup Adulteration
15.172780539417257,83.2200063478625,10.578386120932219,16.99399325804606,0.3265695543825946,-28.00955038736594,93,100% Pure Floral Nectar
15.624315333782272,82.43331164975348,2.5669598618813767,15.651567963953424,0.6884365292473955,-26.025051842488374,97,100% Pure Floral Nectar
16.359407007965814,82.4653389380577,2.0,19.674267054386373,0.5678740595412997,-27.498843679303214,95,100% Pure Floral Nectar
17.08341563171173,79.02238957149808,35.785872064537635,2.869856877787461,0.24444560026194312,-24.796995126360418,32,Industrial Rice Syrup Adulteration
17.605578526910897,80.4276966934935,30.864390710852565,7.275148041854528,0.5252424003916039,-12.5435347517203,55,C4 Cane/Corn Syrup Adulteration
18.35078922176249,76.14499369971273,23.154582297942575,13.352720036580575,0.3186243054734372,-18.139345102197773,31,C4 Cane/Corn Syrup Adulteration
18.07863022983184,73.5285081048645,78.85760616195597,4.739802872974049,0.4118766127207922,-24.427915018169323,33,Acid-Inverted Sugar Syrup
19.069388282538707,74.37256023011543,27.406176645615698,4.503624245013819,0.1,-23.249126433758633,37,Industrial Rice Syrup Adulteration
19.14948664070219,77.4496109994431,28.9727323165921,14.39141805485021,0.42003291706062024,-12.975118817053065,43,C4 Cane/Corn Syrup Adulteration
16.98456610873843,75.60565302711461,42.99571013885143,7.354348811600175,0.29434252635605723,-25.171723014099534,32,Industrial Rice Syrup Adulteration
17.980468311835146,75.53936682273707,78.65739898607688,4.468532240362906,0.501191296748519,-25.895378210446896,21,Acid-Inverted Sugar Syrup
16.518024462729425,79.60405512338544,13.064987098002849,16.811008471212247,0.396720624892005,-25.79424890366495,95,100% Pure Floral Nectar
19.268542113477366,81.68874834201236,38.0,16.42050005794431,0.26186402974692313,-27.25707984125472,98,100% Pure Floral Nectar
15.800976874787125,80.77333308779139,15.252905189105508,18.416587249729957,0.4399606639140787,-26.87055321078668,91,100% Pure Floral Nectar
18.828429253016942,83.21025204627772,2.0,18.43532222983963,0.39484320078970053,-26.865575159713163,92,100% Pure Floral Nectar
16.48150100693978,82.63097399302062,15.978737739204442,15.565776393712863,0.3450226554556933,-26.182664506095847,93,100% Pure Floral Nectar
20.9692779517118,75.18548007864969,83.32397541224118,0.5,0.4690245503595426,-25.363205592211486,38,Acid-Inverted Sugar Syrup
19.059035369827015,74.50805916087461,13.697248486526636,5.795157338928422,0.3049935856079939,-24.7418558054927,25,Industrial Rice Syrup Adulteration
18.505627164622325,79.5,14.534560595903642,15.906149920520836,0.6307321907632241,-27.435362501668266,100,100% Pure Floral Nectar
16.0,76.33102831052001,22.656283966804967,7.35123216171282,0.2706317418515736,-23.544826574771946,15,Industrial Rice Syrup Adulteration
18.668612916171643,84.12418679277789,8.524469648401142,18.679100474750516,0.3795568350382348,-25.85765862694795,96,100% Pure Floral Nectar
18.340865902027726,75.80554160774258,20.631792574187774,7.073038111101861,0.32824672216266665,-21.0,44,C4 Cane/Corn Syrup Adulteration
19.698525650801596,75.10904467898386,35.266488329694724,11.444830376691087,0.2091550859397955,-16.66599602127626,68,C4 Cane/Corn Syrup Adulteration
19.8,79.73097352998616,2.0,13.998145671826308,0.2804747472806686,-27.432344978866876,88,100% Pure Floral Nectar
18.373654679972336,71.31797144773833,56.39696049124312,5.11031698795584,0.6736042426646239,-27.332618175686793,31,Acid-Inverted Sugar Syrup
22.17451088783605,78.54210836781321,105.9360259987431,3.4310616997044914,0.5380456256904489,-25.448704240295875,43,Acid-Inverted Sugar Syrup
18.695995678109558,77.80434012608511,67.0470820661527,6.000642961603317,0.5982217502961382,-22.35037507072957,37,Acid-Inverted Sugar Syrup
19.212625530925497,76.73833529781834,49.17761592661617,5.343882741269098,0.2976111486711671,-24.018790818865366,54,Industrial Rice Syrup Adulteration
21.018709738455453,74.46639330093535,74.72102120793477,3.835625127190257,0.43102537996999324,-23.202777260313717,31,Acid-Inverted Sugar Syrup
20.3276533122911,81.0,23.306447350298733,8.905883753755194,0.41874563978780277,-11.0,43,C4 Cane/Corn Syrup Adulteration
15.447844806133379,85.0,2.2436256698393104,14.737353167877407,0.5602467353077484,-26.706886221625695,91,100% Pure Floral Nectar
16.319031248830097,81.49561464893885,37.75636511987657,10.532761905838537,0.4526328709128648,-26.643675141640905,92,100% Pure Floral Nectar
17.192801429636656,75.29588153590716,32.06554351337523,14.583744590430298,0.4706114589194533,-14.993136916550734,51,C4 Cane/Corn Syrup Adulteration
19.55257173736396,77.14014675109804,22.031031899319714,11.702455508582629,0.2614672438995661,-12.376876371787631,38,C4 Cane/Corn Syrup Adulteration
15.92914134779431,81.51822010566421,24.799172317649234,15.837113049715928,0.5307704750940155,-27.199737328682893,89,100% Pure Floral Nectar
17.40319263747287,76.04333410527867,37.80336849166933,7.8245760395301245,0.17372930099583955,-12.803556103644889,26,C4 Cane/Corn Syrup Adulteration
20.139225374836485,71.61878485426362,36.45726284358589,12.374755501102184,0.2581129584870136,-23.373388558152936,43,Industrial Rice Syrup Adulteration
16.450530878177286,82.60917669195648,16.15548923561616,23.679273326150955,0.4928076003024128,-25.94044574177734,97,100% Pure Floral Nectar
17.734709633124172,83.8978679964842,3.6751405179856693,15.840531213266727,0.39652881157809294,-25.113440579005406,92,100% Pure Floral Nectar
17.192618626007487,77.93450157056455,33.50213384008981,10.08518371319858,0.18694871223589424,-19.853298738370388,48,C4 Cane/Corn Syrup Adulteration
18.587305468605923,78.64415249117248,16.85574158632939,5.343741907709683,0.4288364800777356,-15.536700883597714,62,C4 Cane/Corn Syrup Adulteration
18.345426164733222,75.11084712980475,30.282877378343475,7.579664022981655,0.26100181307651404,-24.21955244642645,34,Industrial Rice Syrup Adulteration
17.953614510669485,83.9915217722467,38.0,17.233360638737132,0.443766831106218,-27.40565625452547,95,100% Pure Floral Nectar
16.911796796767522,84.8214991033828,20.18518302276736,12.854451149537134,0.47307379659963716,-25.938825828717373,95,100% Pure Floral Nectar
16.76710729213019,82.96953436220194,5.698381521259551,14.76343103146412,0.31125382485687664,-26.74313363436008,92,100% Pure Floral Nectar
21.6418419634661,75.65377587077006,33.79918971120987,5.553926062722912,0.3530663529557311,-24.08661304413962,36,Industrial Rice Syrup Adulteration
16.536624914100717,82.16399340117128,8.20591261730642,16.68655997896155,0.39384589125077535,-27.06319602651292,100,100% Pure Floral Nectar
22.79166326975443,79.0,61.3514322908461,7.146553711719003,0.591855139089045,-25.710375570689724,13,Acid-Inverted Sugar Syrup
21.912492671396304,79.0,44.62119718279265,3.5929612634141908,0.677095072086135,-26.74605397628495,46,Acid-Inverted Sugar Syrup
19.37161276573153,83.14517517140727,3.137693998082188,20.997486589810098,0.19967936599718025,-26.429713970308228,89,100% Pure Floral Nectar
18.946838901743227,82.69333827713872,2.0,11.144979967506849,0.37304401321219466,-26.208483798716824,96,100% Pure Floral Nectar
21.091470709506066,75.56275930850667,41.54235278564284,7.884098696279707,0.21786389391202127,-26.41116930055849,40,Industrial Rice Syrup Adulteration
22.13330230529062,73.28074881310988,73.18708333653132,1.967548893728177,0.6953645269040132,-23.313182309481142,34,Acid-Inverted Sugar Syrup
18.881699491029522,83.33341731174727,7.99553071547116,15.10790162687652,0.3609880064812556,-24.694810413039527,90,100% Pure Floral Nectar
19.8,83.64574454930708,36.09520610947757,18.153803807500488,0.4285704999097312,-26.259422997227865,87,100% Pure Floral Nectar
21.02684839024015,75.57383861574012,72.97918324729844,2.9794164375579557,0.405082858457768,-23.30051838906057,24,Acid-Inverted Sugar Syrup
14.949523471614281,81.64144911961397,2.06773783178322,14.21871309577535,0.5622008380299619,-26.391029986803453,95,100% Pure Floral Nectar
16.194229828203124,83.07655004783322,2.0,12.388332416840644,0.2704327801753005,-26.324677594643934,98,100% Pure Floral Nectar
17.0,76.5216268545549,81.88029623762185,2.522589011396911,0.489533185089733,-23.16309380801151,22,Acid-Inverted Sugar Syrup
14.402519041655049,80.85616838965937,8.42434299774336,17.483935627257623,0.4005762281570723,-25.99045085827914,93,100% Pure Floral Nectar
17.44267833011857,83.45420968787873,5.080735719952978,18.369615405591247,0.28525186127078006,-26.182892321728943,92,100% Pure Floral Nectar
19.8,80.53456098933191,9.792190912359997,22.122030695071317,0.24599803725989605,-26.58397177630794,90,100% Pure Floral Nectar
18.030954147838028,77.07877392283392,20.457033316882466,15.082281169380355,0.4271803000274179,-14.86814004929791,41,C4 Cane/Corn Syrup Adulteration
15.64324616391617,79.5,5.658487983669025,12.518455204671424,0.3121351426947204,-26.504034268402016,95,100% Pure Floral Nectar
16.933525850682948,81.72305838827076,11.127635304068486,10.202854376497243,0.6164546148002047,-26.5586852889291,92,100% Pure Floral Nectar
16.89617612940588,83.7583180050336,26.345580711115417,14.436516603733999,0.33888748022354076,-26.128208021551494,95,100% Pure Floral Nectar
20.35006404014741,80.18221205204377,34.62369480204655,9.830816660454488,0.2565047819063398,-23.538915808540303,40,Industrial Rice Syrup Adulteration
19.10587150297451,78.80304170170798,63.539207423169174,0.5,0.5333897250506802,-24.789993533792295,38,Acid-Inverted Sugar Syrup
15.467272608741782,80.60304629660536,19.763866887169694,14.237838348762867,0.26180684495640694,-26.327167463272637,92,100% Pure Floral Nectar
14.805764250280724,84.52507617586886,7.496507477776316,24.069958748490322,0.48246149959539353,-25.887447348836304,93,100% Pure Floral Nectar
18.64239683564458,83.17533579574969,8.78109357036541,14.12206243381925,0.4858952010670038,-26.574106396857772,91,100% Pure Floral Nectar
17.810853137543646,81.29081995561181,6.316339697218615,22.254266795737838,0.6842691928047495,-25.948371552463367,98,100% Pure Floral Nectar
17.748525607563565,81.28149091966564,12.999636574098309,16.59112407225925,0.41379446513276746,-26.712708806005978,87,100% Pure Floral Nectar
16.116702922202585,80.53335576051813,18.16545583349997,4.0,0.4694046983662575,-12.489065613940882,48,C4 Cane/Corn Syrup Adulteration
19.634391892594664,82.15034226536956,2.490362240621027,15.125475446294395,0.22722493187515033,-25.552953846777083,95,100% Pure Floral Nectar
19.878379197396296,76.18001207721282,14.722117108947431,5.628131205418196,0.45028027343200827,-13.684226248490218,50,C4 Cane/Corn Syrup Adulteration
16.253686033091835,72.80484089199356,61.06469573488758,9.732508721950536,0.1287473635657597,-25.233033561218402,26,Industrial Rice Syrup Adulteration
17.884032901328876,74.77143087868141,40.04905223155877,8.935359832791644,0.2550066129991057,-23.442441025757077,37,Industrial Rice Syrup Adulteration
18.275490103284433,79.56147451490483,2.0,14.753499864721574,0.5420478652764184,-25.943710899613748,99,100% Pure Floral Nectar
15.853485286462906,78.26311407270408,26.90219858753171,11.43021167091379,0.2697222325131404,-17.033447444207475,50,C4 Cane/Corn Syrup Adulteration
16.868822597893473,82.76412842876535,14.653962529733205,22.594067050774335,0.3891220199292879,-25.31772400769801,90,100% Pure Floral Nectar
17.22109939008722,72.91623105893439,25.307796213481527,6.127523557951972,0.31232925687892155,-25.401677624762872,40,Industrial Rice Syrup Adulteration
16.04430392449048,79.61468135133529,5.763727926148562,11.015836983613983,0.2206554713779293,-26.361961794100687,98,100% Pure Floral Nectar
23.9449240047032,74.78769321370284,79.0894196945469,0.5,0.28832679123058147,-26.58078619847408,36,Acid-Inverted Sugar Syrup
17.977846252404827,80.75089964886169,2.0,13.55575172308499,0.32059161339020986,-25.747012775346434,95,100% Pure Floral Nectar
18.49538530920305,79.1621264117055,28.907954769805936,7.606215458335004,0.22516121878729475,-11.0,61,C4 Cane/Corn Syrup Adulteration
16.153903649193047,84.5504649805469,4.036193804552008,15.608599687447088,0.4647746876509211,-26.342579049428316,92,100% Pure Floral Nectar
18.530430628763007,79.61596512731738,16.751407778817647,13.238779079267818,0.46300008854363056,-25.616761409804976,91,100% Pure Floral Nectar
20.983928369875365,77.9563851687737,36.46456626948868,2.6123636668148498,0.3019426972564674,-23.124766939803713,50,Industrial Rice Syrup Adulteration
14.950792058965849,81.7039399332983,2.0,13.988803452340193,0.4157619768486125,-27.21060126456556,93,100% Pure Floral Nectar
18.089585242292916,82.04851999871904,10.856963100202671,15.226456072642868,0.23047858055156875,-26.915245652978452,97,100% Pure Floral Nectar
19.378340848864653,75.78020419993987,31.66869423958866,14.766150640940452,0.3701436543917286,-16.708814871397003,40,C4 Cane/Corn Syrup Adulteration
17.43921161337912,80.80474431111298,19.49922714285091,19.14950457628319,0.4905765541611191,-26.96994327416976,97,100% Pure Floral Nectar
16.215553004823757,81.82818120309385,16.32959064534505,24.15150631966506,0.4575890032432339,-27.20258511459522,93,100% Pure Floral Nectar
16.98750086695018,81.27180784965368,8.094580410647874,18.638847025737096,0.4520370939753072,-28.078714166675628,98,100% Pure Floral Nectar
16.371800055629837,82.37865769799522,3.3692699518292732,21.035724669655835,0.6726103967201402,-26.983105779087605,96,100% Pure Floral Nectar
20.13276105396094,76.65283852175354,52.31374942047974,5.942617333450804,0.5417141658223502,-23.181518795572316,41,Acid-Inverted Sugar Syrup
18.86523897525005,79.21426772419647,28.74295194698017,8.286130502294874,0.25912085324895934,-23.621753499156604,45,Industrial Rice Syrup Adulteration
23.967693426377707,74.54304269881197,83.90561611617593,3.0131840501253784,0.4201186626533196,-24.207725068083526,40,Acid-Inverted Sugar Syrup
16.887147624679407,79.89765852874406,4.46322040733927,19.05790803048528,0.6070060814256938,-26.378405933062545,98,100% Pure Floral Nectar
18.342585721775073,75.5814445912567,40.066594577131276,10.413903669115456,0.2895958653731111,-25.953120708654804,47,Industrial Rice Syrup Adulteration
25.070758903732553,77.54111607899758,88.43277858112458,4.963112607218883,0.7313882100774493,-27.20803985621913,50,Acid-Inverted Sugar Syrup
16.346303933952864,83.85410697576569,2.745478623170001,20.94060538423885,0.34808366536515295,-25.04853921866062,99,100% Pure Floral Nectar
19.353251193052355,84.52402345300737,2.0,17.24082935116631,0.5731516785448265,-26.895730312951706,88,100% Pure Floral Nectar
17.29378700411482,83.16394982949272,3.8410561553520104,18.99621508401466,0.53317910412002,-26.68284861517673,91,100% Pure Floral Nectar
17.06460164338145,79.69469469371599,8.197953364929928,12.112389512830392,0.47278114637673935,-25.670833286841653,96,100% Pure Floral Nectar
18.66372268216351,77.30653083834193,16.725145145307827,9.311919398479908,0.3175698114679797,-19.705968916025824,30,C4 Cane/Corn Syrup Adulteration
17.931969683249697,85.0,3.9998737229369192,13.476272878621677,0.38055302244404504,-27.484008123534974,94,100% Pure Floral Nectar
15.121142844170134,81.8437014077623,9.983923401329946,19.076285889406808,0.5242837530637008,-26.020057728261204,96,100% Pure Floral Nectar
17.82363968820698,78.61083985223054,37.058436444141776,6.00089015505362,0.4135993676878415,-26.015378765409125,34,Industrial Rice Syrup Adulteration
21.60750377145927,74.89456760839998,25.624912138461607,11.85339511420101,0.21516684947194617,-16.58701908185634,49,C4 Cane/Corn Syrup Adulteration
18.575767377523718,81.54502042856654,16.779732543475788,21.73694218589093,0.5534750939870073,-27.46195112583394,92,100% Pure Floral Nectar
21.74202130536973,76.85992091243367,42.0,6.803830735489001,0.48235091994299223,-27.133197771106627,35,Acid-Inverted Sugar Syrup
17.167026988776065,81.97129192478768,30.60573323485559,16.666099508569538,0.5979910661827909,-25.902267728218288,96,100% Pure Floral Nectar
20.000456635583834,73.81873845835413,48.73315014494028,1.6727023780529064,0.8997975544103765,-24.239708781770485,24,Acid-Inverted Sugar Syrup
21.42749734029842,75.73472550276537,71.8598291779127,6.482006787570374,0.5856631327747097,-27.012861949995276,39,Acid-Inverted Sugar Syrup
19.494763527621693,79.91286453678755,25.078009756741032,21.321112799390967,0.4052437264038756,-26.94227884036469,92,100% Pure Floral Nectar
17.47852740551509,85.0,2.6400759553136903,15.41494182383255,0.5865558700768041,-27.40475817893282,95,100% Pure Floral Nectar
22.63170565604456,71.37798655104942,82.27216665656434,5.498529240394406,0.6042832221149191,-23.152285550098107,30,Acid-Inverted Sugar Syrup
17.242016479864375,79.64276526675282,39.322623999156974,8.783564222433364,0.20092484716419173,-25.440128324196465,54,Industrial Rice Syrup Adulteration
20.362939039107978,80.71594568700945,30.45354159690731,8.414819553942722,0.3138409534135937,-14.83494554699685,51,C4 Cane/Corn Syrup Adulteration
18.319991501019402,76.75357580469549,72.52559214622876,1.9502600649653545,0.7171606324601918,-25.74927736231832,27,Acid-Inverted Sugar Syrup
14.982536047119986,82.70896512820583,24.817301406310918,16.61804102031594,0.3095413454712506,-26.71896374860956,87,100% Pure Floral Nectar
18.094648232779445,71.05571463861645,50.02964346921666,8.216873501039233,0.29168446786383134,-27.0,49,Industrial Rice Syrup Adulteration
17.0,78.91585051108618,74.6258249380461,1.576700291842335,0.5378142028547793,-24.92679570899969,31,Acid-Inverted Sugar Syrup
19.10492203417411,81.50252083048197,2.0671346672036663,23.38391193813687,0.531317463816396,-26.03756952900381,89,100% Pure Floral Nectar
18.83371877978535,79.19069384971718,27.262607359573572,10.26122629938204,0.34144401657663,-11.0,42,C4 Cane/Corn Syrup Adulteration
26.0,79.0,84.99436260404421,5.450989031518998,0.5499626236872739,-25.824726395459788,37,Acid-Inverted Sugar Syrup
16.540546372134347,80.25647131879886,11.08624703062199,16.07498100447201,0.6602306951098034,-27.298938747637813,99,100% Pure Floral Nectar
18.074797287832126,74.66839569728153,35.109150976333844,10.497821763389418,0.30622567554561936,-25.6856211061756,54,Industrial Rice Syrup Adulteration
17.506810458729515,82.14965446785752,22.46474808893636,18.01102250674986,0.4521800339786368,-27.93116664048323,93,100% Pure Floral Nectar
17.015938366059665,81.70873413303529,17.331811443852907,17.60233401861464,0.7130146302395725,-26.36580612475336,96,100% Pure Floral Nectar
18.679971116706483,81.26199241811028,16.795616115295108,17.49091390643564,0.44982541261427844,-26.760775658680792,90,100% Pure Floral Nectar
18.817188857958868,76.76202436807515,39.48028612087926,5.875384124342126,0.24249557398313504,-25.009722607160928,51,Industrial Rice Syrup Adulteration
19.01797734995659,76.1951367744186,48.890714981734625,2.170712114972761,0.25,-25.28318937799628,44,Acid-Inverted Sugar Syrup
17.075231944682095,84.34180308486975,2.3182455779153535,19.41576797788945,0.5243487022384106,-26.68589389509192,95,100% Pure Floral Nectar
17.1010209898986,75.85096104680244,24.670761623096396,12.962470088582473,0.23191340601991894,-14.314332138309892,33,C4 Cane/Corn Syrup Adulteration
20.778483636726577,81.0,16.927288063900612,4.177161350482769,0.4051367699282641,-15.458956297522565,57,C4 Cane/Corn Syrup Adulteration
16.658017090294678,82.01466626559335,21.116995994948425,15.722112512615306,0.5981320846128274,-26.35516580848761,85,100% Pure Floral Nectar
20.475200237948357,78.09476009842045,65.14291636064068,5.864350493434917,0.5231965901812003,-27.5,30,Acid-Inverted Sugar Syrup
17.046546274503836,81.601565780176,15.982463607151987,16.37507695642075,0.48475857292140845,-26.402623973661296,92,100% Pure Floral Nectar
20.040960873375006,81.0,13.304134710198836,4.192693924343525,0.15,-17.700137729103268,26,C4 Cane/Corn Syrup Adulteration
15.537362213358682,79.5,5.96019862404844,18.049220999981273,0.5903813384847664,-26.61489583211838,100,100% Pure Floral Nectar
15.12395631080625,81.0,35.959146679107036,10.790823283052031,0.30973274400577977,-13.822061495770972,22,C4 Cane/Corn Syrup Adulteration
16.494148236589258,79.66262015333021,2.0,17.680050624073974,0.18,-25.918200424058234,93,100% Pure Floral Nectar
16.259727284886726,82.13017883412071,8.269295452840408,17.56489659480948,0.2351090630021565,-26.62166043531565,93,100% Pure Floral Nectar
16.307164022048156,81.56009484947342,12.35463496411958,14.15431431386023,0.566485823459453,-26.144901746005257,85,100% Pure Floral Nectar
17.985138951778307,74.46215085379029,21.78391815836077,12.618131776403825,0.4342157836379893,-17.49617116171595,64,C4 Cane/Corn Syrup Adulteration
17.39280120086749,77.68677956699777,42.0,4.907798226737066,0.5950711291701924,-24.389995576613916,22,Acid-Inverted Sugar Syrup
17.745688434377453,76.14398155681965,30.688983223564577,10.790390275332621,0.447395669354592,-16.455926480163114,49,C4 Cane/Corn Syrup Adulteration
17.26092053610085,81.83266746754066,10.362361601119623,15.767336868231833,0.5566692733776057,-25.644805303443725,98,100% Pure Floral Nectar
21.652835666214525,73.28909066649643,65.94320958632927,8.0,0.4302320193031295,-26.586416255330345,30,Acid-Inverted Sugar Syrup
16.350675461013445,77.48935867878089,28.463385513812057,14.0,0.29958280703732576,-24.85760327801322,62,Industrial Rice Syrup Adulteration
15.50642736002245,84.51909757281393,2.0,15.623012622009655,0.33799427561758444,-26.601308903314468,93,100% Pure Floral Nectar
17.156517493980736,83.83370452161125,17.609292275530404,15.679843129342613,0.3642092382762335,-26.192670812208075,88,100% Pure Floral Nectar
17.075216964206568,75.56609067746899,48.44603983359726,5.888392131861076,0.21241926819072357,-24.365965880756384,40,Industrial Rice Syrup Adulteration
16.182007953845183,79.5,3.5798941427585715,17.445797082706374,0.4640832418976984,-27.60613222050386,100,100% Pure Floral Nectar
17.622016958083755,74.31100718362424,75.66825118719744,6.572832375398299,0.6177686133487237,-22.0,47,Acid-Inverted Sugar Syrup
17.875461381340457,81.2707372410759,2.971085497737566,15.31563163409211,0.30629631108334654,-26.73843873588267,90,100% Pure Floral Nectar
17.623770145390168,76.2882306760301,24.10886584967307,7.199625370046774,0.4173169814820252,-18.60823984865223,68,C4 Cane/Corn Syrup Adulteration
21.396539609409153,76.04430832485674,31.388626645793718,7.621049326995141,0.3265664595644215,-27.0,57,Industrial Rice Syrup Adulteration
17.647694707799552,79.5,3.5851485212714005,15.224041252586396,0.24585369404880772,-26.50595403250302,94,100% Pure Floral Nectar
20.562036434084888,77.00453325691575,21.21862440627972,11.460363772862815,0.3937498296408455,-15.795107111232285,39,C4 Cane/Corn Syrup Adulteration
18.6408178922559,83.06908110114988,2.378452802502132,15.203846857861889,0.22376516759141368,-25.36891149565912,91,100% Pure Floral Nectar
17.706104935288543,81.94876679444705,5.734504391361308,17.313621732687306,0.5952816398554964,-26.080822120083585,96,100% Pure Floral Nectar
16.254008689173745,79.88043957585566,6.596387311320957,14.75050913590471,0.6213559004362437,-27.017672512155034,94,100% Pure Floral Nectar
18.085952078627937,77.90145582526961,25.829286678191924,15.063099025631896,0.17282452209681043,-15.839754595341056,43,C4 Cane/Corn Syrup Adulteration
15.208844806563256,80.9756505699068,38.0,13.633667096092857,0.4382723250969,-27.590084608179783,91,100% Pure Floral Nectar
14.896441754260351,79.5,3.6660175851289583,15.922585730806453,0.4224602075241202,-25.940235920043364,89,100% Pure Floral Nectar
15.819983535130238,81.59575250957089,11.98872828011498,18.341447239589243,0.43447302571362945,-26.2302759197941,95,100% Pure Floral Nectar
18.110630129550593,82.91411657932852,22.36812080004632,19.075020987314574,0.47534739137985577,-26.325418726495936,97,100% Pure Floral Nectar
20.14339260573001,74.85657583942373,44.29125444956368,3.2975443816430925,0.2153864586489257,-25.479376327830266,31,Industrial Rice Syrup Adulteration
16.357610742878844,79.5,2.0,20.01607119232396,0.43420202413481235,-25.38444037358388,94,100% Pure Floral Nectar
14.874654693077611,83.8852448597057,7.17214120180247,14.741146114285357,0.3059816963937753,-26.3848613585845,87,100% Pure Floral Nectar
17.0,76.43085803228175,62.08537182091323,4.735117539021411,0.678306562153894,-24.54891993461782,49,Acid-Inverted Sugar Syrup
17.325412953757347,81.42286200822933,2.0,14.476094324640714,0.3293850721861778,-26.349347727064128,91,100% Pure Floral Nectar
19.8,82.17094734741575,14.112616950043295,16.62016350085894,0.5851478364762687,-26.529883974214997,98,100% Pure Floral Nectar
15.21848096112942,80.66897189122024,9.250170555454638,18.794110314067947,0.3809113328180856,-25.157474085210772,93,100% Pure Floral Nectar
18.09539997982577,81.0,20.83132241695961,11.644007784708405,0.37255620171024173,-11.326441887309437,42,C4 Cane/Corn Syrup Adulteration
21.604960747570146,81.0,25.10886687545668,12.275522702821341,0.19306025788633907,-13.127148446571061,44,C4 Cane/Corn Syrup Adulteration
19.082019254494885,74.03452690493349,47.61370099997833,13.285577739561264,0.24021237117453154,-15.52858584795393,42,C4 Cane/Corn Syrup Adulteration
21.565823004689744,76.69471654677835,39.53875900933227,10.047799414963404,0.22080257280808718,-23.685402313815075,27,Industrial Rice Syrup Adulteration
17.261043424921436,81.82429270806469,25.08010727756598,11.965172079535403,0.37037624894288035,-26.791757926577613,92,100% Pure Floral Nectar
16.53907319122402,83.86839246322913,2.0,17.693285889447235,0.4292849139313,-27.196320143474964,95,100% Pure Floral Nectar
15.960695467797397,79.71728427571762,22.265387136735086,5.577433941508764,0.35998136688216414,-11.0,54,C4 Cane/Corn Syrup Adulteration
17.65000581947217,80.22976516064124,31.71661213306659,5.572522474667169,0.314301745679132,-24.943373811287298,29,Industrial Rice Syrup Adulteration
15.077958239003875,80.53705839084851,2.0,14.117215264148584,0.4089401027014228,-26.41918160360655,97,100% Pure Floral Nectar
16.428339997140053,79.63598609689484,15.16482467835062,16.94273059940831,0.438557825188395,-26.337540199187675,89,100% Pure Floral Nectar
18.989832607650218,80.291907190733,12.655597111293265,14.850836243579364,0.32728357324162793,-27.037139094359535,94,100% Pure Floral Nectar
20.601598912267356,76.30729402901456,54.768787205787284,3.164415116485949,0.6091199858278267,-24.917584308081427,41,Acid-Inverted Sugar Syrup
17.095775717927364,79.5,30.66000116627683,14.30653084229983,0.5908678724696221,-26.055729919238424,100,100% Pure Floral Nectar
19.135864713156177,79.0,54.63652086520701,4.72936650821537,0.5822710694292323,-24.78377920148393,28,Acid-Inverted Sugar Syrup
20.329464654928977,76.53182244872059,68.31964323484019,2.8391832311153253,0.6794288262137916,-27.5,31,Acid-Inverted Sugar Syrup
19.245435952948075,75.38824722131477,60.28296654054951,1.981785091912963,0.4373455594883043,-25.094310614011345,20,Acid-Inverted Sugar Syrup
18.051213408997306,75.12614099938993,40.51033858282,7.595825415272179,0.40501479604567486,-22.5,30,Industrial Rice Syrup Adulteration
14.0,81.08233146155541,6.503324449493949,13.157074026738686,0.4857031836522744,-26.476010533779558,93,100% Pure Floral Nectar
18.02853978723793,82.52573683761474,2.0,17.014867214803694,0.39568160846134204,-25.68240577680969,99,100% Pure Floral Nectar
17.897336277193236,77.56468544202474,47.55985040533121,9.976902649280747,0.5143825930089093,-11.777608615164855,63,C4 Cane/Corn Syrup Adulteration
22.126855064420017,73.1936449635987,81.40153863170235,6.12666812379533,0.42726860378112125,-23.631761666143838,42,Acid-Inverted Sugar Syrup
16.61045337077565,78.67529056534603,20.273209002889303,4.07523371479207,0.13666091260310034,-23.65594599343799,30,Industrial Rice Syrup Adulteration
18.18350725511677,78.52931322016288,26.68662704837085,11.282579545039853,0.2796793119871801,-18.05045134418519,65,C4 Cane/Corn Syrup Adulteration
22.696603660263705,71.6952224564251,40.28809140108259,5.924772965299408,0.22186050056267373,-24.85984843816229,37,Industrial Rice Syrup Adulteration
17.902669218840604,78.4872818159287,28.607208183074945,8.081479549193189,0.4146497965595993,-14.390440118061898,68,C4 Cane/Corn Syrup Adulteration
17.07552714496157,70.22119094751312,81.60371330416496,3.7591252729308735,0.41844595692090497,-25.25422197255827,10,Acid-Inverted Sugar Syrup
22.538301067685303,76.87787355464238,82.9352901936537,4.305289852829837,0.3948389764842255,-25.158751869400746,41,Acid-Inverted Sugar Syrup
18.15320540111847,73.2184278102801,87.01337314379066,0.5,0.39603622700091223,-24.123914090043424,36,Acid-Inverted Sugar Syrup
22.344073879213095,73.19464318791893,38.73628264780583,7.456210984381013,0.2777865129671252,-11.451232630089805,58,C4 Cane/Corn Syrup Adulteration
18.22569610810181,83.77560306247167,4.680631122135113,17.948729689615977,0.2355568798646485,-27.483783167761583,97,100% Pure Floral Nectar
18.86184242778453,81.58030245473779,4.0106469889997625,21.04167416374338,0.5824141873771342,-24.5,97,100% Pure Floral Nectar
17.320250208810663,82.60733090316383,2.0,14.669475206445002,0.5117025139362676,-26.935836854309457,98,100% Pure Floral Nectar
15.449429172442395,81.97147186441535,5.438416401286941,15.791541619878094,0.6206450127650784,-27.395843428450082,98,100% Pure Floral Nectar
15.947549776892695,83.09727783294673,10.146721355757899,15.065381635472665,0.3804242091544992,-25.95749385921646,92,100% Pure Floral Nectar
22.279527581243467,80.43618703134844,34.70197791524503,10.22477861583314,0.29177800088101546,-24.93658715298731,34,Industrial Rice Syrup Adulteration
15.453058981392905,81.0,21.606910393148283,11.304316022192618,0.2736230498811985,-16.118717880494717,58,C4 Cane/Corn Syrup Adulteration
21.923139419945883,68.74760319373796,63.76563973458614,5.818469268867381,0.35445897368955026,-27.109090624753797,32,Acid-Inverted Sugar Syrup
17.90366157898312,80.5,37.30559893035165,13.407274208267374,0.36909900113109506,-23.833141658267984,41,Industrial Rice Syrup Adulteration
20.571675724546765,72.05552713105173,91.46020979816079,5.119707828881621,0.5193587483918465,-27.5,40,Acid-Inverted Sugar Syrup
21.953388470658286,78.72334688496339,90.33923069680353,2.3049694822554865,0.41042319002387595,-24.778573126713006,30,Acid-Inverted Sugar Syrup
21.348485037044483,78.72120462018029,42.0,4.698716382784546,0.5902137979961654,-24.284573871160426,14,Acid-Inverted Sugar Syrup
15.603288164083391,80.50187617040967,25.756493750670867,9.424579374810865,0.25125495312764484,-17.034266687776018,53,C4 Cane/Corn Syrup Adulteration
18.25850610031569,75.01780575340332,80.18280643740545,5.159532974768997,0.625860601284395,-22.735147671187537,29,Acid-Inverted Sugar Syrup
16.768124096161852,81.48380725152646,3.2968295224109325,13.851622451475233,0.5787058155397993,-24.5,90,100% Pure Floral Nectar
17.47245043733214,81.83100998031684,4.291344146671212,11.575014967269073,0.40266145902666844,-26.61284568064603,100,100% Pure Floral Nectar
16.375586442565826,85.0,20.211178766980186,19.066865219608786,0.5595587514812805,-25.671224528432806,93,100% Pure Floral Nectar
21.71659260798336,79.0,72.80260871588862,5.684266362454274,0.44710706117510995,-25.516544239965025,31,Acid-Inverted Sugar Syrup
16.01945476655733,82.19927710335692,24.82285700654026,12.561949052014981,0.5659398932138705,-27.211155146497223,88,100% Pure Floral Nectar
16.230051670201487,78.50838698051791,30.92988602546991,4.201615613762528,0.15,-12.754183207976096,34,C4 Cane/Corn Syrup Adulteration
23.38209065464497,68.0,95.70859345191661,2.200441146384445,0.594522621884957,-26.66525987309472,36,Acid-Inverted Sugar Syrup
17.007572079521232,79.5,4.023200529772709,19.15700726695355,0.3093336867438342,-25.926213642122292,89,100% Pure Floral Nectar
16.529627561588235,81.3603163123957,2.1811482881473054,11.061484333704144,0.515959741841709,-26.18932213635031,91,100% Pure Floral Nectar
17.56085355619985,83.64423696521871,6.205275883166176,13.226514968035712,0.3252777160916907,-26.076216454041575,100,100% Pure Floral Nectar
15.786377013406087,82.0529427605171,7.762912817053058,13.519580312859029,0.5453976594159833,-25.99303885846275,89,100% Pure Floral Nectar
20.581580629484183,77.92926105334809,67.89814786647129,4.795292265236769,0.5082549986614721,-27.5,28,Acid-Inverted Sugar Syrup
15.0,79.38251988741851,20.477342499923456,4.879241937785984,0.29627109891076103,-18.213120784022077,45,C4 Cane/Corn Syrup Adulteration
16.805501547595288,82.56945294839824,2.0,10.686953970984453,0.4807841269663101,-26.77439802595069,92,100% Pure Floral Nectar
19.967612732671736,74.50149032122061,42.94231155494198,4.308373296172981,0.25,-25.670029133728285,21,Acid-Inverted Sugar Syrup
17.6041710809918,82.00910403914301,31.210041854815408,21.343681871345694,0.5453263262251895,-25.932226313241053,91,100% Pure Floral Nectar
14.815264584902783,79.73870781205834,14.752423547443097,18.02064449976189,0.42866989610834433,-26.040427348944686,91,100% Pure Floral Nectar
17.023898311860492,83.02244765051657,9.529447926268551,9.609484806334798,0.3063620681259182,-26.231593469591385,95,100% Pure Floral Nectar
19.26818074288065,79.0,45.78321975031858,6.80245536303779,0.6939949515698609,-25.737531757477818,34,Acid-Inverted Sugar Syrup
16.937739374231075,82.31406635321181,33.19689319809038,16.198370667922813,0.4607739626567076,-26.685949662709344,87,100% Pure Floral Nectar
15.067538333302714,81.26178088734218,18.577226902456488,17.778699197519423,0.26351961865960344,-25.77921013835799,94,100% Pure Floral Nectar
17.258068269608536,77.978772909072,27.124775775042394,9.315435319463322,0.255564702892509,-24.103889928202396,40,Industrial Rice Syrup Adulteration
18.925862028066394,77.4800354949291,19.074040058695896,9.888632064502838,0.31680777586793957,-26.254756560346618,32,Industrial Rice Syrup Adulteration
20.979835109675374,72.49733270771114,72.02625482952827,5.008154120776569,0.47409246670849103,-25.01649470316407,26,Acid-Inverted Sugar Syrup
16.76906814040556,80.8402857697327,2.0,14.261190525642021,0.39576647174963775,-25.476974520275366,89,100% Pure Floral Nectar
23.21381376897112,78.48339038136619,85.54971981547074,2.157202047735267,0.6908517268664007,-24.042706734677928,38,Acid-Inverted Sugar Syrup
17.11236962094067,80.25400588839479,23.413777681602298,15.353996730393801,0.33199303549030584,-26.145831097137272,88,100% Pure Floral Nectar
20.823802259913013,79.62563180885907,33.97596830684278,7.378305143990195,0.23440902175754205,-15.26502691161235,57,C4 Cane/Corn Syrup Adulteration
18.566420359770746,77.32129090959708,25.63225941561392,8.591615582013878,0.41403371109296716,-16.349364648221428,33,C4 Cane/Corn Syrup Adulteration
19.78529179446673,81.14044680796084,12.536622409658575,23.809351252893126,0.6162008598877702,-26.41585089109546,91,100% Pure Floral Nectar
18.316614316794528,78.08443640911202,41.794340720248286,5.971856185505068,0.25183188007657686,-23.961036086519627,47,Industrial Rice Syrup Adulteration
16.3634857274317,80.8317500230304,15.179993237942277,13.267851519886952,0.4767544277655925,-25.154236679038615,95,100% Pure Floral Nectar
17.53874718019245,79.74053829026519,23.68225994754244,19.576698614563316,0.4901944191703733,-26.212612621948935,97,100% Pure Floral Nectar
17.11933368415298,79.5,15.466629643343266,17.54500873350888,0.5468470813627893,-26.739577013512843,98,100% Pure Floral Nectar
17.664767279146375,72.60034525508375,28.713254060280086,4.914907971482383,0.28656586181196625,-23.46730361898952,47,Industrial Rice Syrup Adulteration
15.0,80.69145323818655,10.818374085865177,7.47973747498005,0.2553688754275131,-13.040261442657528,51,C4 Cane/Corn Syrup Adulteration
21.948330354511622,79.0,61.42504298748994,3.2868285054232125,0.5715967937320807,-24.78239331009321,30,Acid-Inverted Sugar Syrup
16.83657210809095,80.21606753191678,30.5294208831446,17.659573176324898,0.3758330061427583,-27.284124747503945,92,100% Pure Floral Nectar
17.111065595538502,84.26451836771182,17.258809652922842,15.924689530622645,0.45038204348391586,-25.998143102525425,90,100% Pure Floral Nectar
18.20636852822074,74.74922809873146,34.444968357120366,3.298168282309099,0.30656603510425984,-26.11962690432263,48,Industrial Rice Syrup Adulteration
17.333481879217832,82.37558236020286,6.700658312778877,16.48380083695327,0.4349841132234575,-26.714499743555063,91,100% Pure Floral Nectar
22.6962834188676,79.79514698819195,16.21721898744933,14.0,0.33556765272555444,-22.5,51,Industrial Rice Syrup Adulteration
21.46264816040169,68.0,42.0,4.473090432124913,0.5096784082386143,-22.955846037990298,40,Acid-Inverted Sugar Syrup
22.09765852775311,79.0,68.74736744537266,2.0285940270572196,0.5905272427315684,-23.66097733341936,49,Acid-Inverted Sugar Syrup
16.927423785436645,82.83059802856017,16.55880326145027,13.515791902999695,0.39671038412002857,-26.63383715743979,91,100% Pure Floral Nectar
16.78687412006693,85.0,6.081841265127094,14.472534221872289,0.3928589654783087,-26.553341011617224,92,100% Pure Floral Nectar
17.84100626737239,73.03412897082237,36.48453262952764,8.770183213706579,0.2713784797873102,-24.04173348152962,32,Industrial Rice Syrup Adulteration
18.15230254763063,83.70573736763755,3.667930628947901,21.11678760604888,0.3302388616079358,-26.197132163103365,93,100% Pure Floral Nectar
15.65086372776166,80.47895410751657,2.432121452306817,19.030335730084282,0.4455271345430142,-26.54734162137592,89,100% Pure Floral Nectar
14.73776471900764,83.56211673237722,23.18131747087901,9.600533891660493,0.35379898343439864,-26.273221397777398,87,100% Pure Floral Nectar
19.71333302697976,74.41586456384421,26.907543126374918,10.193549310421965,0.29686841806740866,-16.24672678367689,60,C4 Cane/Corn Syrup Adulteration
18.841474221241395,76.19515631234071,18.200207943761534,9.480177803278501,0.32991827654583494,-16.92080774772145,34,C4 Cane/Corn Syrup Adulteration
14.09297947815345,82.8024613813391,20.65289058893685,17.421890689608777,0.6567029727656286,-26.430481970455215,99,100% Pure Floral Nectar
19.565835372981194,76.49874238816292,30.52194835360164,8.18996218742166,0.20934700719804172,-25.240564395951374,45,Industrial Rice Syrup Adulteration
18.782332498775983,81.0,34.420998080627825,8.443378664212757,0.3337780850978447,-17.828928687939126,49,C4 Cane/Corn Syrup Adulteration
17.955555656454607,75.8009817194704,36.60193045569055,7.384813120055824,0.2699322257120812,-18.937285150827698,53,C4 Cane/Corn Syrup Adulteration
18.578051357867217,80.25112678638361,9.99090515521576,12.240591499680995,0.5977483909948313,-26.136571829647394,92,100% Pure Floral Nectar
17.534304822637118,81.92768237449397,11.169529473883738,17.373712512588163,0.35640084819558293,-25.81550740083499,99,100% Pure Floral Nectar
17.714202238761874,84.34827199725261,12.018165646280135,16.06810399850365,0.5682580523403683,-25.885544818021977,99,100% Pure Floral Nectar
18.291267084606982,76.44755901640701,63.782583529894914,3.095375160695497,0.5225556191398483,-23.670238081010538,22,Acid-Inverted Sugar Syrup
16.938240175820376,81.26151585619492,2.152175270973842,20.269319977570426,0.6104279588439709,-26.229827859170108,97,100% Pure Floral Nectar
19.343051165281175,82.89017972252049,5.917132994530723,16.97084590278007,0.5907917905278792,-26.496450102834594,92,100% Pure Floral Nectar
20.697677482673317,78.91700820954279,12.0,8.35509013013968,0.2199772037425078,-25.234775396790088,18,Industrial Rice Syrup Adulteration
16.034702197654077,79.56673727649202,38.0,20.068037277292436,0.5331831964173352,-26.86318290967642,97,100% Pure Floral Nectar
17.91097005880547,79.5,2.0,17.27498665856078,0.5335129152767325,-26.60041098202593,99,100% Pure Floral Nectar
17.6590313338231,79.5,15.212809104268072,13.730597253765943,0.31432722482620207,-26.812661992747557,96,100% Pure Floral Nectar
15.095687577536253,82.24607969981673,2.0,16.47083855799889,0.3581478162382338,-25.955525988471212,93,100% Pure Floral Nectar
20.406176109984987,81.0,20.937852173288697,13.600982077475543,0.49165838233446923,-17.611151095839197,36,C4 Cane/Corn Syrup Adulteration
17.65231098236244,82.89816568802325,9.236923667771158,22.258208758430445,0.5575766252985483,-26.353387821167953,98,100% Pure Floral Nectar
17.0,76.4989887948839,85.8472277364101,4.686461206817384,0.25,-24.862796266056563,30,Acid-Inverted Sugar Syrup
18.06230984972197,83.49178928860516,3.5976249930063626,20.876329215580405,0.4540713465125666,-27.056189651905417,94,100% Pure Floral Nectar
17.894144429545978,75.37108672945791,34.28348207458838,6.20640782114026,0.379352602452378,-24.393555368071556,46,Industrial Rice Syrup Adulteration
18.387443897733334,82.91027717310601,30.648128533165476,10.162871988474725,0.5504236187666203,-26.412262154027022,89,100% Pure Floral Nectar
16.01448879470423,83.22872619217402,33.14756097869777,20.083166755609486,0.47161715691784456,-26.755384939126063,90,100% Pure Floral Nectar
18.023644089078406,81.46133282891012,22.667249461840534,15.976583970525876,0.6214288757218509,-27.38590204325785,89,100% Pure Floral Nectar
18.76877488375896,75.24748747892264,20.029607883637322,8.431097895967387,0.3954905528844682,-17.440565685016296,50,C4 Cane/Corn Syrup Adulteration
19.61051842790357,77.56113973853627,68.97454090218189,0.5,0.8351733964295567,-26.395342716032147,24,Acid-Inverted Sugar Syrup
21.90245250867642,79.30192296605587,45.16203641743548,9.246255854470236,0.2662195284180091,-26.17640523935816,45,Industrial Rice Syrup Adulteration
20.05193632179281,74.78265210354473,28.81942931262407,10.788567277194801,0.317453746825758,-12.961244749009204,39,C4 Cane/Corn Syrup Adulteration
15.905576921667453,80.46835736515254,10.196976344754287,13.682202868802046,0.34671616493440527,-15.416831177634005,36,C4 Cane/Corn Syrup Adulteration
16.41112760638444,78.41696856568511,39.154712416437505,6.700634891067126,0.32946823551979115,-14.184631894869671,60,C4 Cane/Corn Syrup Adulteration
16.700159118870747,83.7092976094834,2.0,9.0,0.4721448116705148,-25.72704774812683,93,100% Pure Floral Nectar
19.9629496942339,79.0,89.58606142081278,1.379319701257388,0.41250369708671414,-26.535582729246503,33,Acid-Inverted Sugar Syrup
23.055225283587948,75.12358327041747,37.57307676035448,14.0,0.4112965773329228,-25.14663410740374,52,Industrial Rice Syrup Adulteration
16.88751684351127,83.25273970180328,8.12390546233712,12.843863332876538,0.39147319519834645,-27.188165627294776,91,100% Pure Floral Nectar
17.569628113867136,80.20249463539724,19.474887373222767,15.462021463224373,0.3379367755984276,-26.83210934883063,89,100% Pure Floral Nectar
17.999246714970432,83.69358986702389,28.366375060919474,16.562222119338916,0.355516489282392,-26.54872110752399,92,100% Pure Floral Nectar
22.057751327686027,70.63717340659045,56.20713896529382,4.813857678633407,0.7014615844593216,-26.061323177859453,32,Acid-Inverted Sugar Syrup
19.05211945291736,74.45365602206248,41.9810771308441,7.713545063539029,0.1,-25.752729251150598,56,Industrial Rice Syrup Adulteration
16.53393402656049,77.94685077885873,26.880970555154303,5.588535193811521,0.39176215163717454,-11.658441912324761,40,C4 Cane/Corn Syrup Adulteration
19.390501118139607,84.41097103854257,9.057095912741472,18.44028262355919,0.422187719656454,-27.194802616321397,89,100% Pure Floral Nectar
21.15764046269217,72.89610748532644,71.00705603799143,3.590465668976697,0.571957095959431,-24.961500785262363,19,Acid-Inverted Sugar Syrup
18.532028987881322,82.0569430930748,4.061849214984358,15.184803767235943,0.2843860041157262,-27.103986561122735,100,100% Pure Floral Nectar
16.370826648191013,78.46978734179481,12.38192136186574,14.0,0.22669336385425765,-25.758741452183674,30,Industrial Rice Syrup Adulteration
20.64987820341098,72.90184644724405,70.29738673669074,2.3557266345583763,0.7088397746799128,-25.24303858206693,36,Acid-Inverted Sugar Syrup
16.644825217612414,80.5,26.46623660422475,4.577030035177965,0.4201943030709818,-22.5,41,Industrial Rice Syrup Adulteration
18.38322115965805,82.22974972967087,21.821857315757306,18.58416043945417,0.3986416550458386,-26.889698495004893,96,100% Pure Floral Nectar
18.47632570751935,77.44770571688663,14.905377262777096,4.8777246019194065,0.40391120652520307,-11.794023206606232,37,C4 Cane/Corn Syrup Adulteration
18.712679504598213,77.58327563090315,81.82856907064193,1.6719812617026886,0.5755684633723382,-24.867609435937826,34,Acid-Inverted Sugar Syrup
19.285808814042916,81.99756769466335,17.556435642347473,16.500851002383996,0.36322711039673733,-27.269834101461438,90,100% Pure Floral Nectar
15.28227582858929,83.96891669713655,2.0,16.357258664408473,0.5104373137960156,-28.088785572543866,92,100% Pure Floral Nectar
19.487480058100452,70.73931093762125,80.4425906797753,6.272521905894623,0.33167943233617286,-24.57948889449029,39,Acid-Inverted Sugar Syrup
19.219042124280943,80.84526404499009,18.31768708615696,6.3799291858420855,0.20979993765718877,-19.427759350521523,55,C4 Cane/Corn Syrup Adulteration
18.713838633155206,78.22231750981538,76.21780400201446,4.449742536073531,0.4510625361387683,-25.85526239795983,42,Acid-Inverted Sugar Syrup
19.14587288932847,76.2201762485493,36.139928931237634,9.528436229903567,0.24031382621139386,-24.004534380469945,52,Industrial Rice Syrup Adulteration
19.8,79.8648369033299,32.05475334002549,11.378704924824268,0.27289292838720647,-25.870350274425142,92,100% Pure Floral Nectar
23.74944928877847,76.63216653394764,81.52251193589882,4.726621220432678,0.5420813958675165,-25.300419011449797,36,Acid-Inverted Sugar Syrup
17.91865892211759,78.01479286383542,33.04857719201256,8.422563223578832,0.332057208195327,-24.251481447614253,34,Industrial Rice Syrup Adulteration
21.39867659214081,78.67736706859147,50.487147822163976,0.9623229946740506,0.5478539408348094,-23.400345333444776,31,Acid-Inverted Sugar Syrup
17.08128218071516,81.0,27.60898213184325,4.0,0.3131515086423298,-17.96351694544729,54,C4 Cane/Corn Syrup Adulteration
16.387925462081938,80.79415311188069,2.0,10.52020971595546,0.41547384602812903,-27.8068133568081,97,100% Pure Floral Nectar
16.93834537857322,79.5,2.0,15.91669735683482,0.5171815273343312,-25.44551783735227,96,100% Pure Floral Nectar
16.908636399818445,80.75411337498012,15.108037014645205,21.04718305914352,0.2614548921772645,-26.80405466946748,92,100% Pure Floral Nectar
17.929571399731074,81.60264949752622,6.173112807971893,18.461419487120583,0.4266476294140001,-26.59660847205836,98,100% Pure Floral Nectar
16.589059753262802,80.88888036081262,8.724525031375938,14.844298836937998,0.4775412675529564,-25.68109691174864,95,100% Pure Floral Nectar
17.81871690939717,82.18598439745077,4.120755717770669,15.489852210541429,0.32780936155298757,-27.455718446560525,100,100% Pure Floral Nectar
17.14553944809264,73.88379367659758,21.036550158632735,14.0,0.2900974774096085,-23.109628740255037,56,Industrial Rice Syrup Adulteration
21.360941565516157,80.48008554892985,31.376871715046768,13.431641650453678,0.27834795907176085,-26.353765784938837,38,Industrial Rice Syrup Adulteration
18.62366334403624,81.0,10.254115757500667,13.587478938737009,0.44939871569053297,-16.166138272088634,42,C4 Cane/Corn Syrup Adulteration
17.748564181892565,78.88329911127983,34.06710970408915,13.060893072327008,0.15,-14.584348531419067,39,C4 Cane/Corn Syrup Adulteration
19.8,82.82185626982896,2.0,19.136083227637503,0.4460968179617069,-25.49102106916164,96,100% Pure Floral Nectar
17.635270591837205,80.9689658050782,2.0,18.94837990041116,0.4645264485858436,-26.54888281401358,98,100% Pure Floral Nectar
15.617138531087463,80.97013324860606,20.480811033965317,20.5310402728626,0.6772133782252377,-27.923745790680293,97,100% Pure Floral Nectar
20.251614372372714,80.5,18.12443252321725,8.872666374504146,0.28215241466322616,-26.64330779914389,42,Industrial Rice Syrup Adulteration
15.750660748612876,81.19791884012,2.0,14.033805622202001,0.568528572689907,-26.06266885757176,91,100% Pure Floral Nectar
17.0,76.17625970873935,82.10404542351102,1.6981249114096628,0.648538154852897,-22.26201780889287,21,Acid-Inverted Sugar Syrup
18.767404876008406,84.01815903562054,15.697715618014856,13.682306650331645,0.4069381649917006,-27.07065556574895,97,100% Pure Floral Nectar
17.410586467201007,84.40742740978048,2.982555659255213,18.718580909848423,0.39157775410533857,-26.622726502268677,95,100% Pure Floral Nectar
17.239645726582644,80.21062608066887,2.0,20.06808398107821,0.6070019952170373,-26.014610147021635,90,100% Pure Floral Nectar
19.18790820113105,74.25162608141451,37.93136383522225,5.12210501616409,0.3025730990891066,-24.251181578286925,49,Industrial Rice Syrup Adulteration
16.445621401330165,85.0,5.634880294595423,13.677895170064962,0.48430283309863653,-25.962775348574006,88,100% Pure Floral Nectar
15.0,76.49382807745722,22.78189453004996,8.699305100657774,0.33175499971257305,-13.879448864926891,49,C4 Cane/Corn Syrup Adulteration
15.588608991608776,82.10467822388009,13.208014669427925,22.481757786923154,0.4830203175914602,-26.781409049576457,95,100% Pure Floral Nectar
22.029943708252887,77.86959561911169,34.29563651275758,8.878546150025475,0.2257467885277294,-15.23990434603552,23,C4 Cane/Corn Syrup Adulteration
19.657665977641685,81.72759311685707,2.0,18.173879085420683,0.4852384953936728,-26.925716373973366,95,100% Pure Floral Nectar
21.02085879844652,74.96593615979427,23.64367055235961,11.066807964438162,0.35858070999233876,-16.85132331416683,66,C4 Cane/Corn Syrup Adulteration
17.901531837915783,80.06219792130975,18.620762390735848,16.83895314712777,0.4000509513215003,-26.47675839438222,94,100% Pure Floral Nectar
17.91118785767756,82.09710172866998,2.0,22.270003716478282,0.4658540604711021,-26.129924959497444,96,100% Pure Floral Nectar
16.986542229067236,79.5,2.0,16.390496913963233,0.3652205268595085,-26.737305020839305,94,100% Pure Floral Nectar
21.203319608779204,77.33822263876725,32.8566890094066,9.888778092486785,0.30259364164531016,-25.329955453556803,42,Industrial Rice Syrup Adulteration
19.238151251005473,81.5537516368405,18.75107993462417,17.241615779138908,0.3414522070085123,-26.294392660041904,90,100% Pure Floral Nectar
17.055489545894506,79.65429645871748,14.370893349731073,11.749179101599756,0.41679044385924896,-27.30426521756698,88,100% Pure Floral Nectar
17.847041732514718,81.73393170078835,31.97147375507129,15.489488062524755,0.33556123472219,-27.61363696300577,96,100% Pure Floral Nectar
21.33433832525397,73.75528018517831,40.40644320009854,7.947719589689666,0.25087990123616843,-25.016151667971805,37,Industrial Rice Syrup Adulteration
18.887142850402945,70.06963076465492,49.390676420801434,2.7815187854421195,0.25,-24.774054602398113,34,Acid-Inverted Sugar Syrup
16.418453626257403,78.07873513271879,27.364483556622925,4.142709769080396,0.22342308434416996,-25.171112266425872,48,Industrial Rice Syrup Adulteration
18.96669010099959,83.80501251962919,10.60647627371661,10.158887323084706,0.4684728499281965,-26.504867503122053,98,100% Pure Floral Nectar
21.50518000958807,74.95156539192523,38.88371112247357,3.4113095788861436,0.278740929426505,-25.079886166602215,55,Industrial Rice Syrup Adulteration
18.13611672666107,79.5,17.339577387042233,15.182350414168678,0.37246992407048773,-27.386289009966212,93,100% Pure Floral Nectar
19.452077529081404,70.85191597476505,33.86026317770205,8.885381347106685,0.2948367550493557,-26.11337729729477,45,Industrial Rice Syrup Adulteration
15.457483415364015,83.5311756947999,8.476004906145448,21.548856363869646,0.3225396633928404,-26.603814639298438,99,100% Pure Floral Nectar
19.889187820672017,79.13631713574841,45.27936159993822,7.616045602525429,0.3400001117017224,-24.63113984155813,50,Industrial Rice Syrup Adulteration
18.99743328444973,76.07311967097098,37.49792766529629,13.732211761888287,0.18031569798636626,-27.0,30,Industrial Rice Syrup Adulteration
21.255759283636948,81.0,40.07995459545545,9.37440377023783,0.46847555034110566,-11.0,54,C4 Cane/Corn Syrup Adulteration
17.564569698550624,77.55579300403943,59.20088868333923,2.2370980760250405,0.5326239074603578,-25.06772292126281,50,Acid-Inverted Sugar Syrup
16.42378602707793,74.68464389504275,43.19348256669496,8.8304765786455,0.3013304651170486,-13.215558506147552,33,C4 Cane/Corn Syrup Adulteration
20.31307845691206,72.1978624180407,33.052468536846554,4.499638983547956,0.31739022214768386,-24.049534393393078,44,Industrial Rice Syrup Adulteration
20.584766610844177,75.3920657796891,46.25218778181318,3.3039211936952784,0.4100673218035805,-25.950006494093262,24,Acid-Inverted Sugar Syrup
19.36999798589758,74.371949885095,38.53514849097373,8.872747434793862,0.23169933050150987,-25.755872232525043,38,Industrial Rice Syrup Adulteration
18.675322872848863,83.84618530130143,2.0,9.955423650961428,0.3388734760141434,-27.738149547643328,88,100% Pure Floral Nectar
16.410785626074436,84.67417731668314,15.661904969508097,19.021671900530897,0.5099637625733843,-25.243659964192833,96,100% Pure Floral Nectar
15.802304342965693,82.40762821766543,14.019758071904477,15.4255145550084,0.47778091571895664,-25.93590440856318,97,100% Pure Floral Nectar
18.273803549421743,77.56069759312551,31.832121821046403,7.137276461877608,0.26284546479310406,-25.08236201271865,23,Industrial Rice Syrup Adulteration
19.8,81.92502890075143,3.8285806307918655,15.073065873569902,0.38858631331887517,-27.45355031197766,96,100% Pure Floral Nectar
20.491851306335946,78.06969735662813,24.990707815337956,3.1948080338931577,0.29012928897081636,-23.71243191480603,60,Industrial Rice Syrup Adulteration
18.155091581007586,75.13579833912758,18.66135258205794,7.865792492317283,0.2438693323150387,-24.96007115504462,37,Industrial Rice Syrup Adulteration
19.249848134253412,80.73097112267557,12.26144164496693,19.114027914991112,0.18,-26.947033246060876,97,100% Pure Floral Nectar
15.781867006222436,76.1368236370095,39.020618686763335,7.903259727934499,0.2909573045940248,-18.033769658479446,39,C4 Cane/Corn Syrup Adulteration
18.69052812875343,80.03066904982059,23.266820811873988,10.141434584786726,0.36760954882308494,-17.01540670092634,39,C4 Cane/Corn Syrup Adulteration
19.792161875275458,77.43587476227731,19.304609467995572,6.108749423709214,0.2629590464946864,-15.487489599714952,68,C4 Cane/Corn Syrup Adulteration
20.652357467209832,81.0,24.287499758970753,14.57562780652986,0.26443210334741973,-17.40091190660146,37,C4 Cane/Corn Syrup Adulteration
20.185554409487807,79.6086843805592,41.138202083458836,11.527797707925728,0.3359348201228062,-23.5353704376179,40,Industrial Rice Syrup Adulteration
18.44963627361903,81.38888779980515,38.0,17.86362267617989,0.45757716277602384,-26.88015415276473,96,100% Pure Floral Nectar
18.011486442499006,81.40221463397332,17.892309012996513,12.419967184449636,0.21095352698738035,-27.204188083731104,95,100% Pure Floral Nectar
17.541333912070236,79.62722896592076,28.15595218621485,7.221340390340345,0.4410700971024631,-15.583123718570812,61,C4 Cane/Corn Syrup Adulteration
18.29359537425713,73.18333741680658,32.22491474510809,14.0,0.4506115221074909,-23.15254376594516,35,Industrial Rice Syrup Adulteration
19.65317862079307,81.55961121792278,22.551105050220215,9.56249961647449,0.517183438184505,-26.992703529548553,98,100% Pure Floral Nectar
18.549251977113595,72.14063170430506,34.31599007720034,4.0,0.3246381521053046,-15.556824146644889,67,C4 Cane/Corn Syrup Adulteration
14.0,83.0259887600648,6.2740557786701,11.718594408404307,0.20765877163770333,-26.96509443900726,92,100% Pure Floral Nectar
16.097102747328464,83.50025166526004,2.0,20.460324192535467,0.4345803611782721,-25.804997012421282,97,100% Pure Floral Nectar
16.940077432670655,81.26742335298798,5.02869840836636,13.05797058918964,0.3491733640433238,-26.965784677546846,99,100% Pure Floral Nectar
18.482420955754446,77.31973751463893,17.42182817127059,16.992038739545013,0.3399265737069967,-14.839613680600344,46,C4 Cane/Corn Syrup Adulteration
21.526332421640795,76.17454331448255,28.953998783512244,6.246304075316117,0.24098175847685915,-25.974041450786522,55,Industrial Rice Syrup Adulteration
18.477179465545934,75.03287950517849,34.87268338796809,9.42901884777281,0.2909232761272574,-24.3899778801334,22,Industrial Rice Syrup Adulteration
18.21133390095888,79.88876329637434,3.0723624463709944,17.519970440039337,0.637710339324033,-26.836226220715645,95,100% Pure Floral Nectar
17.80146550678562,82.73786528062845,23.454733432246364,17.688724499714017,0.4327287091664206,-26.63906429050371,94,100% Pure Floral Nectar
16.865495061162427,82.84368984257637,2.0,15.343489489994985,0.6435311623656339,-26.067777253875665,97,100% Pure Floral Nectar
16.315327404097978,80.31317757361467,17.80391832556058,10.298566266551786,0.4019530432515955,-16.462404228344933,39,C4 Cane/Corn Syrup Adulteration
20.513959681561403,77.93746942929758,54.311668031021114,3.712143703880157,0.6238040644417279,-26.880051086203594,30,Acid-Inverted Sugar Syrup
17.659289346846947,81.0,20.590512988607895,14.981625995691758,0.3369860933119874,-16.6701761006055,39,C4 Cane/Corn Syrup Adulteration
16.984940807680758,76.5920590586428,44.93894597620588,11.02302993920617,0.27944309233311515,-24.120411240482753,37,Industrial Rice Syrup Adulteration
17.750980215633508,76.36486939700067,46.1277586170357,9.933359295859061,0.36226259768839536,-24.950139931965555,34,Industrial Rice Syrup Adulteration
23.399920399947263,72.5338387867806,52.69964555942385,2.3471695283714125,0.3937444996773919,-27.5,28,Acid-Inverted Sugar Syrup
15.0,77.29439575560656,26.795293284730924,11.181750490315157,0.26801558814401,-16.83952681950325,24,C4 Cane/Corn Syrup Adulteration
22.158185072325406,75.32435091113715,51.171191539945575,9.20576011756456,0.35362070087760844,-25.12884829939627,52,Industrial Rice Syrup Adulteration
16.350619587328584,82.4551016490276,2.086955142113454,13.657254265175082,0.4700950837635799,-27.599620501890467,85,100% Pure Floral Nectar
17.995702917511146,73.75675079366337,35.033601986625605,9.570725474695077,0.31384824414713375,-22.5,38,Industrial Rice Syrup Adulteration
15.605633635106923,84.52656332489458,2.9049316253701507,22.87497668019331,0.41363376096898724,-25.27332084007314,98,100% Pure Floral Nectar
14.816382954067024,82.03210199353501,9.702403171499398,14.600490068880877,0.4394667860278598,-27.300528645498588,95,100% Pure Floral Nectar
19.86816795755223,76.94946034101561,36.63986535707362,9.958805937862502,0.23047432006163568,-19.652632905562786,35,C4 Cane/Corn Syrup Adulteration
18.909797761476973,79.08769950374214,56.55516982936521,6.314501131773685,0.32665301699862426,-26.261351250554316,44,Industrial Rice Syrup Adulteration
17.362389165669384,77.08225850533586,34.108181343238584,12.80153476558337,0.4365034480632093,-12.613665484703667,41,C4 Cane/Corn Syrup Adulteration
21.238797663899607,73.40121305615176,75.83006209414361,4.708544845161728,0.5123133090843218,-23.88200981905063,34,Acid-Inverted Sugar Syrup
17.020047483985497,80.50979691341112,4.684448423997011,22.261241485349164,0.75,-25.411532537725687,94,100% Pure Floral Nectar
18.36666747649243,81.0476746579435,8.907876849454924,16.01679733187544,0.3766278964379625,-25.925995018106693,94,100% Pure Floral Nectar
17.267318925325934,85.0,2.0,12.411603450847814,0.3865612399344829,-27.535016837186554,96,100% Pure Floral Nectar
16.10368317504998,76.6681645624631,18.082636485180153,4.875120045971474,0.24942607611829704,-11.786809916383454,68,C4 Cane/Corn Syrup Adulteration
19.347786283768567,77.1809203441189,52.91255227211873,0.5,0.45834608814695327,-24.932920757901293,32,Acid-Inverted Sugar Syrup
15.348558860559,81.57318791355594,11.379347569233135,9.091557343641075,0.39089802605687735,-26.58467976128044,99,100% Pure Floral Nectar
14.586844068095136,82.76034074519085,26.489361078949006,17.777086567520318,0.4246698993620796,-26.673187271652132,91,100% Pure Floral Nectar
18.654756502388373,81.61582448972281,15.08998308993165,11.686798418594883,0.37309340793931334,-26.568146209701762,93,100% Pure Floral Nectar
17.714453131520102,79.89562207168811,33.70529043282223,8.955319743503237,0.28333608039432995,-25.865469764341505,52,Industrial Rice Syrup Adulteration
16.55281459581294,82.0551400108866,38.0,17.800457201812513,0.42963834871502543,-27.724459447909446,90,100% Pure Floral Nectar
17.859981778940966,82.74615878681344,3.4948687272228716,10.686858495584524,0.4735137332550364,-27.198404942641986,95,100% Pure Floral Nectar
18.42817919272314,77.23026543766446,33.51605462663247,13.97799941449664,0.36421480125300404,-21.0,68,C4 Cane/Corn Syrup Adulteration
17.746974289299402,80.88749749154165,29.196374588065275,22.505291129127283,0.33751746787700476,-26.83245739143672,92,100% Pure Floral Nectar
17.09647340814825,81.48674356645027,37.94526102984871,18.070813710695504,0.18,-26.52383006334359,91,100% Pure Floral Nectar
17.706947162020132,73.23981434437898,35.07980889116486,11.513512017111486,0.2816274169448462,-26.941033726436814,46,Industrial Rice Syrup Adulteration
17.833320514749627,84.02243898074042,12.046236736579523,19.61065954970421,0.37887386677462265,-26.322671870879702,94,100% Pure Floral Nectar
17.31462379514085,82.95436691801174,4.912704461818012,18.616123944998954,0.5499914131553165,-26.178996404392432,100,100% Pure Floral Nectar
17.96500061461961,79.0,67.12206590138587,2.1428219467321403,0.25,-25.690626941890514,30,Acid-Inverted Sugar Syrup
15.655286751356577,84.21460962144728,4.664722089041378,18.097020410414935,0.43928225977507834,-26.477268226452225,92,100% Pure Floral Nectar
17.710945403452715,81.20371906567684,5.9026951464263,14.84605685138036,0.4038962772857456,-26.58621168689224,100,100% Pure Floral Nectar
18.0858946125488,84.87258800343082,24.799863581727955,17.76448981882064,0.3210047176090511,-25.87213993647305,91,100% Pure Floral Nectar
21.951037113508942,78.13647157669601,23.95042018685906,5.821816099523999,0.35398493041503254,-19.9588265089899,49,C4 Cane/Corn Syrup Adulteration
16.778454826174993,82.15874624686526,2.0,16.344513366258738,0.6036222748555873,-25.603202988577294,94,100% Pure Floral Nectar
23.035441664639574,70.70847162868964,42.0,6.3736106778203725,0.3806705533432176,-25.985974442775383,23,Acid-Inverted Sugar Syrup
16.035448908477377,81.97741821252546,4.570156024247505,17.26788312341299,0.3252904086136563,-25.329854815002783,96,100% Pure Floral Nectar
19.81337539821419,70.68421010101983,42.0,1.8420885782489602,0.45780377736366185,-26.447329812201207,30,Acid-Inverted Sugar Syrup
18.909447173735494,81.019671403282,14.846414161515439,15.966952774908373,0.4642700643489896,-25.017006429138945,96,100% Pure Floral Nectar
21.268200061780206,78.6475522855738,10.0,14.825671085989754,0.15,-17.272721766331156,60,C4 Cane/Corn Syrup Adulteration
17.227463320771584,83.15014321542678,12.18743964298504,16.831378969741614,0.574350250374583,-25.895659724221996,92,100% Pure Floral Nectar
15.901705612133195,84.36694257329376,25.09049033945449,13.853447858810584,0.5725014745290657,-26.52367256489577,93,100% Pure Floral Nectar
18.67651458024215,77.92523985576483,59.138495150477425,6.362609795863147,0.6723771661696091,-24.929539919459877,41,Acid-Inverted Sugar Syrup
16.940597277571207,79.6025553776484,15.293432903904106,19.831102343400282,0.2804396570659867,-26.9905176287722,100,100% Pure Floral Nectar
17.621550274868437,80.76101628861778,10.716448128928915,17.216123666431272,0.44438972775664803,-26.528163549227898,91,100% Pure Floral Nectar
17.86785715811237,80.67243450302259,2.0,16.087594198253576,0.3944736099682897,-25.129745582873845,92,100% Pure Floral Nectar
16.690942902900602,81.50968148920397,2.0,21.727268464355994,0.32342978235370345,-28.09075428345497,95,100% Pure Floral Nectar
18.875713860036186,76.26092609706333,21.009109650745305,4.181426545432179,0.2464502250466611,-23.62009807200723,43,Industrial Rice Syrup Adulteration
17.59977570480072,80.15230104233305,20.896663624978917,18.39282558344926,0.5734648517640449,-26.533339988463574,91,100% Pure Floral Nectar
18.94451926949668,83.44713197055736,6.091711902069891,16.625488567333527,0.3885665992290775,-26.36960361382851,89,100% Pure Floral Nectar
16.47685944859122,75.35434466260476,22.47940324845172,14.570003217023913,0.5200288642297992,-20.62816230511016,43,C4 Cane/Corn Syrup Adulteration
19.539274936537183,78.9028581317289,23.91969460388532,14.195871341266482,0.4260744761635359,-17.725349213371775,44,C4 Cane/Corn Syrup Adulteration
18.769442934254258,83.51372880064449,3.056954043207931,17.176051887364288,0.47018580939194365,-26.466605358439743,92,100% Pure Floral Nectar
16.509759832147374,75.88207116410986,44.69144864013238,8.838873295743552,0.36147647652360104,-24.842050025963346,36,Industrial Rice Syrup Adulteration
21.965374857085628,70.86159707784043,71.41443791436377,4.653536390423959,0.42672825278894,-24.94355556759046,20,Acid-Inverted Sugar Syrup
17.405399161006653,82.93687856367646,15.860825974529458,13.587427562124807,0.3538181123876423,-27.04729831628082,93,100% Pure Floral Nectar
16.212983401938228,81.6532703613678,6.49540182904712,11.837346506303565,0.18,-26.535578562031066,93,100% Pure Floral Nectar
16.481525089681245,79.5,29.090797524121534,15.475923728324851,0.5306323921542426,-25.693705966147846,93,100% Pure Floral Nectar
15.151079072615033,83.8471438906524,5.267449467581095,9.0,0.4725007444167643,-26.053851727753774,92,100% Pure Floral Nectar
17.467903687796444,81.0,22.24384389691178,5.80510329287413,0.4624806306697876,-15.873629362423795,57,C4 Cane/Corn Syrup Adulteration
18.35736421897036,78.75961672444915,26.49912684284576,11.396603891829784,0.33407043974381256,-18.19262653764382,68,C4 Cane/Corn Syrup Adulteration
15.628189169812782,83.36622329369084,13.432520952424555,17.43963151801327,0.57580013877305,-24.50939347131528,93,100% Pure Floral Nectar
17.894375167428397,76.96434361202931,46.341167999418715,10.65703397298227,0.23182565196249053,-23.931415981111392,35,Industrial Rice Syrup Adulteration
18.663123863718653,79.5,2.0,10.348474226451525,0.39478132749709505,-26.370572674101936,96,100% Pure Floral Nectar
16.0,74.66585993707892,26.97281362913071,5.502230681777949,0.251459481138657,-23.903743887233173,33,Industrial Rice Syrup Adulteration
17.840192566461337,82.4245859110326,14.722415080783321,20.088016392956895,0.47123804206345193,-26.991661073805798,94,100% Pure Floral Nectar
20.370537510488397,79.91123256174224,40.418263275013715,6.925259827155206,0.3629911672672048,-17.44483884158726,53,C4 Cane/Corn Syrup Adulteration
20.356589720425063,75.9877011925369,28.986326844344635,7.469454101236825,0.34320260540322584,-25.502906855320646,35,Industrial Rice Syrup Adulteration
20.225400361840524,72.6543789090053,42.0,6.7376527036016824,0.6512013894820208,-27.5,41,Acid-Inverted Sugar Syrup
16.05449104347314,79.5,20.6982834340236,24.241400430929758,0.38346503746221244,-25.5577510523954,86,100% Pure Floral Nectar
19.550595849403646,71.82271103675541,33.19820083126747,7.091613088490057,0.2704846863014148,-26.15798076414661,46,Industrial Rice Syrup Adulteration
18.142005730353546,82.42821458504154,2.0,21.239753872525775,0.4345418582280814,-26.02459695620417,97,100% Pure Floral Nectar
21.519959220830977,81.0,27.719744806777207,4.238136023784593,0.3554975871562285,-17.718737263717255,60,C4 Cane/Corn Syrup Adulteration
18.565167626784852,84.03935143223326,27.783085476694247,22.549694614589118,0.4924479619428266,-26.64953387804068,93,100% Pure Floral Nectar
15.674513747720656,83.01680979133462,2.0,17.28537498844864,0.3573558852189892,-26.69524380507134,97,100% Pure Floral Nectar
17.306126381471216,84.34374236508908,5.421522901182215,16.105512559268725,0.4714573416519606,-25.63204728551116,91,100% Pure Floral Nectar
16.12508340885422,79.52324011958132,2.7807200325880794,14.758752488825296,0.4220914743549722,-25.5370901605522,89,100% Pure Floral Nectar
16.61568646095288,81.54332898883943,31.023008084091543,12.979249631836957,0.4138869265123916,-26.13565229974935,94,100% Pure Floral Nectar
15.439390997519537,81.5590175765921,7.502493968956184,19.59925812946542,0.5651872752022925,-24.944590311073235,93,100% Pure Floral Nectar
19.315616902346285,80.9382821227254,2.0201971308813973,15.502212494600636,0.27331646315948954,-24.93890948674446,90,100% Pure Floral Nectar
16.066555072109693,80.5651648681714,12.497832156936783,18.506536817282264,0.31102152616707957,-26.22689700029802,92,100% Pure Floral Nectar
16.064799484305524,80.99428860974766,18.948994611559932,14.847780165185576,0.6251649634410622,-26.461465846144396,99,100% Pure Floral Nectar
15.830278111338954,80.47488596325562,18.449418558664174,11.827800245373933,0.3477723406880864,-25.872068427277316,90,100% Pure Floral Nectar
19.8,81.48288691779244,8.442388118576153,17.406295917557607,0.6804542614733466,-25.409611904478517,90,100% Pure Floral Nectar
16.509798691477634,79.5,25.946236433402944,22.76193490197796,0.5511045400329964,-27.04725081291362,97,100% Pure Floral Nectar
16.88715210054381,80.55168139341205,6.722027349142513,11.449770978550898,0.5703669852292697,-26.972556103298537,94,100% Pure Floral Nectar
20.146644842318043,74.64022901455625,44.33975817296621,10.19241657271791,0.1,-25.749999566516436,39,Industrial Rice Syrup Adulteration
17.467499994720136,71.91851689986575,31.19244191981927,9.230193007701372,0.394225329541795,-24.238810377571568,36,Industrial Rice Syrup Adulteration
20.038914621605805,79.16552888665626,25.968792298072994,9.066096033782753,0.34145982489317317,-11.0,45,C4 Cane/Corn Syrup Adulteration
15.50457732033256,79.81751567595737,14.589643770148932,18.86870074256435,0.5444605767038405,-27.010816168484304,93,100% Pure Floral Nectar
16.780226525215166,81.12795563632933,38.0,10.983027968359947,0.4417773458254867,-26.391884298472238,93,100% Pure Floral Nectar
14.259962889287726,81.11879103255745,2.0,23.075968216946244,0.6398543529092762,-26.473340408177073,92,100% Pure Floral Nectar
17.0343736777926,75.56619344920992,17.43365277104401,12.359162933484399,0.39785911098697424,-17.021024607866615,66,C4 Cane/Corn Syrup Adulteration
16.852713740288713,79.04089184367653,24.085340996302357,6.4065835735133,0.4049887681902017,-14.950466922327687,35,C4 Cane/Corn Syrup Adulteration
17.166224878045995,79.5,2.0,19.848023789818246,0.5589023526971949,-27.198991054559052,94,100% Pure Floral Nectar
15.50650257383231,83.45670946626711,11.473620849812553,14.562402979110596,0.41658130505875285,-26.92177533242641,94,100% Pure Floral Nectar
15.717529378120759,80.57269207135951,14.940180435875655,9.0,0.3398469995448594,-25.609984152764994,93,100% Pure Floral Nectar
17.988033204244097,83.43654635448122,2.0,18.633979188170198,0.41059359603247286,-26.431949997333657,88,100% Pure Floral Nectar
19.607129068690213,82.52098087909022,3.0897349355957684,21.42102716976599,0.5956122785113194,-26.210151967304018,100,100% Pure Floral Nectar
17.0,78.44858758531876,53.76856813797653,3.9852523308434225,0.6505659861702909,-25.480517613777987,37,Acid-Inverted Sugar Syrup
18.889112553111698,82.48694531648277,2.0,12.954147462992662,0.23916932410343836,-26.18488345238456,92,100% Pure Floral Nectar
18.681794281589422,82.51071732366508,3.7992583148375196,12.097307598093956,0.5787511392402638,-25.932851300881723,100,100% Pure Floral Nectar
19.172909174216876,79.0,50.52562281550553,6.902431035170586,0.9443857303192618,-23.216862614758757,35,Acid-Inverted Sugar Syrup
18.8644787200645,81.6163164019855,2.0,15.127325266925382,0.23910013000778993,-26.209892459892483,91,100% Pure Floral Nectar
14.548939466264699,82.97252653091479,28.047081953059966,13.557774294864593,0.39300957228773736,-25.819508419403473,94,100% Pure Floral Nectar
16.851832423343033,83.67750764261191,7.308478793357438,25.261419981995317,0.3926538853941713,-25.95051529728639,89,100% Pure Floral Nectar
17.0,74.58032756131743,69.35523327416433,2.629861955851645,0.6341675343717991,-23.717964385115316,42,Acid-Inverted Sugar Syrup
18.087287633304935,81.79110353016308,5.041658911665803,9.0,0.2272076717570393,-27.164483936805677,90,100% Pure Floral Nectar
19.143672889491825,80.4653042420278,2.1861152839274607,19.08161804818166,0.5217514504026338,-26.16051640592324,96,100% Pure Floral Nectar
17.269683162053344,80.51755585583273,3.5083322779631376,21.33435450615037,0.3298919560853018,-25.978893968218472,94,100% Pure Floral Nectar
19.51986248271359,81.0,30.253567310618827,17.841742528533654,0.5939334278719266,-14.352102144373655,35,C4 Cane/Corn Syrup Adulteration
19.40927281934551,72.83733744055796,27.783907735377976,10.92191839421708,0.2361438008680776,-24.224926937996056,58,Industrial Rice Syrup Adulteration
22.472309202618128,76.78509723575492,57.048644310437204,8.0,0.8000976473538892,-22.864291269159423,20,Acid-Inverted Sugar Syrup
20.095191174657398,77.82647996655533,28.040954941352428,8.035638150455053,0.3556377185594052,-25.381136875806163,36,Industrial Rice Syrup Adulteration
16.02783259653042,80.2090318949906,7.375562214949113,18.694564427507405,0.40163033946223164,-25.942894443183064,92,100% Pure Floral Nectar
17.14118744315477,77.31702204039489,33.36264279433348,12.84911402635996,0.2912062764429493,-24.51737565295201,23,Industrial Rice Syrup Adulteration
17.113533326566106,73.66129521670172,26.428246203587797,11.638768417268187,0.3622284462362201,-17.52115110442147,59,C4 Cane/Corn Syrup Adulteration
16.836634651382514,82.62879164222632,19.908218923988414,11.249277083442724,0.3629611898781373,-26.231244716515928,95,100% Pure Floral Nectar
19.54283292641795,80.43753603235308,31.541455209551025,21.202365448587447,0.4560210059141425,-27.02017379759992,90,100% Pure Floral Nectar
16.904417665641226,82.80417007609893,4.032476839041793,14.108911699127805,0.36814547482446963,-26.14369743182402,91,100% Pure Floral Nectar
21.7357153432053,76.56623017690038,62.470449721883426,2.4086762519197533,0.6209888135680439,-26.126303920071916,29,Acid-Inverted Sugar Syrup
17.68951006621957,82.08739563621107,2.0,15.646216373806494,0.5752581228977671,-26.597022055921805,85,100% Pure Floral Nectar
18.804217863435017,80.5,49.08473240120409,3.5067132144532565,0.2920259109276177,-23.873119829442352,46,Industrial Rice Syrup Adulteration
20.30041130690099,77.40208879195458,37.91084827246699,17.373859699508714,0.31934054753577473,-19.953153173255647,45,C4 Cane/Corn Syrup Adulteration
21.01535395570641,81.0,10.0,5.680096516862335,0.30046755894562954,-12.68165210052193,58,C4 Cane/Corn Syrup Adulteration
18.25081083453047,81.17925604974808,7.011326338856841,14.603032406551465,0.533738493169496,-26.188079345246468,93,100% Pure Floral Nectar
19.05947179858868,80.73064768824511,2.0,18.019986901185703,0.2897791585997106,-25.201384590143153,91,100% Pure Floral Nectar
20.932658785171604,76.12053162923235,31.49728774995292,5.636061626201748,0.1,-25.63790649649974,47,Industrial Rice Syrup Adulteration
21.83172938700378,73.62976177026815,35.440928832945126,9.118288142538033,0.3069499752298219,-24.867579397935774,29,Industrial Rice Syrup Adulteration
22.46685951845203,75.7881736816332,79.0833575011478,0.5,0.5039320632737054,-25.00107542495327,26,Acid-Inverted Sugar Syrup
19.412756961195722,83.07136061271234,2.3175783996601735,22.354859030763734,0.496547797951191,-26.26915106321185,92,100% Pure Floral Nectar
17.526502583768902,79.90186171662423,15.073170109088085,20.41566738541981,0.4942154870865862,-26.775442218869564,100,100% Pure Floral Nectar
17.623689651334647,80.39079345663563,5.850377557009073,14.85589384909295,0.2892583910071853,-26.514949648829045,94,100% Pure Floral Nectar
22.19226000529887,77.51172438450962,46.8271395817022,5.616497837142208,0.3454195328871927,-24.288966380949883,27,Industrial Rice Syrup Adulteration
19.938733887978177,76.23168173320047,59.529511315239304,6.101808688387946,0.3513719471615674,-25.06414610292354,35,Acid-Inverted Sugar Syrup
18.85995094694214,69.36283751487858,72.2864784519833,3.1756931527274936,0.25,-27.24583766756046,20,Acid-Inverted Sugar Syrup
18.684242564145944,81.0,28.446024827942185,8.415066532862213,0.4456128605741,-14.426152893968915,24,C4 Cane/Corn Syrup Adulteration
17.17073776845019,83.56131423747617,9.25314259859366,20.759558747143736,0.22639581165540723,-26.107336000745377,90,100% Pure Floral Nectar
19.438106038706604,80.0079241240482,7.47619752933475,15.90564474058735,0.4400179271421933,-26.458226462073085,92,100% Pure Floral Nectar
17.19150072384415,79.5,5.4511446926825835,21.458372100613452,0.47678604789743795,-26.364670262421576,95,100% Pure Floral Nectar
17.70595384771178,79.76907120552528,2.0,17.099011322075587,0.39754013425633666,-26.227556432936048,100,100% Pure Floral Nectar
19.67175014646027,77.57267593719078,36.16255835673597,9.614179088900723,0.41659048838035584,-24.504672301061238,41,Industrial Rice Syrup Adulteration
15.942144825492548,79.5,2.914642534130068,17.976013531974523,0.4357861968212995,-26.234347161129005,96,100% Pure Floral Nectar
18.42432390378553,79.82793550204755,24.328927717583113,13.863686891512348,0.28452440818402014,-25.88726642953333,90,100% Pure Floral Nectar
18.45623947059535,71.72660272206105,108.46894583877028,2.816806970857291,0.33507419557729334,-27.35039972627491,38,Acid-Inverted Sugar Syrup
17.818674110097962,77.8800825033108,25.78175541372229,5.3069092520390875,0.25270013445369904,-24.749238293498763,42,Industrial Rice Syrup Adulteration
17.167984712781564,81.54760482682963,5.757748801388189,20.093407024756992,0.3512896742248167,-27.225297321069824,100,100% Pure Floral Nectar
17.42480357346981,83.30589098627195,3.3843817781454684,22.420040642809756,0.3454087145795179,-27.197148055883346,100,100% Pure Floral Nectar
15.913887274922121,80.95472472533923,6.41171179881146,21.87361948430577,0.4408708214370183,-26.45833254043704,93,100% Pure Floral Nectar
15.171972019513039,80.94705535677467,15.605511213577284,14.986357351049813,0.32585196088769725,-24.661363805188742,100,100% Pure Floral Nectar
18.254678269546346,79.94861341005877,8.423366351558403,13.435263409702788,0.44324040220178024,-25.746008187654414,100,100% Pure Floral Nectar
18.437193966150993,78.84432435302763,30.293478558994742,7.237673839180388,0.3543587663941783,-11.0,64,C4 Cane/Corn Syrup Adulteration
17.359030628717846,77.47544522782901,23.62783071433137,7.016979691754361,0.42693867580375733,-14.794722237263256,48,C4 Cane/Corn Syrup Adulteration
16.273498949324257,82.09553675964973,21.41710504673725,18.830409069712346,0.3546870680490554,-27.8932290993397,85,100% Pure Floral Nectar
16.217125668571708,81.6488660568928,38.0,13.215178519724265,0.33097882067898293,-26.087538028669023,94,100% Pure Floral Nectar
19.02109515728586,76.47834365204103,58.5347402503824,4.008209304332285,0.4572909231119585,-25.341054490574965,19,Acid-Inverted Sugar Syrup
17.653679839510183,82.58861435496298,10.28832032469162,16.021886464116335,0.42326126012069565,-26.715467724297604,88,100% Pure Floral Nectar
16.00803099203556,79.5,22.510802869164586,20.60900443952044,0.2586784794203338,-25.073097658740007,90,100% Pure Floral Nectar
16.154790314843666,81.53721282394875,17.99948840172032,12.008417016788266,0.3161640869838178,-26.560216114210558,99,100% Pure Floral Nectar
15.534466677273494,83.35250592286124,4.827490479131841,18.304019998391585,0.2987291276209686,-26.01840138434262,93,100% Pure Floral Nectar
18.368803779029985,77.75571947297446,70.86129235002433,5.161385276250254,0.6256569508990284,-25.879990368856255,35,Acid-Inverted Sugar Syrup
19.803866802060057,75.35017182016027,29.907019238729315,10.524988304959209,0.21541195852399544,-17.620361321596025,45,C4 Cane/Corn Syrup Adulteration
18.494487156077877,81.75007441769746,25.194677163041234,21.575167731039674,0.49004537037887397,-27.057726661968495,95,100% Pure Floral Nectar
16.46627624289157,81.52738277537888,4.064847196610348,20.888990730058147,0.6664914699508372,-26.220395822905484,96,100% Pure Floral Nectar
21.3591249138467,72.77403682759305,55.276615319191585,4.216628513733311,0.586562488538363,-24.875327235759837,19,Acid-Inverted Sugar Syrup
19.891439401690153,75.24759095538245,32.21411373603742,8.590065268704478,0.3188663346552812,-19.689033453376553,50,C4 Cane/Corn Syrup Adulteration
18.13567668420531,79.5,3.619706499381027,17.63875351388412,0.35164439081443466,-26.229968221502123,95,100% Pure Floral Nectar
16.9617415284651,81.45749168363542,9.319107035388434,16.722713886012812,0.4436847126527592,-27.248765362958572,98,100% Pure Floral Nectar
17.839454506815297,81.4167969247652,9.371506840890202,10.363950523292942,0.37038734371481874,-26.082244878117358,90,100% Pure Floral Nectar
20.90639471628475,81.0,18.045100126801696,12.009148663133905,0.3768461899866732,-18.469241317216415,40,C4 Cane/Corn Syrup Adulteration
19.839306191777386,72.84623048431865,78.29737383609613,2.5234258709230586,0.5842129792508438,-25.39755344533972,31,Acid-Inverted Sugar Syrup
19.442953719391554,77.22435727512087,18.813669509969245,6.373191069944121,0.31180182655149413,-24.46120200225102,41,Industrial Rice Syrup Adulteration
17.652434799858693,82.60133054560674,6.2285279122287935,22.628899808687088,0.2701603890284847,-26.97923372588328,94,100% Pure Floral Nectar
16.662440219266706,83.17263812046615,4.772591772848195,16.74998182000405,0.4239402970921568,-26.34016592475619,91,100% Pure Floral Nectar
15.625501071426982,81.15507841749594,26.942142368568106,20.84038809296512,0.41159642678303465,-27.12284988868544,93,100% Pure Floral Nectar
16.140486876002754,83.15501136621586,2.0,17.578394505784704,0.4975299889454225,-26.552330795902364,94,100% Pure Floral Nectar
19.61420489387228,77.66988921908252,34.510730154084456,9.916664369898978,0.39879127521278857,-12.114485394485573,46,C4 Cane/Corn Syrup Adulteration
18.670333488681887,70.58251199574077,76.35675184815163,7.36741776725523,0.30909666797908675,-23.15277342700168,33,Acid-Inverted Sugar Syrup
17.64684431458685,79.5,2.0,16.792898723249674,0.21618593179196988,-25.554092007604737,93,100% Pure Floral Nectar
14.231019786310906,84.0279295063729,4.660581778242478,16.13373838200339,0.38844301031811546,-26.451431138194952,97,100% Pure Floral Nectar
19.539765863535894,78.53323887628594,31.298031792277474,10.597713832916135,0.2508982663894451,-13.52139711421813,49,C4 Cane/Corn Syrup Adulteration
16.993107553655538,82.60803374123802,9.636031326597537,21.008379243966914,0.42973495001022033,-26.88384870645378,88,100% Pure Floral Nectar
16.523538952780875,80.50499068626759,3.8663990886855615,19.217899018786685,0.51084672021833,-26.311260579200518,88,100% Pure Floral Nectar
22.257414578839217,69.62796161900357,42.0,4.167470953554453,0.6970604492328601,-22.901040798525692,34,Acid-Inverted Sugar Syrup
19.797825522259426,76.63635035906347,42.914640369213885,6.707534013038805,0.5451340311889951,-22.946026167494864,32,Acid-Inverted Sugar Syrup
19.193302258888238,73.14444926431739,94.08133842841706,4.423056254236206,0.7720718922477122,-25.48209103181057,42,Acid-Inverted Sugar Syrup
19.8,84.24485017502053,25.256147014916753,13.801941317012101,0.34364917980167564,-26.332498734330045,96,100% Pure Floral Nectar
21.631601239002862,70.48148280663311,80.8035073553732,7.156098882562613,0.5231535966942062,-25.604565466537064,19,Acid-Inverted Sugar Syrup
17.219800696566185,80.07708027336705,28.22982953977043,14.756745253403087,0.20514189531730453,-17.613975667141556,20,C4 Cane/Corn Syrup Adulteration
16.60236650207361,82.99069713650405,13.573942358468782,19.544490703155095,0.30644234127026443,-26.507649615602332,97,100% Pure Floral Nectar
16.963649587533986,82.59328803364411,23.279087978263277,16.091709449181852,0.5182258459727997,-25.85057791875407,96,100% Pure Floral Nectar
15.97413444526134,81.50695924631472,2.6558853802206044,18.291286798506967,0.3992623977727912,-25.75447858044504,89,100% Pure Floral Nectar
18.191699026219094,79.66755616403256,8.649511024888598,9.780021382575324,0.46859296245784116,-26.59506533999721,93,100% Pure Floral Nectar
16.152118848820823,81.56475932251064,6.341864852953694,20.132556124856897,0.3466073824554498,-26.76594685159632,91,100% Pure Floral Nectar
18.17375286059209,82.56094149748573,7.68195207783221,19.10191644538959,0.31776345059400307,-26.22821318076006,91,100% Pure Floral Nectar
19.639566701068805,79.09727495353172,23.086945529065673,13.156474611092802,0.2647111874169642,-11.0,36,C4 Cane/Corn Syrup Adulteration
16.99448500628579,78.20205334194866,33.91777989189942,11.542223418558391,0.4556258453447951,-20.992906070515552,55,C4 Cane/Corn Syrup Adulteration
20.626977258559876,76.95035390207947,26.911314715618616,12.61762287535743,0.36197165136857684,-26.20535187684423,43,Industrial Rice Syrup Adulteration
19.629883786686673,76.88669974024901,27.445974770091052,5.4746987767672035,0.2201697578041323,-23.69384070613652,35,Industrial Rice Syrup Adulteration
17.458770573172824,85.0,17.307291893303148,16.553611753761874,0.38323254874961765,-25.958924403091387,97,100% Pure Floral Nectar
17.61825407171196,83.63364412002146,27.565570080598608,18.49856166496767,0.3114845776018092,-25.554801975590344,90,100% Pure Floral Nectar
16.557562031983483,83.02540524716898,2.8855624810346168,14.87902923924382,0.32005640698145577,-26.38651872285421,94,100% Pure Floral Nectar
20.82381723925609,75.07392863739852,34.64524553036327,11.040254451829712,0.4467778861664962,-13.122031821540451,38,C4 Cane/Corn Syrup Adulteration
22.151902707757053,72.64333449842444,28.56306956887616,4.352510923819162,0.30379813882122786,-22.570729005261942,59,Industrial Rice Syrup Adulteration
20.03928826759183,80.25198452335844,22.86909972370195,12.082779358516888,0.4009060788626722,-25.411249037990597,46,Industrial Rice Syrup Adulteration
17.87514853375292,83.54429355363271,33.05090531622141,14.399394513328316,0.4475571666681356,-25.53808701550192,93,100% Pure Floral Nectar
16.82217509058928,80.24259385915674,13.09037690596151,17.475776377833945,0.27567941906736093,-26.198912449615445,89,100% Pure Floral Nectar
18.076628909299895,72.51741502209136,20.38704066380295,5.114730946653257,0.33723188944693705,-24.175495166054695,36,Industrial Rice Syrup Adulteration
16.315791179168535,79.55229288971599,28.18027267194322,20.2093270222543,0.18248162461767656,-28.196283570152687,97,100% Pure Floral Nectar
16.54521831816335,79.8972280558766,2.0,22.361679403221643,0.3267765481654329,-27.23690272975641,92,100% Pure Floral Nectar
16.273224951084746,81.11415275693355,13.517166731473768,18.824085933888796,0.44044811928744126,-26.732469693164962,93,100% Pure Floral Nectar
16.23161115376946,78.66653706518393,21.81379131911042,6.595390629463649,0.36517959488725005,-11.404785155221596,54,C4 Cane/Corn Syrup Adulteration
17.0,75.37227107708883,77.00357517642362,3.387013648164764,0.43611682491523807,-22.98775834650665,25,Acid-Inverted Sugar Syrup
19.75024091267985,78.47460773283453,45.55140121443556,14.627414497890275,0.33647294592957355,-16.491931079246022,39,C4 Cane/Corn Syrup Adulteration
16.823555833223235,82.51163809253055,2.0,15.760932357513852,0.49658208488738553,-27.092940719116484,94,100% Pure Floral Nectar
20.13542346092876,72.30872182081791,31.814617459977846,9.100297981373501,0.2556279132699323,-23.726901191638426,24,Industrial Rice Syrup Adulteration
22.690677383523486,75.59480939604295,88.58530386616667,3.9214708870795847,0.3542433995285625,-22.60818723033374,15,Acid-Inverted Sugar Syrup
22.180013684541137,75.54949804237016,42.0,0.8313497683661684,0.38952055057717505,-26.522264947011777,15,Acid-Inverted Sugar Syrup
18.07571122356345,82.52079315804485,2.673647509454543,18.55181342286939,0.46137299671107534,-26.759441854641835,85,100% Pure Floral Nectar
20.786994567136283,75.59197526706359,45.46170450925749,11.453963232908091,0.2097328767855221,-24.729719638781702,56,Industrial Rice Syrup Adulteration
17.0,71.72787965753355,42.0,5.041134375078998,0.5871371464702335,-26.20850396413377,26,Acid-Inverted Sugar Syrup
19.060506647349573,82.78046518653326,3.225336449236022,15.257120962717611,0.4895966605240332,-25.70944019733706,88,100% Pure Floral Nectar
16.9112275494992,79.92488452028084,31.252347076618058,9.381454484462509,0.31012197983516027,-25.40748240224285,39,Industrial Rice Syrup Adulteration
18.35066350612531,84.70889907609252,7.903177619642099,21.817788121284757,0.3343645328154639,-25.997806797724298,89,100% Pure Floral Nectar
20.33492430718744,79.20320604044302,20.30844444820497,11.316389348886174,0.42184797386806455,-13.85207720898685,60,C4 Cane/Corn Syrup Adulteration
17.0,75.66323087874231,70.07358820459339,6.627390376776656,0.31745341215711986,-26.079526333149605,20,Acid-Inverted Sugar Syrup
18.579629559861306,82.44523930085947,2.0,11.826444161911146,0.47160162285736257,-25.869354005678222,91,100% Pure Floral Nectar
19.49897257764737,76.9083937098854,59.44393199734823,5.9621329374004715,0.8977308535558548,-26.889566765542412,25,Acid-Inverted Sugar Syrup
21.51019722063169,71.3955423696418,53.1446306210845,2.938129497187317,0.6374578478253808,-25.743576810218666,39,Acid-Inverted Sugar Syrup
16.00397882221268,75.54778936075104,28.91412184050656,7.994104354882057,0.3029000579247022,-18.266667233734452,46,C4 Cane/Corn Syrup Adulteration
24.582284880078543,70.9870624770944,55.851852705893435,5.1484606781404985,0.327495077747439,-26.001112799020806,11,Acid-Inverted Sugar Syrup
22.01095916503161,71.87596252558825,56.04978657235253,4.754927666807232,0.44926118402236087,-26.26864560665138,19,Acid-Inverted Sugar Syrup
16.43062000972799,79.5,5.5824812191677315,13.215164808040557,0.310646393171645,-25.186591062431013,96,100% Pure Floral Nectar
20.47741273245252,79.5282264721005,47.348744227212705,6.753230902107101,0.24769935556170047,-23.794437389627078,42,Industrial Rice Syrup Adulteration
19.044351691888053,81.836209364283,2.0,9.0,0.44078371712504966,-25.58980463780432,88,100% Pure Floral Nectar
15.768090408722232,83.08340553378899,7.3282808504771335,19.166927554064706,0.4008805706988779,-26.853965140653255,97,100% Pure Floral Nectar
19.267708196565582,79.5,15.66330480897756,18.349999862076466,0.32016346703057624,-27.04618342896557,86,100% Pure Floral Nectar
16.611738456065797,83.69102574873594,7.176122776547073,12.667954521981645,0.5049213892832691,-26.47583371827121,95,100% Pure Floral Nectar
17.402842966335648,83.35796196936379,14.824406363594758,12.262520201878747,0.3059789445516246,-25.764935737959664,94,100% Pure Floral Nectar
16.412964762790377,79.6558846862017,27.541393501480897,14.681493786472672,0.279981267655912,-26.496997336378186,89,100% Pure Floral Nectar
17.614568387890404,83.46675946249415,2.0,18.24187823783686,0.3507189581149999,-26.300964732945726,91,100% Pure Floral Nectar
18.134065918866998,75.7308541760039,23.697787553563618,5.908439537140329,0.37440060631427996,-18.419274180302622,52,C4 Cane/Corn Syrup Adulteration
18.916369317798527,75.33674425642161,33.8782150134291,12.859552697307521,0.43505601940248195,-26.815381350027753,40,Industrial Rice Syrup Adulteration
18.218507293953806,80.5,18.472951992552375,5.830934259299463,0.2314950194417391,-24.540686160376755,39,Industrial Rice Syrup Adulteration
19.115646938646915,73.88662930609857,44.378909147677426,2.9386446116910916,0.38502603604152097,-25.140799931944258,41,Industrial Rice Syrup Adulteration
17.375314303707068,82.18985155792434,2.0,12.751526103422863,0.4839990036737217,-26.99431640245742,94,100% Pure Floral Nectar
17.860055699990394,82.36236784056352,8.936844587550567,14.166254581260699,0.5267116109710771,-25.67452986398908,94,100% Pure Floral Nectar
17.0,72.26611267392886,78.95949187625912,3.5086727357325787,0.4855610581515246,-24.942026258156325,28,Acid-Inverted Sugar Syrup
17.83824288091425,80.10649498617336,3.8186479548266066,19.68056638760796,0.18,-27.08251496945696,93,100% Pure Floral Nectar
14.346625650751005,82.16651950112912,12.196406982924103,16.584932108872188,0.3720892024864845,-26.459793182983145,97,100% Pure Floral Nectar
19.21819606892106,80.07619827682439,20.833745963687658,19.101047307501386,0.413614507647242,-26.977649012882,97,100% Pure Floral Nectar
17.408134440082957,82.55686125145634,23.903939389167874,15.565217714248337,0.3979213607876443,-26.177288470813078,88,100% Pure Floral Nectar
21.954170034611668,77.33861750682843,16.251552643022702,6.676818746881796,0.12360618871011594,-24.282495473118704,20,Industrial Rice Syrup Adulteration
16.660884807417155,80.66489439611593,12.335995051603355,16.853155480195316,0.35864886505565674,-25.601990699519448,94,100% Pure Floral Nectar
17.0,72.7086795921531,100.20240933636218,0.5154523912852222,0.6969197786535863,-27.5,30,Acid-Inverted Sugar Syrup
17.012009172939173,84.37212529023921,10.409087424909957,16.318136074919522,0.46873021318493147,-25.95960529121955,92,100% Pure Floral Nectar
20.779713208723408,77.66485557341996,35.47841330156523,4.0,0.33663402667375775,-11.0,49,C4 Cane/Corn Syrup Adulteration
19.28976399654333,80.93976678755229,23.08554871812143,16.67722199295067,0.47338298647179866,-25.57272019424057,94,100% Pure Floral Nectar
16.183958661585148,81.50959494058293,9.539526251787354,18.552067646547936,0.5116071695498364,-26.265465425378913,93,100% Pure Floral Nectar
18.274915378266503,71.38351966846531,54.525575331761004,9.90875114711746,0.11649379869390161,-24.913261491271623,26,Industrial Rice Syrup Adulteration
20.35524621331651,73.13919854805911,43.78559728789257,5.2167272127159325,0.24230375681760796,-22.930200373984466,60,Industrial Rice Syrup Adulteration
17.752540141752174,82.46828920358304,16.2009317343501,15.155335941283607,0.5846734696135889,-27.224905699051472,92,100% Pure Floral Nectar
22.430961545060295,74.4383155865753,36.43320691419228,6.1319468885645225,0.23128515590950965,-24.473769022648735,36,Industrial Rice Syrup Adulteration
17.73944433162037,79.5,4.54383474860229,19.19647802165755,0.2828468944340141,-27.529731018835292,100,100% Pure Floral Nectar
18.336284507280673,77.36160732363501,24.322414860208635,8.444196918004717,0.3532074327557187,-16.44831038472895,54,C4 Cane/Corn Syrup Adulteration
19.90966024700582,78.56500180152315,34.840135481217295,12.93238312141934,0.25588896666884337,-26.505959456091972,51,Industrial Rice Syrup Adulteration
16.599522557709538,75.36120488702751,15.622067220374253,12.586422454368218,0.3539981934230124,-16.259271238328388,51,C4 Cane/Corn Syrup Adulteration
17.334569087717377,79.85234769244722,7.141039866247333,17.536007354413773,0.4108921457904407,-25.89818432562638,99,100% Pure Floral Nectar
16.60309936531224,81.77342345227854,6.182250243041671,11.966701190127282,0.5177442551634389,-26.88558754472508,95,100% Pure Floral Nectar
22.211886988579806,71.11597275505277,56.117142295121525,3.319035973321617,0.8401137955427282,-24.41846106368797,24,Acid-Inverted Sugar Syrup
17.16614352300967,79.65750709630656,33.15956588072533,7.690040410585667,0.31151494511962147,-26.274184781422854,49,Industrial Rice Syrup Adulteration
16.09333576237656,79.60342487763029,10.679631746839787,13.922328408525125,0.4292836476340916,-25.59968700796899,98,100% Pure Floral Nectar
19.758931985909847,70.48472667761578,59.79662043198412,4.165957026242004,0.5135585835021543,-26.66751289845531,41,Acid-Inverted Sugar Syrup
19.516849746019517,76.94580621764298,39.5747106237369,8.265822337407176,0.4111008997560026,-24.598449324614144,40,Industrial Rice Syrup Adulteration
19.253433695738718,79.76561066515829,24.10585413636171,14.656872281117256,0.3310213254095187,-15.37761037694087,47,C4 Cane/Corn Syrup Adulteration
19.916119947937275,80.5,37.111864967043545,12.013433806447582,0.2961204597001087,-24.663647166514945,41,Industrial Rice Syrup Adulteration
21.68439582807636,76.23425648656286,32.681349953673504,11.279294529508725,0.3513144788559768,-18.255423783962094,43,C4 Cane/Corn Syrup Adulteration
20.620808422157307,77.71052074714987,25.404539346012108,13.657228235406164,0.44700859861773146,-15.043100511638567,64,C4 Cane/Corn Syrup Adulteration
16.855959710279677,80.50239861819385,2.0,17.79866489871145,0.3466181037553974,-26.631036914670798,97,100% Pure Floral Nectar
17.453997268159558,81.95139367147097,12.519575432007958,20.728633143329045,0.3781886459650087,-26.462807903429443,98,100% Pure Floral Nectar
21.98588292149224,71.86843450626303,77.14615187240699,0.8580969323680021,0.30397490031374785,-27.400238954907856,24,Acid-Inverted Sugar Syrup
19.0766306244324,81.52758680512655,7.406818215386947,20.511638145755967,0.5141141703916502,-26.94181795525382,100,100% Pure Floral Nectar
14.0,82.24682854114644,19.97499803951329,14.172793014576701,0.4302055032240218,-26.411164808883736,91,100% Pure Floral Nectar
21.13380817981865,80.5,31.200839573992358,10.349217533874128,0.3533799137642456,-24.408007035036203,44,Industrial Rice Syrup Adulteration
18.751956388620716,78.2300289346179,34.1097535733898,5.946647890855061,0.24041551573384468,-23.46179852716874,46,Industrial Rice Syrup Adulteration
18.307444725860265,81.02630162584553,32.55896729421028,18.084962232808333,0.18,-26.396440222710236,92,100% Pure Floral Nectar
16.954210476301096,83.07656112221142,6.387922999811412,15.328779472988845,0.43904199883424744,-25.986518368609065,95,100% Pure Floral Nectar
17.132619029751496,81.0,27.11109828741827,4.439957854719878,0.2534507809001964,-13.676739206430092,43,C4 Cane/Corn Syrup Adulteration
16.57926292361768,72.9929289323419,16.642110695614836,10.807784227677377,0.3142281336882063,-24.289046631143307,47,Industrial Rice Syrup Adulteration
16.54671289486273,75.62861047301621,44.26296585269112,10.352064356885473,0.11298272879543197,-22.9246120812275,55,Industrial Rice Syrup Adulteration
20.501606086765104,80.6167624534915,27.37208300498927,5.005121460042501,0.3978530830908397,-17.91495429523623,53,C4 Cane/Corn Syrup Adulteration
16.41951150098903,79.5,30.33832808096133,12.803254008184762,0.42240165660019324,-26.116914292150007,91,100% Pure Floral Nectar
18.081341417910533,81.84708894668408,11.042034126827248,12.630635174612632,0.43763907411462666,-26.18360326886564,100,100% Pure Floral Nectar
19.846814322524555,74.44363951276021,54.05572063309026,4.044950807103956,0.5168303001716921,-26.398177283529552,37,Acid-Inverted Sugar Syrup
17.0,70.15701965127792,42.0,4.670798378038834,0.3706412926290842,-25.87117242677513,36,Acid-Inverted Sugar Syrup
17.0,79.0,63.601155492398036,4.2507488913229965,0.748586777772024,-23.31636858743877,22,Acid-Inverted Sugar Syrup
17.423000226011318,77.73346694567849,10.0,11.938442862195693,0.28241195638920913,-12.588457957813329,66,C4 Cane/Corn Syrup Adulteration
15.912806072072675,81.86612101163298,15.979563409994284,26.020705840356197,0.48643528912298784,-25.578974004957963,98,100% Pure Floral Nectar
19.53594675258033,77.56244565304699,33.30475217072275,16.525503876685733,0.3493235406343509,-14.550721355558911,61,C4 Cane/Corn Syrup Adulteration
19.662068677873187,81.8250915783546,24.924723045736293,21.098631162388212,0.4618814722353695,-26.179997479164903,93,100% Pure Floral Nectar
17.61387428424593,82.3733512177216,7.7547438382789755,18.210207750503557,0.27942202440348163,-25.254726422582575,94,100% Pure Floral Nectar
17.629182058763828,78.75919924123889,33.340288758353054,7.966870427958943,0.38374010703246614,-15.392527541020472,48,C4 Cane/Corn Syrup Adulteration
20.98453917276971,73.66481124502025,99.32813278548007,5.217639478138316,0.3923053982240105,-26.77458327885894,14,Acid-Inverted Sugar Syrup
19.8,80.97775899736185,7.748388213410279,13.300024979058723,0.5064268820286489,-27.250880248435738,100,100% Pure Floral Nectar
17.12966664677121,80.39716195006105,9.056030627743546,11.847271613220368,0.3833629015777722,-26.3359639958157,95,100% Pure Floral Nectar
17.0,78.68542109923825,63.23641216807691,3.77525499016484,0.7515574290921274,-24.924971943368874,22,Acid-Inverted Sugar Syrup
15.65113103639156,81.65058102576008,17.624237902382784,9.738132083390962,0.4101750987370993,-26.93380700064793,99,100% Pure Floral Nectar
16.042367504344195,80.25414924260733,12.191028814244174,16.862755757161526,0.28980384150234273,-26.853890366271166,90,100% Pure Floral Nectar
18.336898409820442,79.39146036745849,32.462904239100915,12.550101160255977,0.49493091228686753,-14.981692693186446,55,C4 Cane/Corn Syrup Adulteration
17.609082289665096,75.47969464468858,66.27900597470544,5.115948947968915,0.3173541151874161,-25.639978302307917,41,Acid-Inverted Sugar Syrup
19.952714128073843,75.26610390327134,80.79847783847624,0.6099331448196765,0.7582444787200774,-27.5,14,Acid-Inverted Sugar Syrup
18.193232543994654,82.95652303197681,16.881305896850424,18.776541085202474,0.40496560526766745,-26.971629120874688,91,100% Pure Floral Nectar
16.45629998754936,83.78944927549945,19.223350392643983,26.816304370048023,0.636529299203811,-27.424170875874786,91,100% Pure Floral Nectar
18.938169139314137,71.66177889284646,46.13379132599109,7.976679531521236,0.3293723638734201,-25.905078837420454,38,Industrial Rice Syrup Adulteration
17.093929998850356,81.24652907352453,19.316519870405813,12.73932632857542,0.4443931465268955,-25.748291701591626,95,100% Pure Floral Nectar
18.98017713299182,81.66605126424126,2.0,10.85913154086498,0.45017924039303897,-26.404480526822194,87,100% Pure Floral Nectar
19.721056788418654,81.0,32.38164954530515,10.206939743495493,0.34601132476328983,-17.40930835298076,43,C4 Cane/Corn Syrup Adulteration
16.229932723085728,80.93912358641577,5.027448787182278,19.362121808983687,0.414146848259926,-26.21035506010479,89,100% Pure Floral Nectar
19.16391203531054,82.58593226465919,8.995504752258327,18.67033671974468,0.34475389854631794,-27.081842109842754,90,100% Pure Floral Nectar
16.894735746450674,80.90472594353685,2.0,13.699774861519163,0.2601449081668023,-26.22689831206058,99,100% Pure Floral Nectar
19.026070363635807,81.0,39.456077370949004,18.0,0.2909219422625773,-13.336431412920708,47,C4 Cane/Corn Syrup Adulteration
19.20896634709126,74.90304557561291,33.86296613797205,9.989954078743192,0.38583844563342534,-25.566745820963327,41,Industrial Rice Syrup Adulteration
18.711242549899687,79.54626124493102,39.45004259467688,7.5634963273249145,0.3089643992455443,-24.504919338238015,48,Industrial Rice Syrup Adulteration
19.205500450517743,75.62296180637483,17.529249263976013,7.63555028982219,0.28836780108911386,-16.456691259050626,60,C4 Cane/Corn Syrup Adulteration
15.4585914704522,81.38985491460402,10.326110534751194,10.38100014859116,0.6071018748578821,-26.345345600272807,93,100% Pure Floral Nectar
15.788679164715633,83.51890882034489,4.078692770956042,12.75069569464838,0.5288244641532341,-25.040777714563806,94,100% Pure Floral Nectar
16.963859289071262,73.6047310873529,43.37791180250771,11.980389031368581,0.34956515133728155,-14.649330674017513,51,C4 Cane/Corn Syrup Adulteration
17.71960422271983,80.02147160077831,14.937869307329319,15.919151031105944,0.28754897248772204,-25.67289047005956,91,100% Pure Floral Nectar
16.34209583332186,81.20502738835413,7.0352073854602,16.29953058959709,0.4571466776120582,-26.37980577364477,92,100% Pure Floral Nectar
17.94132622670895,73.19080604631426,27.669861776862362,5.663363967523564,0.2661045299591244,-25.567437786996397,24,Industrial Rice Syrup Adulteration
19.8,82.31894433602379,29.382157654766004,16.01867669607888,0.4904162220882786,-26.709033063719037,93,100% Pure Floral Nectar
22.00049095393119,79.0,53.895829430907966,3.8380711546807484,0.35116806138474366,-27.066156947143263,36,Acid-Inverted Sugar Syrup
16.434647881577828,82.65498383781821,26.066470504114797,19.52008238539335,0.3092427721951087,-26.832622451734238,97,100% Pure Floral Nectar
18.619323787393956,74.62785846526641,42.17949234636722,9.5393835078865,0.3649441152613717,-13.757146821243527,44,C4 Cane/Corn Syrup Adulteration
18.424144852997816,81.83113320883021,16.379264884269755,16.449524261955727,0.3867649086927401,-25.76408838404796,94,100% Pure Floral Nectar
18.29196644961528,73.66378008241449,26.713956846438812,11.86844338226782,0.4152938569024269,-23.898765401967083,31,Industrial Rice Syrup Adulteration
17.63092247644888,83.39293042240324,23.961569247305647,24.23501953553446,0.5148469291842563,-27.960702901878314,96,100% Pure Floral Nectar
17.171438051051357,78.51039650961805,10.0,8.619439565495144,0.29588309032144977,-14.749435590233894,24,C4 Cane/Corn Syrup Adulteration
16.350388750999954,82.87566945286464,3.395963331128409,21.202005215541675,0.4784775795663979,-27.084352786008363,93,100% Pure Floral Nectar
16.69464736785329,82.65337479152872,2.0,15.802546776337431,0.2554989546205193,-26.69391191359905,92,100% Pure Floral Nectar
18.417448288147924,85.0,2.2940778536530777,18.528041942423535,0.4662066201525401,-26.1818559908348,89,100% Pure Floral Nectar
17.572229521512867,82.60686056541483,2.6538978002436995,27.145217360612918,0.3084182461928819,-26.01459848440888,91,100% Pure Floral Nectar
20.289359280543277,76.52185491672442,52.584094056592775,8.691739059832512,0.378829328036771,-26.471375343596534,34,Industrial Rice Syrup Adulteration
19.50110076411328,73.31815232848274,67.23733045252015,5.707216345299462,0.4587649761537476,-26.638840461874402,41,Acid-Inverted Sugar Syrup
19.972777414759893,73.3723868116795,71.44166196570444,0.7989563528610288,0.36043822269046766,-27.5,25,Acid-Inverted Sugar Syrup
20.30533596539921,78.6059491036355,42.88586811997706,0.5,0.49442150385356803,-25.22692544202919,14,Acid-Inverted Sugar Syrup
17.9881569313668,81.88191664300973,4.369825890145513,11.308766492451998,0.47427292531782944,-26.025872025452042,94,100% Pure Floral Nectar
17.00748867820899,76.16435970279245,40.62753457754214,4.1881823975594905,0.3950764990530113,-25.22603889306696,25,Industrial Rice Syrup Adulteration
17.65383289348382,83.59497256996875,23.03619121427287,19.811912671894937,0.5619480587265029,-26.923055282554337,98,100% Pure Floral Nectar
22.793826757061836,72.44387463107991,83.5729067623356,0.5,0.5471739548991292,-24.215865109758717,25,Acid-Inverted Sugar Syrup
24.791885608993365,79.0,46.9062239168127,4.840738629610076,0.6862019192390578,-25.57644178894381,32,Acid-Inverted Sugar Syrup
15.825887888532868,80.33396143909803,9.572024608601769,22.644770713182393,0.46406397585304654,-24.96854284137828,97,100% Pure Floral Nectar
18.80074324952103,72.84729817078899,54.88094743469192,7.24189485818734,0.3612983515465802,-23.75210399912091,26,Acid-Inverted Sugar Syrup
19.381325113624094,79.5953100327085,32.84410336188672,12.56573039728427,0.527088220766044,-11.0,44,C4 Cane/Corn Syrup Adulteration
18.011008099441522,80.48062039930439,2.0,11.274676113965079,0.38332415342571835,-28.08136286076538,88,100% Pure Floral Nectar
20.235069132143078,72.9421733904956,41.665080008396465,3.9848804833404725,0.20878431392345076,-24.127682940370775,33,Industrial Rice Syrup Adulteration
19.8,79.57941031927072,17.98586411556457,15.119932876815298,0.2603221100375248,-25.95052456870097,90,100% Pure Floral Nectar
16.449877951726783,83.9811663602116,7.027741850745143,14.531090584665943,0.601353974893289,-27.345752120916046,93,100% Pure Floral Nectar
20.069072475059667,79.46602585344785,29.026712217623505,6.246515750343594,0.19804866617589154,-19.109773806854076,25,C4 Cane/Corn Syrup Adulteration
21.506900000746533,79.65466855143124,43.09423296406863,8.376756433469806,0.37346922205690414,-23.513791690435557,43,Industrial Rice Syrup Adulteration
18.570401271094514,82.53070081716864,2.0,13.130771157022528,0.5578817635262879,-26.11542050321331,90,100% Pure Floral Nectar
18.66331044954555,73.7785358252163,17.33254283640345,10.30861963688999,0.2138642128752296,-16.182980827765398,38,C4 Cane/Corn Syrup Adulteration
17.134735955975756,78.55849710758383,39.31796270374576,12.310786013200492,0.3851170142761731,-17.931716575691162,56,C4 Cane/Corn Syrup Adulteration
19.777033158496728,81.0,23.545481938743468,10.322019258001712,0.343248599247171,-14.24076871287884,48,C4 Cane/Corn Syrup Adulteration
20.86217810930885,79.0,74.00152258682502,5.204763247395881,0.8178285603221187,-24.095974136125047,21,Acid-Inverted Sugar Syrup
15.701881327143386,83.26155797122784,6.3967418851726485,12.87844623921357,0.47292430018209153,-26.537405532422035,94,100% Pure Floral Nectar
16.296892453186256,74.98285541532007,31.32932301852214,10.268857411158525,0.35230419567604876,-25.941774417084588,32,Industrial Rice Syrup Adulteration
23.403323187436953,75.06302948179764,81.40122495324505,5.197083396413514,0.4849588017218133,-27.05597458063123,41,Acid-Inverted Sugar Syrup
16.229926566635083,80.07950017112121,19.502728282879396,11.182499769774672,0.34905412569091515,-25.55332801920461,89,100% Pure Floral Nectar
15.951425553898153,78.76556570356152,19.175525886951885,11.666448977176083,0.36429221256899585,-13.371971238686326,48,C4 Cane/Corn Syrup Adulteration
16.947451645532627,81.47897712187931,3.4979516938676336,15.02753300335935,0.6727027613235992,-25.365839207558395,88,100% Pure Floral Nectar
18.338006966374543,79.95463918304647,2.0,15.265539879305525,0.43217075570875896,-25.820557349939655,90,100% Pure Floral Nectar
17.706290435066688,82.16042258759607,16.602714297192307,15.40502900279444,0.2184596648503916,-26.265654596474718,90,100% Pure Floral Nectar
19.999871335952033,74.80060905245364,28.407175215507763,12.27821337345249,0.29013958929206524,-23.006305383253736,62,Industrial Rice Syrup Adulteration
17.558441628039425,81.06744258210801,38.0,19.286081406205717,0.4020146359773398,-25.757843345365504,98,100% Pure Floral Nectar
20.396300023604223,73.3146243991779,32.47357147262672,13.573533811962925,0.4430085804791365,-19.98361942639917,47,C4 Cane/Corn Syrup Adulteration
20.192732415245246,80.5,22.290691845783503,14.0,0.21432787785151258,-26.40983668499176,43,Industrial Rice Syrup Adulteration
15.617714785456506,82.49590566138863,9.521974117355201,19.290818240676735,0.34616233415115505,-25.092938098973434,94,100% Pure Floral Nectar
16.616764468832596,75.88861195132671,33.8762337473959,11.208768602792368,0.422603879311036,-12.198357520538528,58,C4 Cane/Corn Syrup Adulteration
17.195275759624668,82.46079825942047,9.003525622912806,15.316424659383035,0.28433754527604466,-26.033420681034585,92,100% Pure Floral Nectar
17.324120627346012,82.77524167233376,8.518923458450269,22.642782287152244,0.5321174085204925,-26.542718428285898,92,100% Pure Floral Nectar
17.550689990484226,83.1471739127234,26.687528721028603,12.975982578355453,0.3828186118363112,-25.735519888702964,94,100% Pure Floral Nectar
17.890645061233243,81.96550100689296,8.735867311262929,19.090210049939877,0.45420416905192335,-25.98523529316739,91,100% Pure Floral Nectar
21.174294806727936,70.31894997135056,69.09358380286103,5.625092015655791,0.3533442774185961,-24.813248805861804,35,Acid-Inverted Sugar Syrup
20.28931490338401,77.57975737592048,29.65327758795593,6.221394280115174,0.3509526377219802,-13.911402244383204,49,C4 Cane/Corn Syrup Adulteration
18.75357977873871,82.72476563782328,5.166841927286925,15.160324277600845,0.35414339726673977,-25.990857847946774,97,100% Pure Floral Nectar
20.710326269238923,76.44894970125148,60.127074251094825,5.922111034793201,0.7309935112547424,-25.30781977250444,22,Acid-Inverted Sugar Syrup
15.534823349985741,82.44037736884283,3.5769143057260537,18.491196031220447,0.5104321330991777,-25.15075507513516,90,100% Pure Floral Nectar
16.144769369899514,81.13445291528423,19.513185661115905,19.197744442959504,0.5874122287802757,-27.456026618065795,94,100% Pure Floral Nectar
15.435769328758386,80.40914082081817,38.0,14.937210364162762,0.3677768001362648,-26.343500391291485,94,100% Pure Floral Nectar
18.42124889140895,81.3523034521968,6.929392007264247,16.99825343376556,0.4069660014073989,-26.061949038375687,90,100% Pure Floral Nectar
17.45738936265517,79.82478080252416,13.116612681174391,21.123549271492198,0.44012176001390874,-26.118973199062918,96,100% Pure Floral Nectar
18.086104544857715,81.48737543811676,8.812149366014436,17.187310223633244,0.5802135201364916,-26.454026193279585,90,100% Pure Floral Nectar
15.05019902751005,81.00372396251353,38.0,16.502127970890843,0.3073136227557635,-26.769440313161798,89,100% Pure Floral Nectar
24.020016807536578,76.75419546991228,42.0,6.449338076732104,0.5255359242142225,-24.218053474485746,41,Acid-Inverted Sugar Syrup
19.821638493113554,79.0,72.15601860806842,3.4305302687861996,0.6773584151863611,-24.52460441841305,38,Acid-Inverted Sugar Syrup
19.8,82.60954488552939,18.387084862014447,24.294738384423958,0.5247679279598519,-26.068868309013396,98,100% Pure Floral Nectar
18.96318806536336,75.49382684095293,52.38305516151506,2.8208457493366046,0.3872827087168935,-23.749970597607728,55,Industrial Rice Syrup Adulteration
23.363623696549936,73.62737957100099,63.81346260840675,4.904561426593772,0.45943735011477205,-24.41657243346198,42,Acid-Inverted Sugar Syrup
17.31456110196659,83.73057304778226,18.198028567074562,16.302571870577044,0.3719931079340969,-25.797894442889216,96,100% Pure Floral Nectar
20.183277441022444,80.5,41.31483021198599,8.623314841837121,0.3739577600987766,-23.0130019239686,45,Industrial Rice Syrup Adulteration
18.404662883703644,82.16269479759136,2.0,16.06228435064938,0.18,-26.926903469332146,88,100% Pure Floral Nectar
23.323631423786185,68.8123776291346,47.70405497280447,4.301832791271432,0.8540483134300074,-25.856673971407755,33,Acid-Inverted Sugar Syrup
23.490739218911187,76.5602574709109,68.52233722506566,2.425299838093875,0.6270112181481264,-24.807430750972316,19,Acid-Inverted Sugar Syrup
18.096671713281154,81.80177591149966,6.8594277855319135,14.634935427313604,0.3162993504991242,-25.38549530011732,92,100% Pure Floral Nectar
16.2306106281766,79.5,3.7105310007979058,20.748148526363178,0.4716887920778221,-26.58935371286732,96,100% Pure Floral Nectar
15.0,81.0,33.75131069762679,6.373998841303919,0.4445667447884911,-16.381660092577626,68,C4 Cane/Corn Syrup Adulteration
19.591632225047707,76.22787618458023,85.26512525171583,5.0158959338280535,0.5088009803565244,-26.184876125043207,41,Acid-Inverted Sugar Syrup
17.714574865967524,75.31596300331303,87.61284441222773,0.587847262189225,0.5347351058509354,-27.5,39,Acid-Inverted Sugar Syrup
19.45562369253877,81.0,34.63855813993351,8.707985098955705,0.15,-18.78012599529046,56,C4 Cane/Corn Syrup Adulteration
18.144747289033244,80.66433761242634,18.482670497313542,9.496839756258833,0.49052338822413744,-26.083066188506354,95,100% Pure Floral Nectar
16.780452692790497,81.24949766927324,13.647613668765036,9.0,0.564998794313668,-26.671401806544097,93,100% Pure Floral Nectar
15.84431776319091,81.699003179022,8.481357178135124,24.132197441730458,0.2405762895236213,-27.141538481092375,95,100% Pure Floral Nectar
18.35805654865043,80.59610362023514,2.0,11.32423519075192,0.553281322086491,-25.447273847347034,91,100% Pure Floral Nectar
19.533617586060444,77.04397101371073,26.441406132455754,6.3004556122591655,0.3038372910791456,-22.5,44,Industrial Rice Syrup Adulteration
17.728096625090327,82.53997379850696,4.6968924822854,18.04694345691556,0.6122391185536096,-26.937254925671667,95,100% Pure Floral Nectar
18.094182042833477,76.6370855292774,19.76054335750566,4.0,0.47411183724953737,-20.13308687136902,52,C4 Cane/Corn Syrup Adulteration
16.192218108247406,79.5,20.076032187559996,20.324361952100908,0.18,-26.795012062067435,89,100% Pure Floral Nectar
17.98165767753041,83.3962113230724,12.566384607215394,17.20285783189993,0.4053915295459649,-26.614615152274865,88,100% Pure Floral Nectar
17.310089266442525,82.75278543622281,3.656044517894812,16.1343934042458,0.3041198503383323,-25.988515414693946,92,100% Pure Floral Nectar
15.384435272861815,82.88836833346821,9.50573957855373,15.72125659788189,0.44672592751211576,-26.375681136522683,94,100% Pure Floral Nectar
18.093748695851737,81.87372675461305,8.290222371641754,12.878001481930651,0.5405794979379884,-25.584866907064995,95,100% Pure Floral Nectar
18.453171966685197,71.6806365575426,100.31106141495064,1.098759731699345,0.4922143461123173,-23.906597354096125,21,Acid-Inverted Sugar Syrup
16.885513590004166,80.65433050195865,6.201090611180952,15.639195604945215,0.4926652779102699,-26.60264305630353,96,100% Pure Floral Nectar
22.51126860216327,79.0,43.34688562796751,1.6693455210544346,0.4035911221197216,-25.75479837417808,40,Acid-Inverted Sugar Syrup
16.1052046273994,80.44574217801512,39.015469852709295,11.407155323188734,0.33417851891822914,-15.57194774350406,43,C4 Cane/Corn Syrup Adulteration
16.839672847607318,83.17955761901916,11.192463357276543,18.920250700211344,0.6341470666624303,-25.243852735919884,96,100% Pure Floral Nectar
21.203425999084143,80.5,41.15882459636068,9.311985802696901,0.24040836443416636,-23.422058524256066,45,Industrial Rice Syrup Adulteration
16.0394069847091,82.34168460205746,6.0258661518943795,12.768325910598563,0.5211328836118833,-26.329484934315058,98,100% Pure Floral Nectar
16.761058439358642,80.81673794609425,3.1728306007456393,18.95762695459085,0.3645629282434459,-25.73741603059825,93,100% Pure Floral Nectar
17.012375966657913,83.87197693570712,4.949332505928089,12.704480696530613,0.4673572900027999,-25.88344555161649,90,100% Pure Floral Nectar
15.46705830164241,83.2023290328047,8.403755306665214,12.224248254596652,0.5383138059977666,-26.421812255361033,95,100% Pure Floral Nectar
18.13705577428904,80.5,35.23990784065808,5.184289242859574,0.38589964391403997,-26.581309474074743,47,Industrial Rice Syrup Adulteration
16.351794850937548,84.93573960759147,16.99093106355295,21.32633449596861,0.4164590881657114,-26.598155351518773,91,100% Pure Floral Nectar
17.51543903685637,78.17670157122532,30.77061992939326,10.379034843964867,0.29635050736562224,-23.707487820867282,57,Industrial Rice Syrup Adulteration
17.09141086103159,80.69944894879382,33.66489712147671,6.83674879376087,0.47531514008522796,-17.50603830461786,46,C4 Cane/Corn Syrup Adulteration
18.455575042211745,80.51368253643602,9.557669825810853,20.749684919813888,0.4481064496319472,-26.584946499496056,97,100% Pure Floral Nectar
18.535242621953707,77.05166218986858,27.817490447616617,11.297931630513684,0.49099875116161396,-11.0,25,C4 Cane/Corn Syrup Adulteration
20.713402870215265,73.93816452964967,34.46429260064397,6.381074728345129,0.21140336722351694,-26.170405442375625,22,Industrial Rice Syrup Adulteration
17.771748475622516,70.93009106503968,47.121232091756625,9.059601326853938,0.34292565147119997,-26.397412156862746,47,Industrial Rice Syrup Adulteration
19.63868518366307,78.17928249507432,81.03953355196919,2.112198164601252,0.42058850210696963,-23.738159878480158,46,Acid-Inverted Sugar Syrup
21.64820161891226,74.04838918901184,41.44648949116316,8.680602933677758,0.23654614268185414,-24.070906996590676,45,Industrial Rice Syrup Adulteration
15.955062840480345,81.96466782483718,2.0,15.357836315776055,0.6223208339724533,-27.182310229836325,94,100% Pure Floral Nectar
16.932561132359762,83.10693921828957,2.7451636916268427,16.77234050474493,0.5159095749020695,-27.18184365833851,95,100% Pure Floral Nectar
19.29586263773866,71.11288698536997,53.08594373799353,6.091224305497546,0.5726213152937533,-23.693409658596483,32,Acid-Inverted Sugar Syrup
17.570245347887813,78.0394658286555,27.318876003669693,9.589242201213892,0.19489975769172582,-25.7807163837901,27,Industrial Rice Syrup Adulteration
19.456819366687554,78.18401919985054,14.526201619758751,11.284736820175508,0.30394444268453846,-14.898762929327441,52,C4 Cane/Corn Syrup Adulteration
24.964261957034658,70.18694297834116,42.0,5.871285318744579,0.35961395255300566,-27.387226264418842,48,Acid-Inverted Sugar Syrup
22.758700563837607,79.0,81.59132717234394,2.0386781920748747,0.4667781050793456,-24.806133210153835,31,Acid-Inverted Sugar Syrup
16.788446273270143,80.93798266024625,24.905900554066193,21.736302468916573,0.5059092499354572,-26.415540156404727,91,100% Pure Floral Nectar
16.511709340115132,81.82321439882024,2.0,13.234282998894638,0.39262183808541185,-26.625111379097994,87,100% Pure Floral Nectar
21.96519900344701,78.22432526794775,68.69561261872244,5.72954657798673,0.8652072060401563,-25.827400762288672,46,Acid-Inverted Sugar Syrup
16.209262748133707,80.66044677816151,38.0,21.023804943735232,0.303457215703441,-26.9661558828915,99,100% Pure Floral Nectar
15.990412922448257,81.70239364503138,3.949771691667234,15.357437430314006,0.31664542771369186,-25.71080110782996,99,100% Pure Floral Nectar
17.57677771774315,81.93253211282895,2.0,15.912176741688691,0.5993677208723165,-24.5,99,100% Pure Floral Nectar
16.871578013274792,82.72777165647221,17.227465177436677,15.051676752641008,0.4030620393188633,-27.06276006592693,90,100% Pure Floral Nectar
19.64630847708178,83.17302251349442,3.152535648119099,19.124663379524822,0.36321802724314634,-25.431859820992877,97,100% Pure Floral Nectar
17.92472262865677,80.20776242903459,22.962154252605412,23.522814595601098,0.47900875689074646,-25.127204907380023,94,100% Pure Floral Nectar
20.67853498158049,75.05426710085712,37.33122056942204,4.46896351625223,0.23464006658583625,-24.565765623067097,30,Industrial Rice Syrup Adulteration
21.248977188922975,71.03320238340132,52.02834142209541,1.663927427450976,0.7865083301655995,-23.04612697394188,32,Acid-Inverted Sugar Syrup
16.906946851987385,82.83360989938328,9.67384760933805,12.072232400131904,0.6005055480822276,-26.329527147830746,90,100% Pure Floral Nectar
17.491375932991367,77.30748877637247,22.222726707826435,10.956398227067405,0.27706581410369374,-16.94956572832219,60,C4 Cane/Corn Syrup Adulteration
21.824825195644515,80.18015025519836,18.158463066428205,6.641694060179904,0.3315219167357207,-16.103921328263272,42,C4 Cane/Corn Syrup Adulteration
16.279291678116646,78.63938412922022,28.92986173834054,6.946962717045966,0.3986533302779364,-12.377298374578391,30,C4 Cane/Corn Syrup Adulteration
16.36607418833911,82.3229686409767,14.081363521305686,17.457614292567328,0.33069079596533146,-25.749804127764843,98,100% Pure Floral Nectar
17.894865113388295,74.57303580116412,30.3123245469482,3.5337741798668887,0.28109347660327316,-25.179174226296155,41,Industrial Rice Syrup Adulteration
19.8,81.03614287009151,19.56237783608786,24.752850136107085,0.35366990555204136,-27.17829549466482,92,100% Pure Floral Nectar
18.144775966080484,75.49605852409816,48.426567688517785,7.512752360723687,0.37205932007282877,-25.522463480436848,51,Industrial Rice Syrup Adulteration
18.7832762562713,81.0,18.4452866830458,7.492757057814741,0.33101648719365373,-12.214547816856411,49,C4 Cane/Corn Syrup Adulteration
19.405426933846382,79.69140105263615,38.16430500405491,3.4524294163889797,0.20342795194397323,-24.09841927951307,40,Industrial Rice Syrup Adulteration
19.45028380642799,81.3639284458211,2.0,12.64079075732793,0.4314729052935093,-26.931756232583364,97,100% Pure Floral Nectar
17.513729474534582,80.95859251856767,8.714190417641202,17.612749605629396,0.5323656161539947,-26.426524982256282,94,100% Pure Floral Nectar
17.72626381344929,77.34593400469339,31.50056408738431,6.880003713524053,0.2669009706181455,-22.884750758572373,25,Industrial Rice Syrup Adulteration
16.546906469080522,83.03424287184602,2.082002690722233,12.207263654619961,0.38639709204938766,-25.504270116575576,87,100% Pure Floral Nectar
17.207341179605457,82.11277077048527,21.946662313225936,16.699338070179888,0.4208820809903639,-28.035167533161005,89,100% Pure Floral Nectar
16.92356513683748,73.82442278885574,31.307047741317056,3.0625372431360125,0.1793896381297807,-25.04179027989605,44,Industrial Rice Syrup Adulteration
23.52035475647847,76.93352883492142,75.66142564644662,5.103531334871757,0.5393904258858918,-22.551439277240156,34,Acid-Inverted Sugar Syrup
17.540675229051768,79.75355082204834,10.80813251154417,10.661183376548255,0.5103856135699388,-27.74110831841591,91,100% Pure Floral Nectar
16.290328682412426,80.70481323101953,26.845630401210244,17.801313340872227,0.7071614753720143,-26.75754403433313,90,100% Pure Floral Nectar
15.222774818130592,82.68278527985747,6.967137786482727,10.958790167488749,0.40072160563607107,-26.221270279778466,92,100% Pure Floral Nectar
18.151436848508546,81.73756876899593,14.126564843733817,15.747372899768155,0.5240873391597571,-27.65789415309558,88,100% Pure Floral Nectar
21.018028290998366,76.92708987477279,44.70350951071872,12.075073779585937,0.14836191303712684,-24.728354672753156,38,Industrial Rice Syrup Adulteration
14.0,81.57256554089513,8.553723096020288,16.38846353196036,0.5766699258972627,-27.097231458118923,97,100% Pure Floral Nectar
16.520491033039253,80.62351446290887,34.60917153866599,15.489503718056902,0.48664786327820875,-27.088414834434577,92,100% Pure Floral Nectar
18.210294768129074,71.4859138529445,72.23720450937043,3.9337166995072335,0.7595969462870397,-24.214072486958877,25,Acid-Inverted Sugar Syrup
20.61623746581104,74.22025801832216,34.91439903210226,6.2073702198496985,0.12959939181052407,-24.294183623412245,38,Industrial Rice Syrup Adulteration
21.29141496373501,78.68651899615256,25.780411925192197,5.711867317508333,0.3114710596388789,-13.090688174857846,52,C4 Cane/Corn Syrup Adulteration
16.843061889024824,82.21403168839028,3.442201631217691,13.134460900775618,0.3585007930942917,-26.259253106978026,90,100% Pure Floral Nectar
18.02482298654819,72.49647278366362,40.67495498713356,5.52729174123219,0.2128225954307723,-25.11438169900896,22,Industrial Rice Syrup Adulteration
17.547508820820468,79.73038779967344,2.7874606965749074,11.899178018809174,0.18,-26.402738756506555,95,100% Pure Floral Nectar
18.09327154201706,83.12338468570523,4.669287796719056,17.021897033347397,0.32050278174679137,-25.33557936876575,91,100% Pure Floral Nectar
26.0,77.68353023222792,46.45754319236796,4.956326139697305,0.519479230210407,-25.994228335747938,30,Acid-Inverted Sugar Syrup
19.83787760486787,74.4753739202503,31.4772287058437,3.4040663281130286,0.13170138041326573,-24.286827587268448,23,Industrial Rice Syrup Adulteration
20.608671228033405,75.41290813230795,19.689025074163002,7.141295883588089,0.2765967769259375,-24.70834041237527,51,Industrial Rice Syrup Adulteration
15.637626468306227,77.22243420558611,19.44072685467033,4.330910407231545,0.2936196535695623,-21.0,38,C4 Cane/Corn Syrup Adulteration
20.090534424964407,80.35354589969064,26.196106635183046,10.294482409658599,0.33117824159809933,-18.92221570754748,50,C4 Cane/Corn Syrup Adulteration
19.05234587890246,70.46400009568167,40.56811023975756,9.783731351053156,0.24197161893405988,-25.5866988695696,24,Industrial Rice Syrup Adulteration
16.853473910227894,79.83448986997477,8.115816479463785,15.013605785439198,0.6123413096613564,-26.182116810232746,94,100% Pure Floral Nectar
18.132293952876246,80.74929704699613,11.14463622360269,13.336588837451123,0.2165978648429631,-26.1246351588712,97,100% Pure Floral Nectar
16.75151376852795,80.97169188340925,3.8925750771920384,13.751959932448306,0.37259197126473487,-25.77828987477959,94,100% Pure Floral Nectar
17.37173844239271,81.24773647128032,2.0,19.71203852875996,0.3925967048810833,-26.195574994788362,94,100% Pure Floral Nectar
16.044425258029463,83.14684923965441,8.130041972492883,17.57128847885399,0.44313585510075226,-26.873421104504153,94,100% Pure Floral Nectar
16.033721520198938,81.22238524279588,20.96176222508829,15.265980646688499,0.6481066547524421,-27.167208433509735,97,100% Pure Floral Nectar
19.19952623771968,74.04300427957943,58.45298965121207,11.228403231200492,0.17897259822685457,-24.961588351736893,52,Industrial Rice Syrup Adulteration
17.376975957111018,77.80873837849786,27.14048196130432,11.806902550904642,0.4222980513097824,-14.22278269184065,40,C4 Cane/Corn Syrup Adulteration
19.8,80.26788967197565,5.701570926735631,15.037790310304532,0.44676243635545954,-24.949181021466234,96,100% Pure Floral Nectar
18.549596303955216,74.16979137525855,34.562437456228174,3.2611061520407496,0.5,-24.918604983977975,53,Industrial Rice Syrup Adulteration
20.06471585658289,76.4489375303914,81.49716002344455,4.2315074174985945,0.5722336987043951,-23.244830549841293,31,Acid-Inverted Sugar Syrup
20.695027824158533,80.5,42.11718399281575,6.205143321748406,0.31848294504754526,-23.99980875838323,46,Industrial Rice Syrup Adulteration
17.972601868253843,75.5390555894051,18.156191534581993,10.87240584504638,0.3802570334935783,-13.977391457000142,58,C4 Cane/Corn Syrup Adulteration
18.595951420911195,76.61050742660362,39.11235732261143,7.931309632166855,0.343312664598805,-26.340084185973467,47,Industrial Rice Syrup Adulteration
16.265108620943558,82.40924491418409,22.666068446488183,17.363838445928124,0.3981309810985753,-25.28641526625112,91,100% Pure Floral Nectar
18.46550877752067,79.5,7.020925896663622,18.11846167498536,0.2674458901063077,-26.868144767146784,90,100% Pure Floral Nectar
15.831422657282028,82.47903030057762,2.0,15.0296681029202,0.4296434791155636,-26.15262434177873,95,100% Pure Floral Nectar
18.03321983561168,80.3534907364224,2.2191032580262395,21.744527967700357,0.18,-26.82395894345744,90,100% Pure Floral Nectar
20.640595069638557,70.09503308134745,73.41663986613582,1.1445956208701884,0.4825400806632232,-24.598354872989034,48,Acid-Inverted Sugar Syrup
24.073871811256836,74.43796333855701,75.38935504472727,6.4244141513905895,0.5746897074470346,-23.680946293476598,34,Acid-Inverted Sugar Syrup
18.439822095401635,76.30877004799738,30.464790051188288,11.058341866251116,0.2676243728958667,-24.20016606743256,26,Industrial Rice Syrup Adulteration
22.084901646277185,73.79368222163747,27.17734794944567,6.523208930488866,0.3184027614635686,-15.456069505130259,38,C4 Cane/Corn Syrup Adulteration
16.868453950563985,80.96088298197975,23.3162873243673,18.893010154753206,0.4757184672991998,-26.610569891262386,94,100% Pure Floral Nectar
18.39633531789326,80.51072055218528,34.237153400849905,10.329112198234125,0.3102415517609124,-26.365491802347986,94,100% Pure Floral Nectar
18.4462777755747,79.67087178987052,27.3357441635741,14.29318385588549,0.415559028711212,-25.730415376748912,91,100% Pure Floral Nectar
17.92708511993764,79.9546681548708,6.54366719916583,28.499530875568333,0.4835159920732403,-26.138048285638263,96,100% Pure Floral Nectar
19.51110718818165,76.65151467145886,40.595385255914216,10.22519155818478,0.20402826896971282,-26.926878813029944,50,Industrial Rice Syrup Adulteration
15.028738248289962,78.71490179052272,38.99245240927985,9.626481980640097,0.4531130434680523,-14.485393052668435,49,C4 Cane/Corn Syrup Adulteration
18.310458655989738,75.36209967578544,18.672639976344314,12.420339698295493,0.3597608141127748,-13.159328296619536,58,C4 Cane/Corn Syrup Adulteration
16.418377544475558,81.49007139231206,7.065849962068436,10.506532190505897,0.5035427658991495,-24.58179395483734,89,100% Pure Floral Nectar
17.891642260795834,82.53643459997168,6.824077948169117,16.909488210719662,0.5740896331850744,-26.62047228871832,100,100% Pure Floral Nectar
20.387122126301012,74.73110243193501,74.1435511530896,6.6907534582431945,0.6591238430090461,-27.5,15,Acid-Inverted Sugar Syrup
18.180433831172586,81.76435363330606,18.720039530811047,16.74474858524138,0.34706280239644105,-26.568491800293117,96,100% Pure Floral Nectar
18.495122666497927,77.968507812122,24.618332715628142,8.379086839487389,0.18897645349852232,-26.22886814703659,38,Industrial Rice Syrup Adulteration
22.29467516013527,73.81483046086586,82.68510258628683,7.699571299319436,0.5576831638221833,-27.5,15,Acid-Inverted Sugar Syrup
20.45406998197182,74.66089925011589,85.6124001833175,1.194041661430354,0.5464210255899735,-26.649920674335064,46,Acid-Inverted Sugar Syrup
19.8,82.36059234621814,7.267587100375175,17.185159195082512,0.6219177112815957,-28.021511399849242,99,100% Pure Floral Nectar
17.559347429777297,76.77885542907111,34.119277156478226,6.196017602289082,0.3600435165975324,-22.91564924207074,29,Industrial Rice Syrup Adulteration
17.040877843704816,80.41309153412494,19.5588996245411,14.933503223332234,0.3261370285128177,-14.021633090855351,32,C4 Cane/Corn Syrup Adulteration
16.758623057503517,82.97699519559319,6.369325721900914,17.160999391968684,0.40433094512457946,-26.445078278437293,99,100% Pure Floral Nectar
16.947328120973122,81.88938230375119,9.114469112938165,14.805977807458095,0.26623020242663686,-27.802063889705632,96,100% Pure Floral Nectar
19.260126962775004,75.91845259673238,33.282884836245906,9.381277903377125,0.19883113385573076,-25.01678394078149,51,Industrial Rice Syrup Adulteration
17.46669955169069,83.69481063231387,34.230172324645665,22.454047887412386,0.33026578747608215,-25.64741547571277,93,100% Pure Floral Nectar
17.848603942165347,80.21187518923388,8.023759927934872,14.435834298569919,0.47610898949785885,-26.565223933109227,95,100% Pure Floral Nectar
16.77478355971267,81.36589603509073,3.532511559607241,16.535702347388227,0.45955602393693495,-26.51299952862297,90,100% Pure Floral Nectar
17.667846984142855,82.54872067541096,12.554980065134979,15.638683625848802,0.2676092295206943,-25.85299975637413,91,100% Pure Floral Nectar
18.40735086133586,81.56447155410304,2.0,15.681524502331708,0.3509629669917848,-25.950862337291152,95,100% Pure Floral Nectar
18.08861005598648,82.86603147526964,3.692434009967996,17.31954132954775,0.30088091814581025,-27.63778445665104,94,100% Pure Floral Nectar
18.213060539391204,78.13988043725044,25.61700701371069,18.0,0.49183968685148627,-14.30056487437712,37,C4 Cane/Corn Syrup Adulteration
17.431475954655625,78.50252310799704,38.23340621878553,11.551041279741241,0.2646213619971959,-12.89054681846514,44,C4 Cane/Corn Syrup Adulteration
20.158192658617892,68.0,42.0,2.597667441212116,0.7560449907767771,-27.43523016957556,49,Acid-Inverted Sugar Syrup
15.962599589318414,82.94033924617813,2.0,20.02645950477641,0.27780576705287097,-25.35541484336746,94,100% Pure Floral Nectar
16.942423329106248,82.73238013307818,6.783489440379384,15.17940521842834,0.2627225058834753,-26.799052737429257,91,100% Pure Floral Nectar
20.714621067878685,75.6830186016835,40.23464522953361,4.39311616794579,0.2294471395389262,-15.295517404608544,50,C4 Cane/Corn Syrup Adulteration
16.196448751156073,80.8574205875502,26.39282120446012,12.284068889304365,0.5193189011682238,-26.759988280099446,96,100% Pure Floral Nectar
19.174642803284904,82.56264166528089,4.816496402396042,19.55878177982192,0.2604713876009902,-27.310514549271133,92,100% Pure Floral Nectar
19.458095273813676,74.82687755505457,17.81452335191631,7.783394517347811,0.3853617579584473,-22.5,24,Industrial Rice Syrup Adulteration
20.061308053471546,78.36728213858329,43.04688402953591,5.194181124033041,0.4307791643829741,-22.917396262238285,42,Industrial Rice Syrup Adulteration
17.164224300611977,84.13951350194822,9.693803293381807,17.61024154718784,0.27344431384737294,-25.42425282862125,99,100% Pure Floral Nectar
17.727944165140162,75.49285813083482,27.2444795937516,10.851676671446498,0.22836182578810976,-23.445353008823904,40,Industrial Rice Syrup Adulteration
16.696991072898115,81.54060163923222,38.0,11.503461075263235,0.5227257713730615,-26.19889239907564,94,100% Pure Floral Nectar
18.070897986428466,81.6320516678982,28.636150372941287,21.329914377838335,0.4137062760421057,-27.32486361636458,88,100% Pure Floral Nectar
18.21868136109177,81.61843096658858,31.556519648158037,20.47274891383256,0.20482157970550194,-26.900881093830968,94,100% Pure Floral Nectar
20.285425301708642,72.79196793388847,42.0,7.103427414984749,0.41189449904699943,-22.679907712796624,38,Acid-Inverted Sugar Syrup
16.070318903045052,80.5,28.472299867733707,7.453300504342534,0.22423241193898513,-26.565492435085066,52,Industrial Rice Syrup Adulteration
14.580891310563802,82.15894345084493,3.2303744384921744,18.882132841410282,0.3748886105434372,-25.627077390419426,95,100% Pure Floral Nectar
17.901284062674133,80.52710869129459,3.9971170987794116,20.22836891916734,0.3802200734040583,-25.777741996084874,95,100% Pure Floral Nectar
16.99353504667076,77.48767295339206,40.65403326061986,11.44557400431229,0.40261488251233457,-17.90618711608759,35,C4 Cane/Corn Syrup Adulteration
16.292249500316405,76.81925796823414,31.631719571977033,10.34352587356252,0.3963087283557126,-24.22377350591355,38,Industrial Rice Syrup Adulteration
14.899535664384166,82.32092450685931,38.0,20.171330711271985,0.23818620765006232,-25.92672887044506,95,100% Pure Floral Nectar
15.476789956992462,81.37177425456193,16.2407144959709,15.338596718854177,0.4349596072089068,-26.62540837943218,98,100% Pure Floral Nectar
17.0,79.0,72.84116397878164,5.724267507280491,0.6919066705546709,-23.753724848143218,26,Acid-Inverted Sugar Syrup
24.713581890578855,75.2260767607608,55.653808805890314,6.055089189184227,0.7006097215414566,-25.75535039171379,17,Acid-Inverted Sugar Syrup
16.549834032766856,84.39006022345738,20.046935368964224,15.666233180306133,0.46532541121366,-25.610398161658942,96,100% Pure Floral Nectar
22.312567578141685,73.86447799866176,73.33889459984626,4.191653948930502,0.41883879588334455,-26.956146520038907,33,Acid-Inverted Sugar Syrup
16.01425411235434,82.18964832669815,4.762221008258028,11.382214483961349,0.4129288374572338,-25.08133227817064,97,100% Pure Floral Nectar
20.558967499399344,76.22455984878722,25.477010009004022,7.725972738930521,0.1851452967004873,-22.5,50,Industrial Rice Syrup Adulteration
18.306520654472394,79.5,3.632739149810984,16.309693724345426,0.5009097970109718,-26.828339136849273,98,100% Pure Floral Nectar
17.247813384483234,82.91827149612926,10.009661711958698,16.39371622494947,0.43287430393158943,-26.015231130558362,92,100% Pure Floral Nectar
17.788132286632578,83.58981173464673,2.0,16.386745628964526,0.40823627144642544,-26.15843966978944,91,100% Pure Floral Nectar
17.49957187502791,83.43764903069655,6.430580059874346,11.768805350684818,0.43476224082321063,-26.989055221238072,93,100% Pure Floral Nectar
21.225481653997925,76.07194152084219,19.456990184546733,12.7953901624986,0.29842159324801,-14.141511554043108,60,C4 Cane/Corn Syrup Adulteration
18.849846934883928,80.60459708106849,26.84214080865171,11.720709550421784,0.24433617852944778,-15.237648451692902,37,C4 Cane/Corn Syrup Adulteration
19.156137883507483,75.59020286826897,46.84053399047437,3.7950299532961234,0.3153524363228669,-25.698895038211543,50,Industrial Rice Syrup Adulteration
18.65255592196106,83.81477318365887,33.16578459976358,18.249579469402732,0.4221398705435709,-25.959742623212467,98,100% Pure Floral Nectar
15.749358635881958,81.0,22.603035805146476,7.637943102576077,0.2327793382144387,-15.641810244028244,42,C4 Cane/Corn Syrup Adulteration
17.912215032521907,82.84372854108268,2.0,17.854367817430628,0.48108541737565724,-26.94561934087656,96,100% Pure Floral Nectar
21.36893699546808,78.36112776672994,54.75658003469582,4.671439462141435,0.25,-25.975379229535463,34,Acid-Inverted Sugar Syrup
17.11224926381756,81.03576706783359,7.86208143435662,15.480198563277954,0.5267828342142593,-27.703059352461437,92,100% Pure Floral Nectar
18.932713069182576,77.08580815024648,26.561613179957636,12.831947319099893,0.3571103857317345,-18.510232599964354,68,C4 Cane/Corn Syrup Adulteration
17.0,68.0,107.87937258256113,4.6647099383867845,0.4707456581476313,-22.0,43,Acid-Inverted Sugar Syrup
17.339065227600916,83.84722987161625,2.0,23.104342943469376,0.42486275307804117,-25.980249451492472,95,100% Pure Floral Nectar
17.714474331664025,83.00547114160389,38.0,21.500122992061648,0.35012795249894674,-26.620897384774164,93,100% Pure Floral Nectar
18.355582888583243,85.0,12.523935024202867,18.10932992128374,0.2875025452003297,-25.580524847905448,90,100% Pure Floral Nectar
18.37712402274584,70.32407768070226,72.79169562300062,5.14524413532651,0.40601464166210477,-25.99110626251283,28,Acid-Inverted Sugar Syrup
19.583482119733894,76.72293867134688,50.130807834767865,6.838910245410341,0.25145761366087566,-26.486387545735372,46,Industrial Rice Syrup Adulteration
15.232206173149901,84.30909188724372,2.0,13.548562598705853,0.2935837159112068,-26.64566691949666,90,100% Pure Floral Nectar
17.489100957288972,80.76351642687823,21.497516083505708,9.198291130252954,0.4103789070731758,-14.27350670823339,45,C4 Cane/Corn Syrup Adulteration
16.144449575586652,81.51939447056209,4.432970062897619,17.748847298058273,0.3169074871139831,-26.93351092411835,94,100% Pure Floral Nectar
20.955975619171202,81.0,20.782415304216457,7.981423567815964,0.2606931443495029,-18.863893913812458,55,C4 Cane/Corn Syrup Adulteration
18.537199248701732,79.79178340484256,9.630957940841371,16.80890741516143,0.47049198750223037,-26.935337802896772,90,100% Pure Floral Nectar
21.826964779845422,75.62372381741247,56.54896193564859,2.4906085154726476,0.7852239097204851,-24.99428137146988,36,Acid-Inverted Sugar Syrup
17.908144919582472,80.4592959026248,40.70154374580915,5.985453543814451,0.44537502593951384,-14.122515427382496,63,C4 Cane/Corn Syrup Adulteration
18.418094822964257,84.29406269519502,4.509432387099108,16.958412091395125,0.4840776956902396,-25.273459637073085,93,100% Pure Floral Nectar
18.528207277122004,80.24346231945071,34.74792263185806,2.0,0.37625417946012774,-26.1747367806326,21,Industrial Rice Syrup Adulteration
16.17157179248273,80.89376865405644,15.644233569799624,15.76667080250938,0.2776977204913356,-26.015785039135764,94,100% Pure Floral Nectar
18.34867505367631,82.9085721347799,2.238018829177671,13.323693028650439,0.5179297252936726,-25.75572268712186,93,100% Pure Floral Nectar
19.8,81.3045604576191,3.717130567537544,14.585855120048077,0.4113952384458038,-26.691754155796836,94,100% Pure Floral Nectar
16.593450225340817,73.6417602120932,41.12310932670471,4.557554212507929,0.29440153115317136,-25.163644116784386,35,Industrial Rice Syrup Adulteration
15.864378126019695,81.0,31.38842716828377,11.922317938506094,0.4484485002434656,-17.59716393324564,68,C4 Cane/Corn Syrup Adulteration
17.0,70.07493939704096,43.03394911555115,5.32815283898092,0.3830341393458334,-24.861143631940706,21,Acid-Inverted Sugar Syrup
24.004448536154186,73.29248385648508,89.0841634071534,3.19886181163431,0.3435347374312179,-23.9409311191024,23,Acid-Inverted Sugar Syrup
17.553136554997348,80.42283333856746,2.0,20.018435871565327,0.34838730283588615,-25.35969407239966,95,100% Pure Floral Nectar
15.911056969688886,81.33318618838634,2.0,24.252508766788292,0.2479723292441471,-26.097602405641272,91,100% Pure Floral Nectar
23.785346721703952,79.0,65.95814306084166,3.9143993192002813,0.6334631978235432,-24.461063260950706,20,Acid-Inverted Sugar Syrup
18.00161589389862,82.37703662629727,3.4500645008910547,10.796952342003735,0.21757476583523364,-26.779458488533514,91,100% Pure Floral Nectar
16.816531862011797,81.0,17.6575256805747,4.0,0.5035327733376613,-17.050073236028155,36,C4 Cane/Corn Syrup Adulteration
17.456703887690818,82.8883525767627,15.994403531207004,15.36171223744307,0.5394363480635067,-26.994496673337064,98,100% Pure Floral Nectar
20.790716265820922,70.70746782372665,74.94762016117758,4.542981774956313,0.5671818551191488,-26.11612894844839,34,Acid-Inverted Sugar Syrup
17.030672591949106,81.0621284287446,4.794157711491515,14.420671202246535,0.4537900086103001,-26.867903121454138,99,100% Pure Floral Nectar
17.499731241782285,85.0,2.0,16.14316643889042,0.43419962626778424,-27.068557601695076,96,100% Pure Floral Nectar
16.68451918735057,74.1914923304446,28.480429852157055,2.0,0.32024958255696484,-23.888834514395697,44,Industrial Rice Syrup Adulteration
20.074507218986025,74.07119246604906,67.66774141478984,8.0,0.6101422207162105,-25.1468589861276,30,Acid-Inverted Sugar Syrup
16.62180304899919,82.27593928498851,2.261849499944821,18.99110656149612,0.569466817762035,-26.495056948179908,93,100% Pure Floral Nectar
21.893344782745658,73.09812194561364,99.81580374881467,6.067227964721477,0.47481711521533937,-24.4579908516503,42,Acid-Inverted Sugar Syrup
18.361625385030845,83.64042783343727,2.0,21.625034154852948,0.4876091940986559,-27.429266094273,93,100% Pure Floral Nectar
17.0,76.95643990578584,111.53574947026196,3.263655748067161,0.629550417847077,-24.139997179663496,22,Acid-Inverted Sugar Syrup
19.03443224456745,80.82719017130027,11.428727900379705,22.90566666533289,0.21237334486254172,-24.99376340663271,97,100% Pure Floral Nectar
22.330520731660588,69.45179523940293,48.1359703598197,5.678814132899778,0.2739432113356279,-25.50278778177994,23,Acid-Inverted Sugar Syrup
16.65655245404228,79.5,18.25290151243452,18.561211084221988,0.4812811365430569,-27.03674252092129,90,100% Pure Floral Nectar
21.205548351508497,77.80476490785202,34.50951973632583,4.0,0.4814281843029524,-11.594572063364293,29,C4 Cane/Corn Syrup Adulteration
20.83490320760938,80.5,23.777014859661577,4.379121325265931,0.2037136723987037,-24.478050599403907,40,Industrial Rice Syrup Adulteration
19.68090460156945,74.48205546362492,20.938569422715226,5.341773430709235,0.5122358158763365,-17.36411856476716,59,C4 Cane/Corn Syrup Adulteration
14.713255133146967,82.01879463583876,4.0873634890314285,17.770624038118534,0.5950662466358962,-25.8283775007496,100,100% Pure Floral Nectar
24.569937507462107,70.44098290248384,61.55953520231933,5.731778948226015,0.8521633684976287,-24.40168547305879,32,Acid-Inverted Sugar Syrup
18.373887084232297,81.46645086313535,29.244953276153403,17.013669717102143,0.4939673148636431,-26.91509750313865,93,100% Pure Floral Nectar
18.58601801492255,79.0,74.8486754153229,3.137103707279393,0.5977193640970407,-23.421571025491264,25,Acid-Inverted Sugar Syrup
21.51462885719752,77.07250589342178,28.965009291420404,14.0,0.4409862865404136,-25.868858378924305,33,Industrial Rice Syrup Adulteration
20.43349804918977,75.8217905866293,63.420029752427695,0.5,0.280930616781139,-25.561952182765744,34,Acid-Inverted Sugar Syrup
19.462140739021546,79.56402665845208,27.40754770684741,5.4072769881549085,0.3477214365162223,-15.952566662801852,37,C4 Cane/Corn Syrup Adulteration
17.84848880893877,81.01978652647206,38.0,14.207471974643012,0.5541158929924749,-26.34284870368722,92,100% Pure Floral Nectar
15.622525543526272,79.95441211842434,2.514102426104528,20.070994830638995,0.4310905376807083,-27.335705458902634,99,100% Pure Floral Nectar
20.469353389649093,78.19667480493419,34.15193229075934,15.595710024476332,0.48149370453402957,-17.620837066908035,36,C4 Cane/Corn Syrup Adulteration
19.039533621923386,74.46408302199724,30.155084505083455,7.4121022376922285,0.18798768165592966,-23.83861764564692,32,Industrial Rice Syrup Adulteration
17.336746537968363,82.44077021841012,30.5705800803427,10.536319537576201,0.32725995229332433,-26.366628973764392,95,100% Pure Floral Nectar
17.854770440471604,83.76798458950189,2.0,12.832186508347919,0.5191023203793251,-26.623367223975716,93,100% Pure Floral Nectar
21.448920653213673,77.1996598417436,10.0,4.0,0.3748771160047193,-15.049687362209934,55,C4 Cane/Corn Syrup Adulteration
14.185253840954799,83.60444840101424,8.124356243035539,21.024012646127172,0.6728328218715822,-25.919207116055397,94,100% Pure Floral Nectar
18.247969966109515,79.2444316090491,27.52706547415682,8.571455997437505,0.26921547104302096,-22.5,46,Industrial Rice Syrup Adulteration
20.50820846140831,76.68581106455295,45.33847366880998,6.883012618572564,0.3710237977265664,-22.5,45,Industrial Rice Syrup Adulteration
18.063808329407376,82.4007293722036,3.1993187076358565,19.34595723246252,0.5185090225402929,-25.94938619916552,92,100% Pure Floral Nectar
18.423629668953314,76.7992865063022,34.46940116237671,6.97578900926306,0.2816152990585865,-24.47835975246324,48,Industrial Rice Syrup Adulteration
21.613554696548682,77.5719581759531,71.38511919361129,2.0128722878158523,0.4240936386146692,-22.391513213060456,30,Acid-Inverted Sugar Syrup
19.845453955513378,79.85484896017701,22.499809344760262,12.176705157695013,0.1673089696034018,-12.066012897844635,33,C4 Cane/Corn Syrup Adulteration
16.768752002139962,79.80873199986443,2.0,10.778158357856167,0.5046616063272296,-25.610017955728168,100,100% Pure Floral Nectar
20.044780029858202,69.11135886364761,50.84268190586171,2.0882233352507584,0.6867900653667187,-24.842774243724733,25,Acid-Inverted Sugar Syrup
18.398958312052862,82.93971545532825,3.6697198680335203,24.663528082390442,0.18,-25.47873038370466,94,100% Pure Floral Nectar
19.649417465887588,80.83688889290372,16.98376439717688,14.314291491354638,0.32362985031371283,-24.88457518762898,95,100% Pure Floral Nectar
17.56057054701187,82.52096546058006,3.0317242098436723,18.31693418711207,0.3642717862308107,-27.000020661724193,96,100% Pure Floral Nectar
17.587367119062026,80.19645276971724,25.363858815478363,15.281021324962403,0.3430301051971879,-26.171533294508105,97,100% Pure Floral Nectar
17.07018830590084,73.79604393186338,45.066117452494844,6.96289632245104,0.28442026885302074,-14.872987505226629,51,C4 Cane/Corn Syrup Adulteration
19.611994103142887,75.69168635636493,22.221331009198366,12.133712922589844,0.3344165509992999,-17.45433886778683,51,C4 Cane/Corn Syrup Adulteration
22.32980900995681,77.57278955104408,22.014736501611274,6.088904328344585,0.318951643568741,-11.61800074483794,61,C4 Cane/Corn Syrup Adulteration
17.22911119074557,82.47484811880139,8.34466912104348,22.53875974621854,0.2451770846102354,-26.713071573351115,96,100% Pure Floral Nectar
17.178566211157804,82.2918457115515,10.165081380299348,16.508297645180736,0.5177676865946018,-25.440326067909492,90,100% Pure Floral Nectar
18.775608698180676,81.92498837637763,23.564721121518694,20.1073266938262,0.47429957473232187,-26.22298633973903,96,100% Pure Floral Nectar
19.23351642537153,78.1138717403037,42.70643534900369,5.27715644515087,0.49840870337570964,-25.64549731120883,26,Acid-Inverted Sugar Syrup
20.775368059876236,73.98186944346786,61.638358256401446,4.607248287335998,0.9005503466566033,-24.73549026288955,30,Acid-Inverted Sugar Syrup
20.15578137872175,69.91456525815966,42.0,2.0824985797678606,0.6286597758551298,-24.887110553911743,44,Acid-Inverted Sugar Syrup
21.223246916617637,80.14733045130129,26.94626333783403,14.102445105847288,0.3341167639418091,-14.882806304816457,46,C4 Cane/Corn Syrup Adulteration
18.631598604813497,81.10756178625857,9.749559327746278,19.575182786868535,0.4200382333758082,-25.449149983498575,96,100% Pure Floral Nectar
16.159992627120275,74.69869402242323,36.08727652274196,13.10505575038138,0.22681157544495034,-17.662527914053367,45,C4 Cane/Corn Syrup Adulteration
24.755464765942964,77.99094440037172,91.19175907167192,1.8361850690853556,0.43164757329200826,-23.081327659969013,25,Acid-Inverted Sugar Syrup
17.03470406221249,81.34685113768762,4.096003071245002,15.530288748245722,0.41562632156903545,-26.742143931439383,95,100% Pure Floral Nectar
17.26793027912276,82.6003847510985,15.761121709504167,18.260545738890077,0.37722874553699054,-25.97012593629722,85,100% Pure Floral Nectar
18.350884223992285,81.17612206950488,4.881467879319614,18.324241748035593,0.3443721511624273,-25.770280883414415,93,100% Pure Floral Nectar
15.385436670050147,84.90759295161007,16.421598795103822,9.0,0.3611285109715882,-25.04221599009013,91,100% Pure Floral Nectar
21.647998328441897,75.5387403439787,57.40581134623964,2.0139503804821683,0.620219759930123,-26.238121846676968,25,Acid-Inverted Sugar Syrup
15.446649177821634,80.49170816543179,32.4863610129637,14.899705107755882,0.5925834702250498,-26.832877797072456,100,100% Pure Floral Nectar
15.96225481478844,74.6199509219478,17.038898057920857,9.5595903452318,0.4999287758475687,-15.858279450118237,60,C4 Cane/Corn Syrup Adulteration
16.076811823089734,83.5129768959667,5.4827192292533935,14.34943890260886,0.434727468924658,-26.5254418580234,97,100% Pure Floral Nectar
15.62843727125782,80.57730114137944,2.338220225209402,17.981793277657058,0.3435923329070331,-26.360671257125375,92,100% Pure Floral Nectar
19.727337528953566,74.52793397501605,36.73145561070065,9.304379784926617,0.3431924397543633,-26.71055880096558,57,Industrial Rice Syrup Adulteration
16.0,77.74149521545175,44.381466960200896,7.201303958626482,0.3113397673677689,-23.37158274471645,38,Industrial Rice Syrup Adulteration
16.284294043621607,81.42253355310059,8.809697359431677,13.638154143641795,0.22145875261047046,-26.828280171717932,90,100% Pure Floral Nectar
19.144243852701425,75.7539108826688,72.84559634067817,3.2231421883016744,0.7423476153932635,-24.915350610301246,34,Acid-Inverted Sugar Syrup
17.78026587465056,75.86419470140534,73.07827746718294,4.510157865633441,0.7192398547268433,-25.461312219512816,45,Acid-Inverted Sugar Syrup
15.790840408608501,82.19373378450625,4.219237780542994,19.40866247862506,0.43605126888650747,-26.97099423366954,91,100% Pure Floral Nectar
16.247965389790114,79.5,11.418226595296739,14.089756076094208,0.5212741680622717,-25.46542676791196,96,100% Pure Floral Nectar
15.353053927561724,80.76905557276483,3.0881743809750377,19.706402098349987,0.6336766319373249,-26.461708408209272,92,100% Pure Floral Nectar
17.286351789787158,83.0544044468972,2.0,21.442376524012644,0.4477834176261023,-25.098838155093638,94,100% Pure Floral Nectar
17.458636810454013,79.5,17.55291871798976,9.0,0.5533374258245355,-27.346083217984962,95,100% Pure Floral Nectar
19.838943094793414,76.17211159036272,52.83292926939965,8.0,0.4791780499041328,-26.35972534063422,38,Acid-Inverted Sugar Syrup
16.0,79.88890060990525,33.99639274642724,10.017635252560588,0.24211794957741556,-24.923055596793755,48,Industrial Rice Syrup Adulteration
18.237154083588177,81.58531166291692,15.024813475029486,20.704537178719647,0.6732411182515653,-27.43467960007138,87,100% Pure Floral Nectar
16.68128866197396,80.8278899331527,32.84069474061121,15.992214627038269,0.27079652871841314,-26.411664893308558,92,100% Pure Floral Nectar
16.88520162546869,80.44692303280942,20.771680365063478,17.38766130879399,0.5227751775778544,-26.40467500113687,92,100% Pure Floral Nectar
20.69741268149758,71.8700205900742,65.631300475315,8.0,0.3611230869697241,-24.548347882764194,36,Acid-Inverted Sugar Syrup
15.0,78.34793366390124,42.38270986472377,12.04799209481237,0.1774081551830351,-16.612323021998343,68,C4 Cane/Corn Syrup Adulteration
16.916930286592546,81.79949812382115,2.0,19.92794698403542,0.32397896416030747,-25.076411705972582,92,100% Pure Floral Nectar
19.177893216427176,68.1869046282207,62.868702246716914,4.662862502740473,0.4454972372730326,-22.052101827540902,41,Acid-Inverted Sugar Syrup
15.772469925831038,80.81246040536325,2.0,14.665064666693688,0.5094224258272593,-26.749973748046042,93,100% Pure Floral Nectar
17.25353319294404,81.79554222293295,11.822664512378555,19.109944482720785,0.2955208562038389,-26.707452435375266,88,100% Pure Floral Nectar
17.95447406115852,84.89624646409636,2.0,17.014629571935835,0.2981649150900221,-26.660579564087993,93,100% Pure Floral Nectar
15.887044944118827,80.71680777846635,6.777218985923474,18.063158998375467,0.3896295790783067,-27.349581536600574,92,100% Pure Floral Nectar
16.966029600699024,80.91505629293738,38.0,20.048479619084986,0.6113714386852636,-27.433361336216578,93,100% Pure Floral Nectar
18.5497220356037,81.17881111436553,2.0,21.52627223595812,0.297846066463782,-25.636314680666374,90,100% Pure Floral Nectar
18.12196198174196,82.0238195725426,2.0,20.97260241980328,0.40121954037489477,-25.800334416091413,93,100% Pure Floral Nectar
17.364258336632293,83.49819354379702,2.0,22.464588630370073,0.42092078319858073,-26.872456499839448,97,100% Pure Floral Nectar
17.798072106620356,82.56697752548708,24.600629639509386,12.832826793810518,0.4820652259390752,-25.506959725469173,92,100% Pure Floral Nectar
17.219982294971008,79.56351123452112,2.0,13.248178196184274,0.6380151883994847,-26.774671992758275,93,100% Pure Floral Nectar
16.301925766687866,82.10815506997008,8.264044125341417,19.138440248367335,0.5108343283353384,-26.771406248953046,97,100% Pure Floral Nectar
20.575714857377456,72.93122871637922,56.79293014569397,3.9686068934564935,0.6977619327959623,-23.223716637040166,38,Acid-Inverted Sugar Syrup
16.54754889738446,82.9879342617482,38.0,20.05168788787917,0.3417657415171937,-26.008131766648464,93,100% Pure Floral Nectar
17.73537364465767,79.60521099317839,2.0,19.86900207247907,0.2895026198265158,-26.45332996896634,99,100% Pure Floral Nectar
17.92264960196094,81.9109916842529,5.649620914642388,13.230333821346035,0.5326285280471927,-27.830476847727365,86,100% Pure Floral Nectar
20.611806251291473,76.64016588874597,42.0,3.8926310293546904,0.5395146990885962,-23.978653785186932,41,Acid-Inverted Sugar Syrup
15.404319077442677,75.33477009886727,51.54202116804349,11.240594307113767,0.2691611162770732,-15.766411006971959,60,C4 Cane/Corn Syrup Adulteration
18.566143407082592,80.11097681632225,11.76747032580248,10.745226562887142,0.41439006553167573,-26.404622737338354,87,100% Pure Floral Nectar
18.85300800721314,73.70545764948076,77.04886770144495,0.5,0.6653170338682599,-26.57779333595254,50,Acid-Inverted Sugar Syrup
15.562116430005595,81.44981399722299,5.264511220399669,20.187856146530844,0.22460951427417908,-27.366272892706846,91,100% Pure Floral Nectar
18.789791896252837,79.91513461219779,10.038838281318599,12.749617601294084,0.4762228323382603,-26.22469880189927,95,100% Pure Floral Nectar
19.8,83.49614358385386,4.991186046343835,15.453167202319715,0.42215638980197645,-26.29916343793145,92,100% Pure Floral Nectar
17.959890203711375,75.35172081983113,26.112601191318348,6.98182954122367,0.558407127365249,-19.36073239625405,51,C4 Cane/Corn Syrup Adulteration
17.021372428205208,77.14184594847265,22.6045930226031,12.737602768823647,0.17938370673126072,-23.279125780605046,62,Industrial Rice Syrup Adulteration
17.233464260598936,82.27807644851481,9.114293720730732,16.778233911187368,0.4523524432875893,-26.670153188560892,90,100% Pure Floral Nectar
16.885328437350243,80.90278254883222,22.88478729357229,16.248569448723547,0.4309526277801088,-26.976955707557217,89,100% Pure Floral Nectar
18.319649711168015,80.30713713406163,55.564741676081866,9.994181907844425,0.3448678445570288,-25.347580196023078,44,Industrial Rice Syrup Adulteration
19.893369779112323,72.92400898039112,15.607247861838228,6.280820944650251,0.2261883324029153,-24.899106155729747,37,Industrial Rice Syrup Adulteration
18.21034088966053,80.00872619458693,2.0,21.357467600346048,0.4986093621156631,-26.750866570250054,91,100% Pure Floral Nectar
18.075934286871007,83.36547537924486,2.0,16.808853236846062,0.4468228515049844,-26.03587650487981,94,100% Pure Floral Nectar
16.779682441477195,76.9816501849021,10.0,9.463349841831215,0.2967512903900206,-11.411853120044732,48,C4 Cane/Corn Syrup Adulteration
19.187444206319093,81.11384331903028,2.0,16.191465900285216,0.23157160151017864,-25.73403051154946,99,100% Pure Floral Nectar
17.827128844775988,77.40399106486477,35.84919615520628,8.216002978658747,0.33867827023752306,-16.30380162820978,61,C4 Cane/Corn Syrup Adulteration
17.297722918986025,81.92735657980165,2.82938707127106,17.45834044609029,0.48118646975054336,-26.332193777266884,94,100% Pure Floral Nectar
16.328220672251167,81.33913780172468,8.090831370422817,12.038031276263442,0.3371984880222498,-24.921537470922964,95,100% Pure Floral Nectar
20.62679712031215,73.11222490553642,34.19071400753713,12.465148286913923,0.28541371916467617,-23.824886362701715,49,Industrial Rice Syrup Adulteration
16.245222052803083,83.0017591272117,15.027589061723415,17.67437797309133,0.4378512880002835,-27.0538038514439,100,100% Pure Floral Nectar
19.619371564692646,77.15196402070377,97.2561256182518,4.4048071294394555,0.42560827022712233,-25.337676434442127,29,Acid-Inverted Sugar Syrup
23.140123122180373,75.57858988714527,66.1117743874442,2.7576932592702867,0.7167032969544747,-24.227677527617193,37,Acid-Inverted Sugar Syrup
19.097746685912174,76.80067568870871,29.031825345139556,8.905302363005257,0.2901304479539482,-22.5,42,Industrial Rice Syrup Adulteration
20.08582509176341,79.03821488974391,30.286036192951237,11.472691990233013,0.1,-25.65256739614519,59,Industrial Rice Syrup Adulteration
19.217782604692562,81.45493177992378,12.50300542083388,21.343798628782046,0.4140640114412098,-25.960608323813652,96,100% Pure Floral Nectar
19.8,81.38831999901153,2.0,19.462845492282078,0.6339737423991008,-27.580599170157004,89,100% Pure Floral Nectar
16.0,74.98868356027184,35.16538427616443,3.3786238908478303,0.3578294113446643,-23.648588168286746,27,Industrial Rice Syrup Adulteration
22.18194159873532,74.82771072428133,42.0,4.6362104561978175,0.5485880256459454,-26.4664742714609,24,Acid-Inverted Sugar Syrup
19.221123745652086,75.69049851919503,54.17200291777003,7.3229922106705345,0.5143316598833036,-27.026942823054434,33,Acid-Inverted Sugar Syrup
17.162880574371094,81.34697776520997,38.0,10.604157800321119,0.43290300005169585,-27.139389285423672,93,100% Pure Floral Nectar
16.25119848234705,83.11188040421638,32.24911722433801,14.616317403015382,0.32103192245971646,-25.70926686776202,90,100% Pure Floral Nectar
19.8,80.11977481663656,9.870721989189718,23.58338441556468,0.34728119446981054,-25.57911169597045,91,100% Pure Floral Nectar
20.283661547429993,75.35962363957806,72.21271385359977,6.569826665617215,0.6812537834925513,-25.508937059032302,43,Acid-Inverted Sugar Syrup
16.474421694416893,80.0125016612688,25.55418931331857,17.763014866251144,0.2192299184993112,-25.607532183415717,94,100% Pure Floral Nectar
16.7186637335086,78.24228554294152,20.128415472939565,10.173341998438953,0.473054500520855,-18.986821806232513,50,C4 Cane/Corn Syrup Adulteration
17.24936897276042,84.83566191163698,10.146201580504615,17.776219605936262,0.4197304557891455,-25.30962450972443,96,100% Pure Floral Nectar
18.26279271630736,77.51355164563319,80.52591239786696,4.108597157848615,0.49375209845901014,-23.9792656019647,32,Acid-Inverted Sugar Syrup
16.982051870451087,79.5,18.350347815763193,14.570676277231087,0.5209249532353943,-25.099686386345233,94,100% Pure Floral Nectar
23.326423311886,75.4661163009779,61.43528146960194,1.731568130562549,0.69732642592578,-25.96658833874819,33,Acid-Inverted Sugar Syrup
22.202960015216128,73.50937764254132,37.19267520795661,3.9241017654397967,0.12969184390733854,-24.72878384637991,32,Industrial Rice Syrup Adulteration
18.348481617657438,81.28984583120842,7.501023120280697,18.000078078610375,0.5069313811482494,-25.147392902245837,100,100% Pure Floral Nectar
21.484942965303222,71.82375048811434,55.87246340169697,2.2517832356171574,0.8015519025797411,-26.59550825196466,22,Acid-Inverted Sugar Syrup
17.85333937475251,80.65348241852143,2.0,16.234562900902155,0.488583683628089,-25.672941998876183,90,100% Pure Floral Nectar
19.788538532923482,82.4528845549388,11.413939679700885,10.037616451324764,0.49420886588929613,-26.881657488606223,91,100% Pure Floral Nectar
14.28529882896279,82.47850697842952,24.203555543932858,24.307156579738088,0.2946400163242508,-26.18637915579364,91,100% Pure Floral Nectar
20.26392048540311,71.01700761325233,25.105995461069533,7.146810928596456,0.23106740732205375,-25.425405711657064,39,Industrial Rice Syrup Adulteration
15.592431395746335,83.58967991080851,3.2952415852718504,17.32290800583718,0.34394536250666397,-26.38865538036116,94,100% Pure Floral Nectar
18.624726053580904,80.66491014827443,28.80292366222186,11.76306452859418,0.6969225873282541,-25.6688314991273,95,100% Pure Floral Nectar
15.737267128370553,80.3590554359423,5.428782747132938,19.626193220981747,0.4738731261831597,-25.565175656515876,97,100% Pure Floral Nectar
16.257113126058584,84.77063589849912,25.297129537511303,10.676126708528503,0.4084015308458231,-26.322615616313506,92,100% Pure Floral Nectar
19.390750100867223,76.29437989101835,15.52402442982438,5.867716393846748,0.40002055928100216,-24.13743648302986,38,Industrial Rice Syrup Adulteration
19.8,82.51583029931035,5.414325516597693,12.70543253136673,0.6249058667186113,-26.88081616435169,85,100% Pure Floral Nectar
22.616194507831526,78.73488243284821,31.94167866434983,4.616851843524556,0.4015732351364169,-24.52371906351499,41,Industrial Rice Syrup Adulteration
18.224618986003613,81.87652051165549,2.0,24.750532872037482,0.3047463655219342,-26.112677844668543,88,100% Pure Floral Nectar
19.02767033001606,81.22165957328961,2.358759595258069,12.228336936329061,0.30112151070009135,-26.885060261102947,95,100% Pure Floral Nectar
16.160522074446263,82.01737507853065,3.4530930399485262,14.23034004378426,0.4080539180178038,-26.29652453678773,96,100% Pure Floral Nectar
15.655508287989644,80.44908154050708,15.25667787169664,12.86668432875755,0.37893058438238497,-25.963996960526952,97,100% Pure Floral Nectar
20.440785062263558,75.2474034526479,58.769422778888035,1.7512447557228596,0.25564532769198445,-23.76211028948199,39,Acid-Inverted Sugar Syrup
16.3150158394645,78.53912038989625,33.27453384726489,9.531710836153268,0.3593290928432702,-23.439912321061197,47,Industrial Rice Syrup Adulteration
18.386157739629024,73.68522148890526,41.01822030280675,10.25800227801083,0.2794733934877497,-26.2090667383362,32,Industrial Rice Syrup Adulteration
20.305833102827915,76.44568163351029,42.57516252740817,6.738710695808787,0.4632622457771749,-12.59622656586842,53,C4 Cane/Corn Syrup Adulteration
18.213667332728935,76.83290688559885,22.745013741652848,18.0,0.43102278323024323,-17.23293907885422,61,C4 Cane/Corn Syrup Adulteration
16.91677358233901,75.98337677053414,16.427852413385,7.403759669145447,0.3633834778962041,-27.0,40,Industrial Rice Syrup Adulteration
20.83177347893683,76.8729089857133,28.526904530558056,12.687808969915721,0.41884945499820936,-14.186496102338078,30,C4 Cane/Corn Syrup Adulteration
19.50339900410756,73.89946042695095,72.32286688243158,2.8588543561915314,0.765168853977752,-25.069277988116372,44,Acid-Inverted Sugar Syrup
17.875763042092895,80.8213860212887,7.401377800545913,18.298679367108875,0.5351104051738845,-25.986746454319537,86,100% Pure Floral Nectar
15.489021067551276,82.76495149591813,2.0,18.104834230309525,0.5490468665299697,-26.484916069972705,94,100% Pure Floral Nectar
16.82801391981676,72.25554162757204,34.20887162999078,12.031867653146486,0.3017162235421287,-25.284091545576405,33,Industrial Rice Syrup Adulteration
19.8,80.74153369197553,13.74214772994539,13.290128604928666,0.34042051490288516,-26.424368620330565,90,100% Pure Floral Nectar
16.56998199880586,84.47415612069996,11.619816297425654,19.19141163469812,0.6009699420172825,-26.489597882649374,92,100% Pure Floral Nectar
18.649349068613255,79.5,35.1836095024227,16.486772775421834,0.31907418835220464,-27.10772599103201,92,100% Pure Floral Nectar
18.821355222900095,81.79615385452983,3.6540102916597625,18.515402918195438,0.5980668184521314,-27.14952806343695,98,100% Pure Floral Nectar
21.22175744223161,71.10281768512814,50.0940880686294,2.5431774267191694,0.36279544783974227,-25.457479565890978,36,Acid-Inverted Sugar Syrup
17.140047266163794,80.59382061809445,8.839365874566232,17.828538257907866,0.6064025638867073,-27.790568999384263,100,100% Pure Floral Nectar
21.884896092977925,71.38651832517407,88.90354302563071,5.505696928458529,0.4049935417701537,-26.007525272175073,32,Acid-Inverted Sugar Syrup
17.500598456438738,82.06664930777575,6.700051245099742,23.469711344577085,0.3865446024274136,-26.55637889143946,95,100% Pure Floral Nectar
19.520354701537055,77.50869925920117,35.2804424301252,5.924363955958217,0.1438534664565859,-27.0,59,Industrial Rice Syrup Adulteration
17.0,79.0,50.25708716931477,4.531202243638917,0.6343210395816756,-23.497027177133923,28,Acid-Inverted Sugar Syrup
21.176759807527915,74.78889860287185,21.670182586824122,15.716092963885163,0.2702113178504109,-18.263147902516433,63,C4 Cane/Corn Syrup Adulteration
16.194178090246588,82.88629006409484,13.280278524119865,20.709340164733305,0.4902625839428241,-26.83371998607258,93,100% Pure Floral Nectar
16.573749346077747,80.73249746435599,15.913099525757179,19.0162412650005,0.5760211832175767,-26.074858676095936,95,100% Pure Floral Nectar
16.986307970722642,77.78992269067982,19.2899275446239,11.764487140090695,0.251533205172043,-26.28670658211734,38,Industrial Rice Syrup Adulteration
16.082383857646164,82.05241830287002,37.543259940052245,10.149640773777675,0.3284272375865429,-26.287506814105075,100,100% Pure Floral Nectar
17.027605831234652,81.0,23.920566037074064,15.51332722553741,0.33512592852008616,-18.338189133414105,60,C4 Cane/Corn Syrup Adulteration
16.275550404737174,83.03328355198074,3.77317693328177,13.815393097089974,0.5582656395682402,-26.223888457400808,92,100% Pure Floral Nectar
17.037527261673375,80.1931737100667,43.60531572812438,5.209425549447385,0.23997176857402325,-25.267621313402486,23,Industrial Rice Syrup Adulteration
18.298446003057233,81.10215129358802,2.0,20.15640019860817,0.4243011953829659,-26.46845649795894,94,100% Pure Floral Nectar
19.292535833131005,77.51036821340564,33.40950617262677,7.477214323352836,0.5226456371878688,-14.088042287037723,58,C4 Cane/Corn Syrup Adulteration
16.49754013898165,82.29599837306489,10.786855433273743,18.22483987187712,0.3173366774471251,-26.29500343706458,96,100% Pure Floral Nectar
17.75131621750275,79.80028745665702,4.691815941724764,14.728335911474975,0.45736679252357126,-25.141109514584624,94,100% Pure Floral Nectar
16.90708937675766,82.4915467052148,11.73012549552948,18.459510394316897,0.18,-28.1972051368173,96,100% Pure Floral Nectar
20.05598177538078,73.34005912908393,84.65941959624385,5.903277688250178,0.31108933622888907,-26.160127982660853,48,Acid-Inverted Sugar Syrup
16.0,76.89234633057461,29.922076229894067,12.05904299463303,0.21676125823287853,-27.0,44,Industrial Rice Syrup Adulteration
19.227898921850095,82.98348074898853,28.87185575697456,17.045029960741832,0.30105669388505346,-26.741508361651654,95,100% Pure Floral Nectar
19.33237370817752,82.61839932057897,5.908983592582425,17.62454631331516,0.470563230516805,-26.809145402956077,91,100% Pure Floral Nectar
17.69350695569963,83.16179855740837,28.367389554639516,18.42892492718434,0.265397829695515,-26.318071275093114,91,100% Pure Floral Nectar
18.559242283913832,80.72188017921012,21.83170948687182,12.548457588283933,0.41597747586417777,-14.607373289343952,37,C4 Cane/Corn Syrup Adulteration
18.071795713460375,83.16512247208249,5.473265607370222,19.91833323160557,0.38920861970525716,-26.1241216487404,99,100% Pure Floral Nectar
18.727834168831976,81.58858145775753,5.612547767726308,16.21029173418173,0.544309945131844,-24.992367875210594,95,100% Pure Floral Nectar
16.279031624607008,80.39865214960783,13.27054410739111,18.607627090900866,0.38171244962583595,-25.789708801088135,100,100% Pure Floral Nectar
17.63583214282004,82.27752290237031,2.889690437200982,15.417776884739753,0.4328574395685082,-26.193545685422905,88,100% Pure Floral Nectar
18.025404772885306,77.7775937329167,34.12246940973343,7.674251063456898,0.32476375474419006,-22.5,51,Industrial Rice Syrup Adulteration
17.8734129244314,83.7116205790031,5.346882247213798,15.64366435683204,0.49712605831577805,-27.557771691731418,98,100% Pure Floral Nectar
18.062810352910937,79.0,55.497300674156826,6.16075719381172,0.5261216363293106,-22.940061803865458,29,Acid-Inverted Sugar Syrup
16.52870984564106,82.38690246925671,4.853700937741023,17.417354642206178,0.49419471639728496,-26.302795207559615,95,100% Pure Floral Nectar
18.945648401748606,81.62556252805845,28.617339389230835,15.4338275149255,0.3812973457071532,-26.10124686471895,93,100% Pure Floral Nectar
20.516568886506782,73.45324811536855,115.16622079971077,4.608082643081966,0.624828183954153,-25.38524265582401,18,Acid-Inverted Sugar Syrup
18.61051916577169,83.33269128834509,3.3717114396689096,18.400428752559293,0.3612639605589611,-26.806114605487164,90,100% Pure Floral Nectar
21.366804756689714,77.63007132144897,43.666419900904344,4.809725161940538,0.5678684663010172,-23.713270302079394,39,Acid-Inverted Sugar Syrup
19.8,79.5,24.626183156893426,17.900290829988347,0.40954219291974897,-25.86957165385427,90,100% Pure Floral Nectar
16.932734691581782,80.98374269815965,9.152275496393372,18.994344948861894,0.31673912081936273,-25.849591238369804,93,100% Pure Floral Nectar
17.653341892839457,75.37837776112863,29.048423519120746,8.160215216866503,0.3220888968052159,-24.89344886321563,36,Industrial Rice Syrup Adulteration
16.705984324981134,77.93033307431618,34.37006680267314,11.607533452249928,0.20159422264691246,-25.634191986464238,43,Industrial Rice Syrup Adulteration
19.8,83.3937891438578,12.601035666065965,11.512624246895511,0.35379145778012483,-26.264185296845938,100,100% Pure Floral Nectar
17.201687665507112,83.47757224168095,38.0,17.756330392143543,0.4460926896871011,-26.197486754888367,96,100% Pure Floral Nectar
22.84715275894914,76.8007858825866,31.937013707413413,5.384902921785257,0.3316195856257694,-24.250600341293303,62,Industrial Rice Syrup Adulteration
17.174081609610653,81.92572324755064,10.944778352283063,17.55456026375118,0.376904204626935,-26.088003601905243,91,100% Pure Floral Nectar
15.254598546530964,81.3701667947044,3.527951565469304,17.167293489256608,0.5102455660342595,-27.0236898093674,88,100% Pure Floral Nectar
24.0,73.68932091461504,31.295831065379268,9.07625833985443,0.3242383069716711,-24.94916577354647,39,Industrial Rice Syrup Adulteration
15.380586268301363,79.5,8.395040440276894,19.83888843068544,0.40353459563469596,-27.776966194034305,89,100% Pure Floral Nectar
23.436881155462437,74.47951884923476,42.0,1.1325675948910194,0.5925436432975669,-26.540283720952583,36,Acid-Inverted Sugar Syrup
17.964797947205177,80.48467838107531,37.48816453241084,19.106383734464096,0.6426142287642416,-27.208847229490132,93,100% Pure Floral Nectar
18.8012556604897,80.09402410896124,33.010034139468694,15.940667547081556,0.4252689962252588,-25.19941724727485,90,100% Pure Floral Nectar
19.8,81.52379338513467,9.67662063828762,12.610092964703286,0.5129923328530169,-26.751475477380787,94,100% Pure Floral Nectar
16.535134880728464,82.18894676425711,2.0,10.108518620855438,0.28978301482052005,-25.8819451440063,95,100% Pure Floral Nectar
19.366507281862084,81.78872802323112,2.9835248486041817,9.78138446713729,0.5360300881290562,-26.63801385343642,97,100% Pure Floral Nectar
18.923202274059246,76.65295625021287,53.39254358709903,5.576729774193167,0.6203820552399014,-24.30692905020553,26,Acid-Inverted Sugar Syrup
22.631145545552926,77.07194312014123,66.23225096650052,3.7726383761141107,0.25,-24.79099256505857,34,Acid-Inverted Sugar Syrup
16.0,79.87128189095765,45.38826239771299,12.656872908601127,0.3747953094096838,-25.435433049744386,38,Industrial Rice Syrup Adulteration
17.39332061449576,78.67863046428594,16.772566753457284,2.0,0.2127536201535818,-22.884878259894588,41,Industrial Rice Syrup Adulteration
19.8,81.41168200347954,24.09458404757544,11.14594916219025,0.30955696604316896,-27.38046889842058,93,100% Pure Floral Nectar
19.681152235337642,84.91231211884309,9.42789046317671,25.32591505599851,0.2744711262150234,-26.54230877120376,88,100% Pure Floral Nectar
17.233627321269534,73.1749309431378,31.561687031312495,13.670640564222458,0.15620266855116471,-19.335980672415612,37,C4 Cane/Corn Syrup Adulteration
20.139964580408535,76.0679972666134,30.184133026923625,6.242175541122977,0.18424500704226843,-23.98200784965459,24,Industrial Rice Syrup Adulteration
18.961613357086126,74.62787422078642,61.57845447525211,5.088731702820837,0.7082608806740982,-25.645822314802793,27,Acid-Inverted Sugar Syrup
19.302996301092417,78.25791520015525,10.0,9.23576426467205,0.3372498681321695,-13.606392677397135,40,C4 Cane/Corn Syrup Adulteration
18.743480172077373,74.42800268961751,72.2454454593789,5.851292160085878,0.2733981067512446,-22.218268632799493,38,Acid-Inverted Sugar Syrup
21.78733088161558,74.36786381337997,88.95651788416963,7.780067731011631,0.31237066744351955,-23.402911750234463,25,Acid-Inverted Sugar Syrup
18.997849661297256,76.84834741796716,83.83742128305363,4.568846666081921,0.45399440022525883,-26.637854234871927,49,Acid-Inverted Sugar Syrup
15.881212109133445,75.5965522786962,20.42572749003043,5.152324092649431,0.15,-14.543217672243788,45,C4 Cane/Corn Syrup Adulteration
17.204782734743894,78.9590806279406,75.83665106297279,5.933631738651602,0.33384874426784583,-26.784052776397207,44,Acid-Inverted Sugar Syrup
18.35646604001811,83.69437990911501,11.590540704501453,16.666822025868875,0.36382505594445713,-26.866651635070582,94,100% Pure Floral Nectar
17.0,72.25605136858799,65.9435907007313,7.126120782226147,0.25,-23.709270049778226,34,Acid-Inverted Sugar Syrup
16.27863691529464,82.3466563711242,9.85835380836641,19.748634906018328,0.4396645682083747,-27.42002088889467,95,100% Pure Floral Nectar
16.3435232727326,81.76122746580849,9.185331207585408,14.163212410439037,0.40633480707171105,-27.02894334074099,90,100% Pure Floral Nectar
19.332792517487793,74.79116034067992,34.243980165502876,9.696482690423638,0.19422828834703618,-18.45744087919834,37,C4 Cane/Corn Syrup Adulteration
16.86270026918402,78.22750248061345,32.395461368862385,3.873078404150246,0.1384231333499771,-25.66581773370316,37,Industrial Rice Syrup Adulteration
17.811183725820733,82.67325874165176,34.9432418500996,18.972536989409928,0.5433063256410189,-25.761730484500436,98,100% Pure Floral Nectar
18.061514477618275,81.31429707957453,17.41815314692698,22.223359514944796,0.6531092614596757,-27.665083616696013,85,100% Pure Floral Nectar
16.0,79.3893970861956,50.93957939617988,6.760912016880786,0.22235232705469338,-25.246382910912406,55,Industrial Rice Syrup Adulteration
17.667743344384505,75.49657974470519,37.328361431526275,3.0212569955783186,0.39512932273591733,-24.783460682442954,34,Industrial Rice Syrup Adulteration
17.188838302156736,81.27677229182436,6.9740102167589555,17.289869904054907,0.3915225318965738,-26.516787767385743,87,100% Pure Floral Nectar
25.63050912938104,75.05745080968649,85.4064614741726,5.18729334623722,0.7343850933524254,-25.78509187471491,36,Acid-Inverted Sugar Syrup
18.453270508038823,79.5,3.1840539060192556,14.258321494250254,0.48455711637917864,-26.280272355153997,96,100% Pure Floral Nectar
16.7331117884763,75.51375402585299,32.37203962886731,9.640518564909145,0.39363575934111183,-11.597938128557765,60,C4 Cane/Corn Syrup Adulteration
20.508283128325562,73.54193692748679,43.27527588035703,4.2059267515770555,0.25195444859572846,-24.053236787110553,62,Industrial Rice Syrup Adulteration
17.57602919040856,79.5,5.774386721809757,17.728339312627536,0.33830802641051677,-26.971716552305427,92,100% Pure Floral Nectar
17.35529162559381,81.17836675970719,38.0,16.054746381097374,0.46944853644792284,-25.55900807774908,98,100% Pure Floral Nectar
17.893954643161646,79.5,16.812810002326238,20.467295491881043,0.2066156726920983,-27.579844675008,96,100% Pure Floral Nectar
21.069592307013306,74.88829295067721,73.47109399836536,1.8853154677034922,0.25,-25.36617157760306,35,Acid-Inverted Sugar Syrup
15.970824378540813,83.19651896160902,28.76022978660296,15.789181437400082,0.3201515438720644,-26.810631014891825,87,100% Pure Floral Nectar
21.488537115913456,73.21115361646514,47.06479122310324,6.749482665777528,0.5614238124436675,-23.362235968459636,41,Acid-Inverted Sugar Syrup
17.05146763914292,72.55164013884014,27.644427026329463,10.797379022220872,0.35777496558544747,-24.909409890890924,30,Industrial Rice Syrup Adulteration
18.204559158114346,81.64333560569135,3.748222959055508,21.01331085972613,0.24107040916662317,-26.65091233251467,91,100% Pure Floral Nectar
17.037279339629258,82.87582294017821,10.90156315128989,20.973393392184278,0.3179990094287537,-26.08380985931684,97,100% Pure Floral Nectar
19.4775729475648,81.0,23.19874803992938,12.256587630537217,0.5561934956003614,-15.48081794970326,36,C4 Cane/Corn Syrup Adulteration
21.546049625273383,79.18272261395978,55.140533253519386,9.244816347876458,0.19340807114384195,-27.0,49,Industrial Rice Syrup Adulteration
15.720819300135645,79.59918257669001,22.404460236066193,14.758086219791384,0.33435450433612773,-25.08790288714673,90,100% Pure Floral Nectar
15.0,77.83370430247115,44.18292894693434,9.89214185423826,0.35547264251100213,-14.423348710403175,68,C4 Cane/Corn Syrup Adulteration
18.943032778942282,74.77023415281631,62.42728068037316,3.664489546852304,0.3458506413022834,-24.986745899709206,32,Acid-Inverted Sugar Syrup
18.468907925729585,71.23569111113646,40.863148050442305,10.770542758507979,0.3379840542040661,-23.91386580058257,62,Industrial Rice Syrup Adulteration
17.003327424462803,79.00428730407026,18.2159997330312,8.29278569656894,0.29838214082679304,-25.002492005950053,46,Industrial Rice Syrup Adulteration
17.831192620173695,79.0,44.48807958399469,6.267469052327144,0.5392911145662044,-24.84211985941795,34,Acid-Inverted Sugar Syrup
19.8,83.96171662786102,19.676917870187594,13.897713982992196,0.6031459150555534,-26.81242533478835,96,100% Pure Floral Nectar
21.77485343309262,76.44380103269832,118.98571426113082,5.015824628306169,0.3429814180397909,-25.858643760449212,22,Acid-Inverted Sugar Syrup
16.486445952855394,76.76385028582544,33.64138346661699,5.181170210428231,0.3038331684132503,-25.39892418896485,38,Industrial Rice Syrup Adulteration
21.280790016610165,73.85022738182386,38.98791873404377,8.14366833799664,0.23185699929115083,-24.62371559250096,47,Industrial Rice Syrup Adulteration
17.442453296191655,79.5,38.0,14.975405015130224,0.44054245724947955,-25.475152211745694,99,100% Pure Floral Nectar
17.38090965476532,82.97542007273492,27.36939082449902,21.702559414498836,0.3858587634792933,-26.623305621330996,98,100% Pure Floral Nectar
15.09559986563465,81.74398782399003,38.0,20.862745292310244,0.3710892786408365,-26.739590959469908,98,100% Pure Floral Nectar
18.506408203824193,78.81125174039762,38.05689527058088,14.0,0.3166820532796999,-27.0,62,Industrial Rice Syrup Adulteration
15.322711662806686,76.28113374692462,37.38083166994405,17.005300425826615,0.17961686648337813,-18.863169776663817,27,C4 Cane/Corn Syrup Adulteration
18.899230471729975,74.80876716209826,79.37778339863854,3.1259065545117926,0.2574831643019884,-26.97137350848793,15,Acid-Inverted Sugar Syrup
17.18285451801432,83.26203459421693,5.343057699702081,25.413371815206474,0.3444486921763443,-26.205805222133858,90,100% Pure Floral Nectar
18.577146483952507,78.09220863721562,20.40576394635412,16.613477968029507,0.29725509670745454,-19.784688710470903,46,C4 Cane/Corn Syrup Adulteration
19.254440689814366,75.81940071899811,38.01381390780379,10.061576310257113,0.20347367801723373,-24.11553001375871,47,Industrial Rice Syrup Adulteration
16.219834797953112,81.0,13.105445923826233,15.687808202716624,0.24354820269169608,-15.831272128382688,51,C4 Cane/Corn Syrup Adulteration
20.001310198452455,75.49578977381005,53.7399776890345,0.5,0.596047002975423,-24.73482473828834,37,Acid-Inverted Sugar Syrup
17.484849090214112,81.69730534193789,7.029183439862754,19.042523799016593,0.39438807634944906,-26.367185019687682,88,100% Pure Floral Nectar
17.0,75.95874557658699,66.6878097351352,2.5542438843156594,0.41582442852232226,-24.017798034458753,22,Acid-Inverted Sugar Syrup
18.014837193918616,81.87361021877814,6.754312582285795,18.145297126565815,0.3739826377291336,-26.81561043558002,94,100% Pure Floral Nectar
17.471025875914563,81.12177593228424,2.970699398715692,18.42627973651798,0.5290724996266319,-25.679805592473283,94,100% Pure Floral Nectar
19.736214915828853,74.16964340275047,25.43818640486611,5.498180583729569,0.197335980654256,-26.210022964314373,37,Industrial Rice Syrup Adulteration
17.18110388536689,82.52561394008714,7.174572883146549,19.070156781164652,0.4154238517410431,-26.216862315493458,90,100% Pure Floral Nectar
16.20201590425197,83.70837626466626,2.0,16.454308690129885,0.4717540580263558,-27.071812634383054,97,100% Pure Floral Nectar
17.0,72.87656779673944,81.95611734154593,5.061298109038848,0.7137277384887525,-25.16928724450725,36,Acid-Inverted Sugar Syrup
20.31687034306912,74.80029208772973,27.868178715981706,4.456686279790669,0.266393311653239,-23.829329305555834,58,Industrial Rice Syrup Adulteration
17.759563132453696,79.5,2.0,14.359803010638043,0.591542359023119,-27.658000567340373,95,100% Pure Floral Nectar
17.29708207185075,82.29838537407646,12.389443522994354,20.04500234973647,0.2828651166004319,-26.264884507097438,98,100% Pure Floral Nectar
19.134035710166682,80.78682976525603,38.0,16.454776872241933,0.30935363433870877,-25.47785408674359,90,100% Pure Floral Nectar
21.54449641390515,77.5719058615215,82.19632180332073,5.643405217621061,0.25,-26.451642701514558,17,Acid-Inverted Sugar Syrup
16.86223928353404,81.59414488583671,5.5034893449051605,12.25748675030062,0.4747797642300775,-27.371804702039395,95,100% Pure Floral Nectar
23.27942459431278,72.7919176720346,57.57869135191228,1.5491797418940485,0.6574548346697764,-26.14088698711083,35,Acid-Inverted Sugar Syrup
16.43242368710489,82.18901544822158,2.0,20.697015274582373,0.4240748262198202,-26.257199733245614,97,100% Pure Floral Nectar
22.11467007779398,78.42589330998435,72.48649787678227,2.197233290199286,0.7847920687145398,-25.26696831199772,36,Acid-Inverted Sugar Syrup
15.591688350777881,79.7795683588823,13.427916106309059,15.708820019638129,0.26345413204990686,-27.163274539165204,95,100% Pure Floral Nectar
17.9513138535382,83.51508778433887,10.396767522711473,16.74145923733156,0.44282531512114104,-27.021460966236358,97,100% Pure Floral Nectar
19.64073915011643,74.08350851443339,57.27805336989431,3.4425238537013905,0.47036114542613633,-25.913378898695857,44,Acid-Inverted Sugar Syrup
15.954679798524268,80.28680630288515,27.311142181465918,18.926464605616875,0.606859306763839,-26.227671238992823,97,100% Pure Floral Nectar
18.3699689568912,82.32936208738492,4.644468869604773,19.289604076067544,0.4851908357969128,-26.04295338478025,95,100% Pure Floral Nectar
20.72719070963618,77.34606441752564,62.292091349004394,8.0,0.5282496238513368,-24.905854589656897,12,Acid-Inverted Sugar Syrup
20.936336259345666,80.17572962335034,38.27596319440573,14.0,0.2379139273986665,-24.89706046606825,36,Industrial Rice Syrup Adulteration
17.899559154424107,80.14190520420196,13.718644464942479,12.262063161768108,0.6661811356902697,-25.342487843922548,91,100% Pure Floral Nectar
18.061785675332747,77.82581156496686,17.745726439083118,13.691687929428813,0.3633484495414511,-19.302328778156333,41,C4 Cane/Corn Syrup Adulteration
15.22948362739505,81.69649823194797,24.81542886138265,17.323418570491157,0.45922930370870096,-26.68312360154687,96,100% Pure Floral Nectar
17.33729455535452,82.83342467244142,10.483196328058918,14.049395737151517,0.3746412304817739,-25.823139393619016,100,100% Pure Floral Nectar
20.48054694456835,73.8423851568285,20.010385656831854,5.5999894875591085,0.2537077849637866,-24.87373481710461,35,Industrial Rice Syrup Adulteration
15.952330884418597,81.40359613081647,6.163015631393803,17.351180881823986,0.28536382560607015,-26.04589494931869,88,100% Pure Floral Nectar
15.984390175373086,81.6982823373022,7.716878559542582,22.67625517448574,0.5283213771239098,-25.620035957280177,87,100% Pure Floral Nectar
17.726973336536524,83.44603038627757,5.214391215471403,13.386501947608622,0.4888388355932058,-26.3858096755144,97,100% Pure Floral Nectar
20.096877451965106,81.0,22.403338428021463,4.0,0.226520524878148,-11.0,40,C4 Cane/Corn Syrup Adulteration
20.472398921184126,75.17926819615282,60.671487952825004,0.6383954068976143,0.414723314719707,-25.0588248424789,44,Acid-Inverted Sugar Syrup
15.937127823899484,82.60269607227006,9.713740760683475,20.902193586598646,0.42693049760006735,-27.472555251068215,97,100% Pure Floral Nectar
19.752019556250865,71.7038272746746,62.40857143743184,2.3369396521132866,0.5706441795562127,-27.18035312388395,35,Acid-Inverted Sugar Syrup
15.794323564421186,84.71023765152052,18.456735215832296,16.07067173219488,0.6703516920969697,-26.18817053183762,94,100% Pure Floral Nectar
18.272512389738566,82.45688013652418,32.37346548051586,18.9866749094309,0.38656983314919424,-26.259352005404327,94,100% Pure Floral Nectar
18.567212743552112,80.5,36.12169538864119,2.2570042939624946,0.31288168439138686,-25.003103942993135,15,Industrial Rice Syrup Adulteration
17.3967333679877,74.27558639027231,55.31983649500617,10.30209296643403,0.26715897183267295,-22.930281457599275,44,Industrial Rice Syrup Adulteration
15.796458889507067,81.53498974349179,7.583749832362779,17.22961610048097,0.2996037802829404,-25.706790317030332,99,100% Pure Floral Nectar
19.733028889626354,83.0582499391933,38.0,14.726847920932547,0.4098040083734223,-26.040866492812825,87,100% Pure Floral Nectar
16.0,75.49684273230908,31.528835990955834,5.849789987181184,0.24260875207686713,-22.5,44,Industrial Rice Syrup Adulteration
16.606494518212234,80.5,25.82460871824135,12.105564659856386,0.2809377719268693,-24.18282027856061,44,Industrial Rice Syrup Adulteration
17.839603708706687,71.60332509764166,61.93420998665553,2.504064286672537,0.5014687689912378,-26.13771083735531,42,Acid-Inverted Sugar Syrup
20.413488832046244,78.37639062013699,41.83741480163779,9.075659109749285,0.2960332530747085,-23.36496901166898,55,Industrial Rice Syrup Adulteration
17.75412494681237,82.09000186016328,25.48542706357734,17.959995042267956,0.4407681178284664,-26.627485610982927,96,100% Pure Floral Nectar
18.29051110491696,79.88257260007673,26.87071079768524,15.513532457124773,0.5508293140389677,-26.038099788240245,92,100% Pure Floral Nectar
21.03534568320477,72.83082724832583,51.43832264184003,6.909155883091851,0.1954656700074251,-24.622880989298782,55,Industrial Rice Syrup Adulteration
18.378260860137885,79.69806907666097,31.62353274510255,5.878329056686518,0.5317368329781847,-14.954083439570011,38,C4 Cane/Corn Syrup Adulteration
18.14902544734327,81.38995068119748,13.929725956651962,18.14857391233773,0.41263607518801043,-26.76121857220521,94,100% Pure Floral Nectar
18.416818490144983,79.5,12.113822722096067,21.95625456352641,0.4798697281157297,-24.975675589293186,97,100% Pure Floral Nectar
16.328290893571765,82.83294033947871,2.0,20.368236799231568,0.49318909471855726,-26.05509920637702,94,100% Pure Floral Nectar
17.172507081502644,83.55568030006994,13.92523024044488,18.67065199889771,0.36992815616131275,-26.405019847686926,87,100% Pure Floral Nectar
14.84318653089067,80.70979162388868,2.0,22.663120241583194,0.4196501818302246,-26.713154064412848,95,100% Pure Floral Nectar
16.829679222165144,79.5,5.861792178875248,12.997070105983187,0.483113301674976,-27.027162902512142,93,100% Pure Floral Nectar
17.498611190322112,79.76122860947713,2.0,15.650067027146912,0.3447046600229158,-26.29160468618273,94,100% Pure Floral Nectar
20.408145585108958,73.09118943159373,27.15823136200686,2.0,0.32410953202561665,-25.518176271708942,20,Industrial Rice Syrup Adulteration
19.61774939172677,80.44775366651814,6.80818134284462,13.352913857280669,0.23121444725259513,-25.630409078744943,87,100% Pure Floral Nectar
18.073767743873017,80.05253818765105,8.554250746820598,16.368655888593548,0.35962037771443717,-26.007803374424732,96,100% Pure Floral Nectar
16.876691657707852,83.0525979759177,3.481255285195277,15.687079427865571,0.4222798898711845,-25.82601845035725,93,100% Pure Floral Nectar
17.911576095544426,82.52154021564236,16.124551651627147,14.397684193008763,0.3361831490144225,-26.872527307993625,94,100% Pure Floral Nectar
15.599793122177323,82.132165362241,16.31970500814449,17.52163298832377,0.5323384312953853,-26.321814108925327,92,100% Pure Floral Nectar
16.841348346506468,82.52330854121547,26.868955117701194,11.463930786580725,0.5116734436458559,-26.8597392508462,87,100% Pure Floral Nectar
16.045680173861257,80.49992676780482,31.660399425658994,17.007548579036715,0.43619274361958993,-26.7979775134223,94,100% Pure Floral Nectar
18.63345291246968,75.89146093752412,29.758023641020394,15.546376302177997,0.2981834710172099,-11.0,34,C4 Cane/Corn Syrup Adulteration
15.565108628224891,79.5,36.56210923152196,22.873510453302934,0.49134108031577634,-26.450700348749596,88,100% Pure Floral Nectar
21.5597669768103,74.43446282273374,45.65443945643575,10.542673353416708,0.33182441892198067,-15.055669924404881,68,C4 Cane/Corn Syrup Adulteration
17.999147626066524,72.83213670996705,78.09529555011913,2.7444409824624465,0.5218160614169121,-26.288023747368115,20,Acid-Inverted Sugar Syrup
17.12192329127921,80.37956878153834,10.004299685313292,13.91635759236204,0.4714847481081058,-24.67589041785748,87,100% Pure Floral Nectar
19.085549889141205,72.90852773792393,53.93957654956412,4.566109352339883,0.33971977626115113,-25.18952545888925,37,Industrial Rice Syrup Adulteration
15.0,76.94752182567396,30.118687972143853,12.000599040238928,0.39822293600551617,-21.0,63,C4 Cane/Corn Syrup Adulteration
23.196633229427682,79.03988208360306,30.564617745704354,10.398841955566315,0.4232247331702278,-25.695479165240016,46,Industrial Rice Syrup Adulteration
19.795729592867865,80.363471893719,11.028012779927316,12.340921428827395,0.39327021442175747,-26.077968226381508,90,100% Pure Floral Nectar
16.35213824436839,82.27244790499338,5.6600626294420415,18.675391364762994,0.4568036330435805,-27.02472547740096,99,100% Pure Floral Nectar
21.20584040074283,76.32538184060076,34.936710323402004,2.0,0.11765214959475179,-23.40860245571164,36,Industrial Rice Syrup Adulteration
19.8,83.05374346367776,3.004536013365894,19.57176628872969,0.40828551650711087,-25.853293731774993,94,100% Pure Floral Nectar
15.888891075294564,79.5,2.0,15.156120291450106,0.21048371610300215,-26.65847072413103,92,100% Pure Floral Nectar
17.069378187863585,77.70703544527365,30.208170144344663,11.434797686447915,0.26549609714641803,-23.49268064213357,48,Industrial Rice Syrup Adulteration
20.798479562949193,75.741806719928,42.95096462741283,7.364100526503987,0.28046592463386216,-23.9851856830558,31,Industrial Rice Syrup Adulteration
17.549137157195055,83.41515486175355,7.224845447715525,14.741600737613917,0.4527973499502197,-26.277244331541265,89,100% Pure Floral Nectar
18.62349428908903,75.30758958084297,27.59887234227648,6.049261027954273,0.26942138166638446,-26.10726650895365,46,Industrial Rice Syrup Adulteration
16.748751343104125,80.25975838092964,2.0,15.676419201205446,0.36172918655459885,-25.677222771189214,89,100% Pure Floral Nectar
18.5652766816954,82.02183229393613,2.0,13.949031152789873,0.524650823464054,-25.55672684497015,94,100% Pure Floral Nectar
14.522843034412311,83.3611414042708,2.0,17.372376036082162,0.40229541742798175,-25.474316972631787,94,100% Pure Floral Nectar
15.724844613195103,80.53458913328869,2.0,9.0,0.43330036544306666,-25.512908447577132,95,100% Pure Floral Nectar
18.393883145171106,82.48051409332817,2.0,21.44418783949155,0.3546854048213417,-26.07072508059359,94,100% Pure Floral Nectar
18.82362166158135,75.91668561829306,37.1449067236487,10.76374657542394,0.2986189246140256,-25.112739986698678,49,Industrial Rice Syrup Adulteration
15.543438082267915,82.5464724983202,5.10438899325508,14.546462543401988,0.19605048781804926,-25.698690710521237,91,100% Pure Floral Nectar
14.986333017155012,84.08368858286275,10.941085656163303,13.987678973674305,0.4985226828715461,-26.043349032022913,90,100% Pure Floral Nectar
17.05675561754127,76.53172598632261,25.178756105087402,8.381966802790917,0.38935806503357157,-15.410938395445738,68,C4 Cane/Corn Syrup Adulteration
15.906073598024374,79.5,23.3941023980842,12.224633957312491,0.430804990064035,-26.833288415620284,98,100% Pure Floral Nectar
16.993758099134677,76.83206348964059,20.850037743058774,4.890863848487412,0.3172212310375785,-11.716080256150647,33,C4 Cane/Corn Syrup Adulteration
20.949962816111768,78.30796044054193,23.123404481814973,6.682902151677288,0.5144781646216389,-11.572072833664372,59,C4 Cane/Corn Syrup Adulteration
17.0,75.40229042131953,60.76993443630603,1.0712922313222624,0.6499565499320996,-25.53546636248162,44,Acid-Inverted Sugar Syrup
18.241868760099912,81.44023511072824,6.318276653092384,18.01510864680331,0.3354767610934942,-25.365451284688323,100,100% Pure Floral Nectar
16.006601437898244,74.89807598817262,38.03710573454491,11.854939638682396,0.2843268330217211,-26.56118547639341,50,Industrial Rice Syrup Adulteration
19.585740417696744,73.63700396103964,40.80378376985219,11.509854714658239,0.20586262700239333,-24.963251156445775,41,Industrial Rice Syrup Adulteration
19.441179110760032,77.2756326361579,72.79179631500098,4.915714428099673,0.4637231567503532,-24.58970410917796,25,Acid-Inverted Sugar Syrup
22.3611773121855,72.30480294228518,62.977703692026545,6.1217382345466875,0.4941999693834308,-24.425911074269706,24,Acid-Inverted Sugar Syrup
19.091970769847446,77.36951987117126,45.25289774298553,6.799320392854527,0.21746086855266508,-24.714305775301625,37,Industrial Rice Syrup Adulteration
24.509904301097606,74.96274914909219,72.29295718640475,3.914057035663945,0.46084814379857775,-23.857899587820526,19,Acid-Inverted Sugar Syrup
18.698210333642997,81.72165595062647,2.0,13.722910122686738,0.2704391647654951,-26.802540737331157,93,100% Pure Floral Nectar
19.798386440078893,75.45410243771308,60.948223321955105,6.41001083610967,0.22619901895919656,-23.6994012032167,44,Industrial Rice Syrup Adulteration
16.290877746350002,85.0,2.128969205710705,15.438469061183698,0.3095300128996227,-27.382050350689177,94,100% Pure Floral Nectar
18.057883467087596,81.32921199098166,26.391611196221874,9.438492344744592,0.45808351599064334,-25.641625499491653,87,100% Pure Floral Nectar
19.552617076061704,79.0,74.58631411352889,4.709418438385218,0.43183685647918524,-23.70735399025063,46,Acid-Inverted Sugar Syrup
17.315197584985594,81.16371249021662,2.0,15.849518394773682,0.4816225643105682,-26.5968358085382,93,100% Pure Floral Nectar
18.266141492085215,76.80207904798203,36.393589323676466,14.0,0.15280554625966128,-23.55095336790985,44,Industrial Rice Syrup Adulteration
16.215396141759065,79.38177945081256,30.020769891925763,6.548618057814625,0.22320688822864487,-22.5,35,Industrial Rice Syrup Adulteration
16.251157041265206,83.83611226068571,2.0,23.270402188574035,0.5580164164415539,-27.81394832175959,91,100% Pure Floral Nectar
21.240277809609115,77.95117918088062,40.56313472270253,10.0407176955396,0.36143797607026357,-13.405016620396959,28,C4 Cane/Corn Syrup Adulteration
16.103445390729267,83.32247963291846,7.4698270232322646,23.701564726014084,0.49101614293740187,-25.842321087935865,99,100% Pure Floral Nectar
20.708803121501887,76.1532874745802,31.76413626859246,7.761916896662742,0.29856131731229246,-23.639920015586593,58,Industrial Rice Syrup Adulteration
18.243007438028194,82.05807926826031,2.0,11.30997547340641,0.451422864869487,-26.92476686566214,87,100% Pure Floral Nectar
17.80234883356176,73.23075805608926,65.13126568907113,2.360791849988442,0.5730767982516977,-23.22669836491662,37,Acid-Inverted Sugar Syrup
17.45185181161487,82.24535781543148,2.0,19.050826519480342,0.3925458787296742,-26.493573140258366,92,100% Pure Floral Nectar
15.985893850713115,76.97417888914349,28.059454419517337,9.412872666469056,0.374100313766236,-15.779791990953887,31,C4 Cane/Corn Syrup Adulteration
18.026916762969233,82.02887803180631,38.0,17.33247193764314,0.21791951786446023,-26.82477773925048,92,100% Pure Floral Nectar
15.671292539446561,83.41643933893762,20.785202194607137,19.399940742696696,0.3134444476078054,-26.063839516666008,94,100% Pure Floral Nectar
19.588089126574097,74.5627888631412,92.85868982664485,2.764171917178884,0.773352648956888,-25.800083478614038,23,Acid-Inverted Sugar Syrup
19.8,83.4107681139633,4.5928782140749185,14.319928051687924,0.4102464542383697,-25.561753838404943,99,100% Pure Floral Nectar
18.44548311387281,81.60203368596027,4.440042426871094,17.769067568769522,0.2526842699754699,-27.07671417091369,92,100% Pure Floral Nectar
17.50440602245161,80.55620562424654,8.215412166554525,22.54502382025076,0.37133959601350947,-25.781211787671232,96,100% Pure Floral Nectar
17.322396866761,78.52190934087109,33.56833850726313,9.543378266024732,0.3087484950676431,-11.0,60,C4 Cane/Corn Syrup Adulteration
17.789362122145146,82.48450303224465,6.961003376673735,13.103433761571457,0.46223532890496666,-26.980411245739777,97,100% Pure Floral Nectar
21.82745545518259,76.31220892022965,54.32926937008784,5.9341132802580665,0.38458037717594973,-26.27286058568094,25,Acid-Inverted Sugar Syrup
21.15104513870812,79.76843167546856,11.574763921219958,9.199293483012344,0.262730806408599,-20.303523323405628,20,C4 Cane/Corn Syrup Adulteration
17.43710515365051,81.70427817035215,13.359052616643531,24.116808553965647,0.6515123995945539,-25.600561785353428,94,100% Pure Floral Nectar
17.491735931126573,79.5,8.820650503232615,19.00930360733819,0.3604552949110191,-26.97670291743616,99,100% Pure Floral Nectar
17.67122656778193,76.13026783158548,31.520405285548588,6.3881269626703805,0.4095963308831091,-14.876300727332618,59,C4 Cane/Corn Syrup Adulteration
19.594858721614695,82.92239165107954,23.932676834646102,14.424196765125634,0.18,-24.845157624009627,95,100% Pure Floral Nectar
19.234564928649448,81.76832904876686,11.370630626305843,18.74796987012177,0.42217421731510457,-26.324969474652306,87,100% Pure Floral Nectar
16.9760860580512,81.92345039394834,4.538867607701481,13.4577566990772,0.6292923821359174,-26.030022558718017,96,100% Pure Floral Nectar
21.208713428673764,75.18566461064016,84.30299729362274,5.604175838432555,0.5923173500917364,-25.71765408089288,43,Acid-Inverted Sugar Syrup
17.535166300749527,81.35597820982362,12.729902287374152,17.913909618936067,0.5108072403424113,-26.784338101811205,96,100% Pure Floral Nectar
19.621623739459007,80.5,46.59507759956124,3.6998882560133097,0.21619536857012278,-25.660117583258675,28,Industrial Rice Syrup Adulteration
18.967617744798055,81.80212110197505,2.0,18.748338588833896,0.20260321834579353,-26.173583345017725,100,100% Pure Floral Nectar
18.992235458900808,74.549624344834,31.523838379097736,12.419274859355681,0.2634353455421683,-15.107708214137949,61,C4 Cane/Corn Syrup Adulteration
18.549430763512873,82.24253040894567,8.391632789039402,16.891848117725377,0.5960851185993213,-26.274333688923775,94,100% Pure Floral Nectar
19.43525306930429,76.12881648182955,67.77330437824686,4.928750562276831,0.5471404903219668,-23.71937750105776,35,Acid-Inverted Sugar Syrup
18.057456311619042,81.53078538481994,5.338034974587341,13.669080683556789,0.5332441961279809,-25.04237551530091,97,100% Pure Floral Nectar
19.966027905412712,74.91728643199822,43.74165523052088,5.389276754753515,0.44321094143287093,-26.08116420255132,23,Acid-Inverted Sugar Syrup
16.252309199571656,81.33832208659886,2.0,14.410285636635486,0.38371805204018994,-25.72055642917199,87,100% Pure Floral Nectar
18.905041765467875,74.01357593581524,36.759756557568636,12.53220292385554,0.32380281451436765,-12.078084237175773,53,C4 Cane/Corn Syrup Adulteration
22.512210194834807,77.24825643595844,29.83141922162203,12.280939583301842,0.4824277763129671,-11.131807517615087,30,C4 Cane/Corn Syrup Adulteration
16.642433260033165,79.54709675884274,23.99396465047437,13.123741736406311,0.3569876383596483,-15.11492302260132,34,C4 Cane/Corn Syrup Adulteration
21.84331887329722,74.54320666143175,37.367462288962884,11.026835664043423,0.44719186938202443,-14.140026724872014,43,C4 Cane/Corn Syrup Adulteration
17.320601436264923,80.07225208354961,38.0,19.148793719590962,0.30062739384819653,-25.95953327379333,92,100% Pure Floral Nectar
16.587558379547225,83.4862264836734,38.0,15.593298979484416,0.42439243878756944,-25.797231407695328,95,100% Pure Floral Nectar
17.822443735508195,82.41979436901278,17.290790359505724,20.50755838825181,0.2904631296510546,-25.440445716335955,93,100% Pure Floral Nectar
17.11353012019582,81.8467048062969,2.0,21.003619519469495,0.2616965936678641,-26.953471547945814,96,100% Pure Floral Nectar
21.29117262695668,70.397045904728,80.51867752360988,5.467657368851807,0.5303204440483085,-27.5,36,Acid-Inverted Sugar Syrup
17.0047752140466,82.33510162375764,4.034488465228705,18.34961770820063,0.75,-26.688903495436335,92,100% Pure Floral Nectar
21.28399139622534,77.13839167771023,29.26853356374888,4.762843794319341,0.3474324739645513,-15.463821091951868,31,C4 Cane/Corn Syrup Adulteration
20.291657540661102,68.56552245838095,73.09003778144937,4.148384375570669,0.700043618350856,-25.248840040431396,22,Acid-Inverted Sugar Syrup
18.288370293870315,81.84061644475563,38.0,18.042231013433017,0.49029755802655867,-26.34388816765871,98,100% Pure Floral Nectar
19.480061763799807,82.71799107360705,7.195587029217933,18.3872115369236,0.3584430907238626,-27.849191481159377,92,100% Pure Floral Nectar
16.46325300087561,80.62019215440327,11.366141220908103,13.234053050897536,0.2946975385363172,-25.972906518438446,94,100% Pure Floral Nectar
17.338241723645403,74.5813443574321,31.502977159594845,12.989924363244747,0.38039701778943336,-16.81247266869425,47,C4 Cane/Corn Syrup Adulteration
16.041373691091792,81.0645491643632,16.10861723022655,17.465685210871456,0.5429863719319117,-26.037907200847084,93,100% Pure Floral Nectar
20.114666566708554,78.32138191154903,39.39050328762064,8.351713091356483,0.2491004038801201,-22.5,28,Industrial Rice Syrup Adulteration
15.69900538322015,80.81825983141952,13.61885997403818,17.98914879653322,0.34572134365827806,-26.755271940468038,95,100% Pure Floral Nectar
18.511767555700747,79.41144298198557,42.46346271161976,13.62676748130095,0.3441130144757679,-16.17534402135163,31,C4 Cane/Corn Syrup Adulteration
16.28632642897665,81.93871631906303,17.554014216800194,16.580646073170183,0.47662439374520105,-26.553780931516688,92,100% Pure Floral Nectar
17.996576310859385,84.12524076166807,32.45704748661446,19.757201876008494,0.5230047878366553,-26.919274449191228,87,100% Pure Floral Nectar
17.88882638718992,79.5,8.619821256055637,15.806177462032721,0.2787962177074912,-26.090206299684034,94,100% Pure Floral Nectar
15.266537555584716,80.9996834926464,9.768928434680156,14.240908654778455,0.4776733458298313,-26.97180305015047,85,100% Pure Floral Nectar
17.991958867658653,78.71882069465856,24.565806217014575,17.97619317520759,0.2017972318188989,-13.538549514501462,32,C4 Cane/Corn Syrup Adulteration
22.519321266919277,72.14857881515574,73.3397137098416,3.3407558422039347,0.6012839892209181,-22.831694238996164,35,Acid-Inverted Sugar Syrup
18.306875838827875,82.60985224873714,19.99307539294103,19.860881262050604,0.5080017608613817,-27.26014554563351,94,100% Pure Floral Nectar
16.878280517194728,79.81670034227162,8.151762612543582,19.789563674436003,0.5858920009086519,-26.278975820648615,93,100% Pure Floral Nectar
18.8917127228304,83.52295703145228,4.131769803569036,12.421876958545212,0.24545263137063306,-27.80645074081789,96,100% Pure Floral Nectar
15.717101069355467,81.13821493499258,3.2064620591050654,16.74980310817969,0.504475761215308,-25.727481991723174,95,100% Pure Floral Nectar
18.930136268009715,84.34230452551053,21.27599990044065,9.0,0.5186810758425062,-26.393341712041302,89,100% Pure Floral Nectar
19.10095761374697,72.94694304862877,32.54528400456282,8.968861440189094,0.18372194757999458,-25.699610134369237,40,Industrial Rice Syrup Adulteration
16.878852958304762,83.28156016114339,2.0,9.880086660717337,0.5181976483583954,-26.683535667061886,85,100% Pure Floral Nectar
22.16204228930706,75.53195855646885,73.31779024255914,0.9146213906695384,0.25,-26.972715436669922,10,Acid-Inverted Sugar Syrup
21.378590488372645,71.85480663545381,59.592587507184945,3.4245509668157306,0.6150942966947339,-25.05069899660993,35,Acid-Inverted Sugar Syrup
16.914856749752246,83.14295858277056,6.165834619851745,14.452617616179923,0.3888375763870717,-26.41215760525637,94,100% Pure Floral Nectar
21.56000043269751,76.53896796919041,87.274841308087,6.234242371989467,0.7244084379481567,-23.64959473610365,41,Acid-Inverted Sugar Syrup
15.665214878346717,82.42140116676826,37.994064076675116,20.22118702829046,0.3774937660900031,-26.630608773307383,95,100% Pure Floral Nectar
21.19731011024128,73.31980035557967,42.0,0.885307550229435,0.42935086313142407,-26.192312141293222,31,Acid-Inverted Sugar Syrup
18.07109000166076,79.57286659047723,18.20956658920318,14.866379600210031,0.5100563834322114,-26.39402366937458,98,100% Pure Floral Nectar
17.980934428892606,82.41349605024583,2.0,16.473160962706846,0.4441835526939002,-26.407704425139883,93,100% Pure Floral Nectar
16.928643405718073,80.98117830729231,16.239098321177792,20.10957845934731,0.5671325502400881,-26.14998619000911,94,100% Pure Floral Nectar
20.103140310079738,75.3351643239057,30.89543537117934,11.034648632528397,0.2771327215883068,-24.163296552088678,30,Industrial Rice Syrup Adulteration
21.663752186997975,79.37077293905303,10.0,8.0734473194921,0.28073203207204,-11.0,47,C4 Cane/Corn Syrup Adulteration
17.869872780801668,77.82509494275932,19.96248576900068,11.353959377064985,0.1537570487271447,-16.01983277333292,38,C4 Cane/Corn Syrup Adulteration
16.516924028596016,82.0819037160043,10.631887507905773,12.103413468475416,0.32444517732094913,-25.74340727979606,95,100% Pure Floral Nectar
17.5992111183691,77.385850798516,10.0,6.838992941525342,0.39140129419446906,-12.593995860138444,55,C4 Cane/Corn Syrup Adulteration
18.988747550657912,80.46870191224022,22.127403310979993,15.848316718524691,0.31892451398759175,-26.74311712076359,93,100% Pure Floral Nectar
18.421440259592202,83.76835548104125,2.0,17.916800544892133,0.5450079423185517,-25.843658173077763,92,100% Pure Floral Nectar
16.477537380495676,79.5,5.735654518795378,12.704041770266754,0.4096963319042686,-26.746954127015538,95,100% Pure Floral Nectar
20.935984159766495,73.74682992641542,35.57410807552965,8.244370554236221,0.2590327839709701,-23.85297711708452,37,Industrial Rice Syrup Adulteration
19.60427035685448,79.0,95.32474820578429,2.938556409042454,0.5958312911891762,-23.801575576315276,10,Acid-Inverted Sugar Syrup
18.97367560886127,80.39029066134194,4.564156238857409,15.42191443221402,0.4000217298862145,-26.522670354075018,99,100% Pure Floral Nectar
21.635032805899094,73.72098932090138,42.00673685370997,6.124317408864631,0.7476349235993154,-26.43283455797943,22,Acid-Inverted Sugar Syrup
18.223069766693133,85.0,14.864565820146648,13.972825511588175,0.4266756148518946,-26.55175442218155,92,100% Pure Floral Nectar
17.123987186875063,82.14038364137225,23.580888496546606,17.065473294382443,0.5216125330809893,-25.596735568357428,92,100% Pure Floral Nectar
16.95375986259473,81.3955787918461,3.3993163781029914,15.46021508050558,0.4198182596462345,-27.860793970521154,87,100% Pure Floral Nectar
18.631056451073192,80.5,41.0611433068047,12.154335509255455,0.2782532739060184,-25.22406307946148,62,Industrial Rice Syrup Adulteration
19.85568019543577,79.89220705038305,17.025908677697046,10.2158487244843,0.5226335310456586,-16.728965502485284,63,C4 Cane/Corn Syrup Adulteration
23.86806957651458,74.07949052449014,82.44036955881535,4.330488867205191,0.8423647113532049,-25.514104602741117,11,Acid-Inverted Sugar Syrup
19.349792208344805,78.01898713170526,16.29050231865987,11.307652783198812,0.2280069100009784,-11.0,54,C4 Cane/Corn Syrup Adulteration
16.437864185664743,79.5,4.726846751927693,18.004474039640574,0.2543217395867833,-27.175222986039383,90,100% Pure Floral Nectar
16.837340995851015,83.62328885764074,38.0,19.455630997335316,0.3690628898889864,-25.805125744276765,93,100% Pure Floral Nectar
19.934117337988347,75.2483803545809,77.21414005580905,7.038174606760309,0.6162493767331612,-25.431787094899125,46,Acid-Inverted Sugar Syrup
17.693839756015343,76.10390396875584,34.01691321285653,12.735350329742786,0.23788121418478056,-25.401670455171896,26,Industrial Rice Syrup Adulteration
17.284322293917437,81.31862440457468,9.690806881801645,24.914453781715068,0.2665516974216892,-26.894062838580954,95,100% Pure Floral Nectar
19.713295898277252,83.7739588453379,6.828561688530713,17.17575323888065,0.4302407730953872,-26.745169622683406,96,100% Pure Floral Nectar
16.0,75.56146021318207,29.970601508607267,5.123833348313498,0.41200817710468374,-22.536930463485632,37,Industrial Rice Syrup Adulteration
16.025095467488306,80.91112515282101,5.308910484741203,14.22653853004818,0.3921757792049052,-26.583097056258573,93,100% Pure Floral Nectar
17.864577526031933,81.05667027501501,21.205863942608712,22.14163907513073,0.462777252560339,-26.778097327624526,94,100% Pure Floral Nectar
16.76663498496041,81.29586123008943,2.902636363255639,16.64270169131014,0.2607746928759572,-26.373340845996353,91,100% Pure Floral Nectar
19.569721390683437,75.98748592315056,23.350802470660405,8.292679252050032,0.265691373952339,-24.918857823050814,41,Industrial Rice Syrup Adulteration
16.994197197720116,82.47152897337162,2.0,20.818531182434413,0.75,-25.494246533826,95,100% Pure Floral Nectar
16.15713629727097,80.44309504315119,8.162989021124108,18.954031038094104,0.5480961421284822,-25.745697577920055,93,100% Pure Floral Nectar
17.478683573802858,83.67231793471456,2.0,20.844773814782148,0.6011428791238624,-27.78863354661713,95,100% Pure Floral Nectar
22.630628198153,76.90118917117061,28.47219282532192,14.0,0.19218641800622266,-24.132781142890344,37,Industrial Rice Syrup Adulteration
18.66959526782619,81.0,31.955527387948848,8.636434319158383,0.34919663964407277,-15.64556723944356,59,C4 Cane/Corn Syrup Adulteration
17.601973831282553,82.79158205552459,2.0,17.666611628020373,0.49065983418503367,-26.27523217926646,96,100% Pure Floral Nectar
16.465671627208316,82.08591154689675,38.0,15.765304391217434,0.5421037708716752,-25.671981296096117,93,100% Pure Floral Nectar
18.58760911321443,79.72822786809562,38.29439082180721,11.717301456122456,0.48318803042753533,-20.323648355710617,51,C4 Cane/Corn Syrup Adulteration
18.82318248769487,73.57920280689618,36.85406890753217,10.660573700578308,0.21756256096766252,-25.953698385418164,51,Industrial Rice Syrup Adulteration
15.48134905880821,82.34073204517139,8.432056110051537,12.605947149709717,0.30247011141418145,-25.489232314574064,100,100% Pure Floral Nectar
16.469491453307437,78.32207781202102,20.54586632923011,13.572736876980043,0.3816446758582215,-21.0,24,C4 Cane/Corn Syrup Adulteration
21.56506618121855,78.82643122268718,18.287649019412846,13.322522697405978,0.37270157369559054,-18.921001714188804,44,C4 Cane/Corn Syrup Adulteration
15.186067088522544,77.4229021293125,22.500186988771798,15.56387845363738,0.2597380208628767,-14.139534263803375,42,C4 Cane/Corn Syrup Adulteration
16.0,70.37876740455492,40.40184644756561,10.24295620154945,0.21226867282590897,-25.685399837260988,32,Industrial Rice Syrup Adulteration
19.097554505861684,72.478337116378,36.55402899945596,5.461491731056547,0.23015916740984455,-24.359039775997978,45,Industrial Rice Syrup Adulteration
14.0,81.7242068759289,4.971710992699582,11.618034487613624,0.40506520443426935,-26.30179460200962,92,100% Pure Floral Nectar
14.979623362866858,80.24357677318399,27.800201055855876,16.365403465372264,0.18,-26.777808758706236,98,100% Pure Floral Nectar
17.65307604407937,75.01177929252275,31.25015613710086,9.243348934918878,0.37294699456963826,-25.71199343388174,35,Industrial Rice Syrup Adulteration
19.8,81.418826119911,2.006464084133245,20.160260828796968,0.48240052569609715,-27.225258981475164,91,100% Pure Floral Nectar
17.24591579357622,83.14767572322224,7.643705753613805,17.73684342683355,0.3956491252158927,-24.852066879978924,96,100% Pure Floral Nectar
21.455059701690573,78.78488539243916,53.116481834861005,6.001824449565965,0.3618860476454603,-25.591618635170043,15,Industrial Rice Syrup Adulteration
16.719707682194088,75.22796120624352,31.19025515399281,5.069676861575754,0.21744084954583381,-25.692234994278497,37,Industrial Rice Syrup Adulteration
19.805760742944578,76.8447105332928,31.52703918589986,15.254052171332596,0.49120694308092794,-17.824595566044607,49,C4 Cane/Corn Syrup Adulteration
18.98482505779021,81.86031451699827,4.541027051048702,17.44356080779674,0.38030273765732736,-26.055685294594777,96,100% Pure Floral Nectar
17.920002231306082,81.0,39.79103432405397,8.289185136102285,0.24533339413683108,-12.674923735836853,61,C4 Cane/Corn Syrup Adulteration
16.87153120205962,80.20286038638174,6.691693204965443,12.432781915123018,0.3721689553303489,-27.170011649452263,89,100% Pure Floral Nectar
16.988827203806625,79.63044744822406,26.244696205387797,20.187758020245333,0.3155804210664117,-26.01402116005523,89,100% Pure Floral Nectar
17.5195645469393,80.5,27.872979895053547,10.604785440486566,0.2490279229115453,-23.00234799753212,41,Industrial Rice Syrup Adulteration
19.755032917379086,80.5,45.59203191469905,7.443366989189808,0.23204888286347217,-25.276347358968913,43,Industrial Rice Syrup Adulteration
17.699957600116445,82.02457579175687,21.830163510866697,24.896501188961032,0.5190668489843479,-27.010932749551976,93,100% Pure Floral Nectar
18.118261087141665,80.18648202792424,3.8467920523951964,14.494734634701699,0.32630340581052075,-26.554597996090685,92,100% Pure Floral Nectar
16.45054053966451,81.93004547528992,11.492362626503038,23.52491966207289,0.5435480308587302,-26.547229441005843,92,100% Pure Floral Nectar
17.86658413534817,80.73061476913226,12.755413176219758,9.124369295139962,0.3412095838195308,-17.28910237064742,46,C4 Cane/Corn Syrup Adulteration
17.54780306111431,81.0,20.87844341422126,13.042056348487446,0.271141428807201,-18.636328868295884,45,C4 Cane/Corn Syrup Adulteration
17.72794055146306,80.61636613764325,12.437042461329881,14.34610939235111,0.49752544121144776,-27.79793320563258,88,100% Pure Floral Nectar
21.073539512750507,74.90067835962749,28.59609908077067,7.770363009295458,0.2636992861997008,-11.0,38,C4 Cane/Corn Syrup Adulteration
20.006079377696405,76.55180857801695,41.23317578889019,6.523591180132962,0.3152077210720302,-25.948323415171004,44,Industrial Rice Syrup Adulteration
17.94189826517718,78.58944890375035,41.97016704833874,4.754307784754891,0.1977574508429492,-22.5,38,Industrial Rice Syrup Adulteration
16.791464223518236,81.9085416222671,22.492904002467498,22.862228911070297,0.514322074897705,-25.848050736854283,95,100% Pure Floral Nectar
17.681537958787978,75.89920842239441,22.206752015525147,12.921285617433997,0.12151622583414232,-24.37498717532455,27,Industrial Rice Syrup Adulteration
17.39775999612245,81.4356486162628,4.246575312901399,9.0,0.5209297846327698,-27.020227571870134,95,100% Pure Floral Nectar
19.199951071251377,81.0,30.71903185051927,5.99029615902931,0.15,-18.610981649564195,57,C4 Cane/Corn Syrup Adulteration
23.246352753796018,75.74722141093928,42.0,5.3791611034988955,0.5079158754164995,-23.998362241259652,30,Acid-Inverted Sugar Syrup
19.04839002765555,80.35885330910034,52.24889151923237,8.472574583538751,0.1833187866542816,-24.47023344301364,39,Industrial Rice Syrup Adulteration
17.349002318768655,79.78741095054578,10.668076964823143,15.589687736039021,0.2791029153022663,-27.564582984737466,88,100% Pure Floral Nectar
17.46558863465455,79.5,2.0,14.833976004581961,0.4261096434642567,-25.80098527539741,91,100% Pure Floral Nectar
22.371393466838267,79.0,93.4936158144883,7.2449248008109475,0.4335395211778666,-25.045604027281804,30,Acid-Inverted Sugar Syrup
23.027679093080998,68.0,84.92412750509928,6.551499944965254,0.6242239031067671,-25.90344483464353,37,Acid-Inverted Sugar Syrup
16.52255983232395,82.91386879545486,11.130919612906432,12.679802521210505,0.37666954039357564,-27.184895714037246,91,100% Pure Floral Nectar
16.59441853705253,81.99692512264988,5.4153907800775585,16.029209019706236,0.3465968253957842,-25.8253230024809,91,100% Pure Floral Nectar
20.279106926493565,73.62243611371225,36.14766491600792,7.16859598916459,0.25620286602741926,-25.24941379972994,37,Industrial Rice Syrup Adulteration
22.91631077098049,78.70985392636017,42.0,4.169684360604884,0.5760042414935551,-23.422129129857836,36,Acid-Inverted Sugar Syrup
16.27193871542867,79.5,14.82615175628361,9.0,0.2209470449896763,-25.938418747106052,95,100% Pure Floral Nectar
20.86063567835525,78.26999886298641,33.066409890045186,12.728033291439433,0.35257553509232625,-15.359086121463298,45,C4 Cane/Corn Syrup Adulteration
18.331740833701527,80.89354124713043,25.335976224109523,16.55506089291928,0.35350584178711136,-11.0,50,C4 Cane/Corn Syrup Adulteration
15.601635240213092,79.9008105787108,33.321967867472445,23.705268449766518,0.18,-26.5969055568687,92,100% Pure Floral Nectar
19.799653784065555,75.2866881968913,80.38128638917053,4.311854255582409,0.6009775081528402,-23.924496670529336,26,Acid-Inverted Sugar Syrup
18.556378517121054,76.61979333341647,55.64210460479268,0.9882794107673885,0.628893187472191,-25.881966270735383,37,Acid-Inverted Sugar Syrup
20.59867067946295,71.77326975246004,29.45177948335908,3.412179212266911,0.2121035260748546,-26.241015912554836,25,Industrial Rice Syrup Adulteration
19.083420377472528,79.36113376622872,24.23566330811269,4.28795305566346,0.3298258411649445,-25.2481462417009,54,Industrial Rice Syrup Adulteration
19.48537582550429,80.39468307651242,9.202090847309519,22.258572498323193,0.7111413604610131,-26.545954501667623,96,100% Pure Floral Nectar
18.259504151981773,79.7709811120395,24.86756987790867,19.6405218212633,0.41065103444024176,-25.963607988979188,96,100% Pure Floral Nectar
21.784460826181533,75.66556872780014,75.44186534229408,3.3645886523473556,0.4328584978079272,-27.233111027779646,31,Acid-Inverted Sugar Syrup
16.972089931498786,85.0,15.209776547608254,20.881070373578275,0.30045729052848036,-26.455385555669153,92,100% Pure Floral Nectar
16.933295651603064,79.5,6.1679418562374355,12.202247923754772,0.42151853569783854,-26.479219453803044,97,100% Pure Floral Nectar
17.40012033266919,80.48234404699863,15.289435373781705,18.669575776980352,0.24633386648904498,-26.684449795959296,86,100% Pure Floral Nectar
17.857661201912634,77.23571157740399,27.216274143225956,16.36226644536525,0.33811791572709193,-16.8086209596569,45,C4 Cane/Corn Syrup Adulteration
20.448236936467396,78.54890788205334,34.23715081889215,10.80643227457825,0.28850182465893676,-16.926073640704217,31,C4 Cane/Corn Syrup Adulteration
20.149319125698504,79.92695581620158,25.275015590174583,7.5530383670679715,0.2994343721821528,-15.773706297547923,30,C4 Cane/Corn Syrup Adulteration
17.556309198612013,80.5,32.511224519331634,5.134977984370553,0.3035622660007384,-24.424204294544815,62,Industrial Rice Syrup Adulteration
17.858964552668063,75.7108939818896,17.092279870516304,4.544123466371545,0.4857184246974271,-15.665164448185376,53,C4 Cane/Corn Syrup Adulteration
17.548358906263203,76.75264976683933,42.297830079490026,11.58774039743459,0.28702864093311503,-26.644460185667473,35,Industrial Rice Syrup Adulteration
16.64623033542764,81.0,30.576377634605546,10.37979582808284,0.3983911942379472,-16.205516983368387,32,C4 Cane/Corn Syrup Adulteration
17.315415654108303,85.0,3.2209432599811616,16.629977801244685,0.5150564878974563,-26.436787913344133,94,100% Pure Floral Nectar
16.424976461608807,81.24431633766744,15.821593395759812,15.057426912628031,0.3783763214490467,-25.392281450798905,95,100% Pure Floral Nectar
17.29859004015808,78.85664600740921,40.35311783582069,5.761340229318982,0.29564900149107703,-25.07864242804293,38,Industrial Rice Syrup Adulteration
18.77507430669294,72.12552662592717,45.0715590916468,7.536354279833138,0.21611087918851152,-24.63875565490147,45,Industrial Rice Syrup Adulteration
19.580626101093145,78.98417467231688,32.797775664652214,6.490982932174768,0.20960635179959441,-23.924094563714107,52,Industrial Rice Syrup Adulteration
17.893768233268972,75.67495958323485,30.627210304685548,5.73882668644449,0.33290544476802564,-26.96442182707596,42,Industrial Rice Syrup Adulteration
20.46037065227009,72.862116155385,59.09131182980501,7.914883193644037,0.6141932383119465,-26.061949548008233,41,Acid-Inverted Sugar Syrup
15.206459986569797,81.20969689754966,8.659320859822003,11.568632172411316,0.3570397463321563,-27.46757394871005,94,100% Pure Floral Nectar
18.34939115851833,79.66656220654205,10.0,5.1032100782367875,0.349192346352163,-16.183160889602675,35,C4 Cane/Corn Syrup Adulteration
18.103677853597503,82.73744672186344,37.460662684997885,14.024518310518012,0.443255845652051,-26.113920666407214,93,100% Pure Floral Nectar
19.031434886391214,77.00855927320983,30.045237195738007,8.00596424597465,0.36284312142203334,-24.616301293732374,44,Industrial Rice Syrup Adulteration
16.141956776710018,82.92548466685969,18.004117507442324,17.52134799876484,0.22532152640474815,-25.33088424306378,92,100% Pure Floral Nectar
21.605995132891923,72.40032642906185,46.425261169705024,5.530358306838914,0.29245770443537694,-26.553742362086837,22,Acid-Inverted Sugar Syrup
18.993422906429156,80.62724976140198,5.49071379483982,10.805185110832994,0.18,-26.65182851162394,90,100% Pure Floral Nectar
16.882922261610236,82.5942401883743,3.3663529506974648,17.47271315639133,0.43449245586616336,-25.62155752397679,93,100% Pure Floral Nectar
17.52790062555113,81.16390757521324,6.458711924458525,14.690962280444106,0.6214540568864225,-25.869586120053064,94,100% Pure Floral Nectar
17.651805984473324,82.53306898366192,3.857276578050056,15.974325928337764,0.5920661361835524,-26.638839812885305,94,100% Pure Floral Nectar
18.338924104317538,82.55755503845636,2.2543798325453204,11.284842997267035,0.6435442945680212,-26.022670952273067,92,100% Pure Floral Nectar
18.081480378693055,83.61970326778356,19.079655004517264,19.766596990048416,0.3295550826165905,-25.838367055480873,99,100% Pure Floral Nectar
18.479018476726548,80.19103779889686,38.0,9.968064430775382,0.3576390626155638,-25.432503403607328,89,100% Pure Floral Nectar
16.294288511212194,82.55620855334945,29.0315439488635,17.903202355069638,0.5003861388258889,-27.251090787977756,95,100% Pure Floral Nectar
14.22654598596627,82.14011844901154,12.762732921952269,9.072546582963554,0.4559753848995796,-26.322238154086616,99,100% Pure Floral Nectar
19.434655307931287,77.21231297195479,12.909408969791205,8.334548970805004,0.1248282547841627,-24.234934621095178,50,Industrial Rice Syrup Adulteration
17.370813740503504,81.78225279368223,2.0,13.405269280225877,0.5143191375243757,-26.213434845015257,90,100% Pure Floral Nectar
20.52203374808094,74.54747068447891,79.05328446172622,5.000549136208116,0.3939154379709271,-25.207636346372272,46,Acid-Inverted Sugar Syrup
15.871516870845227,82.64943090274552,2.0,17.945977160201952,0.2856730944304908,-26.60162151760745,90,100% Pure Floral Nectar
20.378847177637546,76.72179705052773,41.3049883026375,7.523723409280792,0.2883348874689262,-24.760246253994882,33,Industrial Rice Syrup Adulteration
19.619295189816395,77.53036392608423,28.77799151868305,6.975993758297873,0.24003879809897286,-24.06035471735259,17,Industrial Rice Syrup Adulteration
16.317774621089463,73.4912734776593,12.028130589919613,10.039587980799636,0.11096893134682256,-22.5,35,Industrial Rice Syrup Adulteration
18.859985816528194,80.39314754814082,4.05357514517634,19.172364546764598,0.39079122302458563,-26.46178216109453,90,100% Pure Floral Nectar
16.87863188249551,79.5,6.3208331585162,9.0,0.24638914724058417,-27.49230342746352,92,100% Pure Floral Nectar
17.867481344834264,73.42256337063283,90.89764486739926,5.89135283796462,0.4689600626170112,-24.192011982928165,33,Acid-Inverted Sugar Syrup
16.548565360507926,84.25517136287122,2.480349633697313,20.62862446698345,0.2902018684483127,-27.52013250073351,96,100% Pure Floral Nectar
21.60229416279604,74.1732642627069,21.185552014538644,8.362158438499158,0.40164059483911485,-17.133895909179525,34,C4 Cane/Corn Syrup Adulteration
19.61457530966555,83.53042253807958,6.7819630835625215,11.304159447117168,0.5289867028910075,-25.879903212342594,86,100% Pure Floral Nectar
22.873060175224833,69.96085982628405,66.78209389816429,5.857603023261187,0.5378897018437185,-26.6789043355062,27,Acid-Inverted Sugar Syrup
20.348919721049683,78.2640073211737,63.59791642154581,4.862897167964758,0.495419029334881,-24.14874532987096,28,Acid-Inverted Sugar Syrup
17.113194386887553,81.85500049444234,5.415392143897763,14.159095333871768,0.5541802258048769,-26.879830996881893,87,100% Pure Floral Nectar
20.073720137470314,78.45080738939036,20.350655517994646,11.047883742599932,0.3282901937673324,-14.107992504195412,51,C4 Cane/Corn Syrup Adulteration
16.567676733376526,80.1323654591244,24.272693721486483,16.707524775058268,0.38477197960909365,-26.80021700755763,93,100% Pure Floral Nectar
17.663768803964988,79.87656075827826,12.353582034381235,18.83114862955298,0.2815820962933627,-26.69948395100251,96,100% Pure Floral Nectar
17.32186589553344,83.04024879045565,2.0,15.601157943199567,0.35472199039527796,-25.612910095020375,93,100% Pure Floral Nectar
17.14462278460068,81.53706367058336,7.272249847191176,19.049867658687525,0.44823806021815643,-28.2,87,100% Pure Floral Nectar
17.972066785335333,81.18807616372914,15.98540852455062,13.68358185918765,0.38182288408062875,-25.42063176451561,94,100% Pure Floral Nectar
15.85593518660875,80.88936288212395,3.5166963500915616,18.546311995228365,0.5258095680912014,-26.117780883355927,95,100% Pure Floral Nectar
18.992559392306866,72.97062552860353,40.73679596445942,8.773960187096517,0.28919488435151003,-23.48871484790831,37,Industrial Rice Syrup Adulteration
18.71309301577647,80.91911690926642,15.09112681121524,17.382339117640846,0.3884591400645128,-26.47158644515231,95,100% Pure Floral Nectar
20.45906964756508,73.01790705548504,42.0,3.397452176842024,0.6082783277423696,-25.071137972375055,38,Acid-Inverted Sugar Syrup
22.61723469520146,75.8719208628903,90.32050871317334,5.053505916531965,0.516392024805537,-25.64673351522488,34,Acid-Inverted Sugar Syrup
17.10741433952385,80.98878614516791,18.821859270474782,9.0,0.5819455576600492,-25.781952636089272,97,100% Pure Floral Nectar
22.583527031648288,68.0,87.34685444623778,4.756561143879347,0.632477175351999,-25.915043030451898,13,Acid-Inverted Sugar Syrup
17.0,78.31937484545871,113.65314006270984,4.194006087953437,0.4502128335297223,-27.00096428609379,23,Acid-Inverted Sugar Syrup
16.877989521072223,79.10574200911638,33.03266095392992,12.83829582962663,0.2327711847595328,-14.49906411103362,44,C4 Cane/Corn Syrup Adulteration
20.255819595506004,81.0,22.89549592547096,4.0,0.23298129245576443,-18.305224398428194,36,C4 Cane/Corn Syrup Adulteration
22.561907234698296,78.61159632862434,23.05236487696468,7.636183414594411,0.2203561624415005,-15.252990889075129,20,C4 Cane/Corn Syrup Adulteration
19.419504552248917,72.46375897685,21.38791744386325,4.953469061473623,0.17178120919120027,-26.851867717514345,47,Industrial Rice Syrup Adulteration
16.769110471065797,79.5355724929213,7.334750452941327,14.88652696911586,0.394131846789726,-27.318988191164905,92,100% Pure Floral Nectar
16.75221346744322,81.13659695908501,5.454179082339308,9.58760614185032,0.2993332834579503,-27.967854141256282,93,100% Pure Floral Nectar
15.0,80.50993583541899,25.929490636056627,7.391118055697683,0.309156239872734,-14.43643321125622,49,C4 Cane/Corn Syrup Adulteration
18.44271759622337,80.23401466190437,2.8595103963094384,14.56089359366036,0.5239047106301212,-26.6263475686071,97,100% Pure Floral Nectar
18.652799783257315,75.83439591428584,53.78262870034451,6.553273255294814,0.4340346460368225,-26.890085429983642,43,Acid-Inverted Sugar Syrup
17.786626613112464,84.07919331399512,14.258361067961676,19.889135011367042,0.41465197206894217,-26.379306399189527,95,100% Pure Floral Nectar
18.338487261447167,79.75890774400682,4.945454297557101,11.419483759065894,0.6049748633798704,-25.77096049328866,99,100% Pure Floral Nectar
19.549487272250992,73.29411590806038,32.35399842326241,7.812816964057404,0.4566343374235349,-22.9548247595714,48,Industrial Rice Syrup Adulteration
22.428608578751,80.08699181335359,38.376334300729766,6.16790030291498,0.20353200012783867,-24.246521026533504,28,Industrial Rice Syrup Adulteration
15.815972449988715,84.70145231762467,8.217850630269542,21.852754075094495,0.3419047613917848,-26.948689217359277,95,100% Pure Floral Nectar
22.403007466086205,77.5334933595101,41.79930344611534,6.395164754322151,0.3108792648815475,-26.21386259080353,35,Industrial Rice Syrup Adulteration
17.91129586910812,80.5,49.6187012065606,12.155351563689766,0.33455309304339464,-25.816714528947138,29,Industrial Rice Syrup Adulteration
14.305581059944172,82.0255723193793,2.0,18.351429139595623,0.5488039898933966,-26.91070105325427,94,100% Pure Floral Nectar
17.3878804874669,80.5,22.584509325755903,6.144906404130871,0.3208673583569497,-23.567505274446226,51,Industrial Rice Syrup Adulteration
16.42134540224385,76.61888951984005,40.099645806777716,6.252322467070674,0.5056656567654577,-18.981890182050527,48,C4 Cane/Corn Syrup Adulteration
19.621686571952843,81.0,34.742421530084265,14.855484182177246,0.24673244709820127,-15.305061640077822,46,C4 Cane/Corn Syrup Adulteration
20.150560843180436,73.27540093617012,55.079847386358644,5.027365650665673,0.42539122859123457,-24.76688822010391,35,Acid-Inverted Sugar Syrup
16.42957278461641,80.16848748846583,2.0,17.610165600051435,0.3054157102099108,-25.89425296138994,91,100% Pure Floral Nectar
18.0758833071044,83.93421719280092,21.276404349031356,12.757204724555276,0.31065959279701866,-26.35552343139023,93,100% Pure Floral Nectar
20.62584916745189,74.90829651093664,41.01588849287009,10.93471437304579,0.10509773225807356,-25.51015695777904,57,Industrial Rice Syrup Adulteration
20.443452619521004,80.74355417452226,31.853928260701007,13.126873903448526,0.44336566014288975,-12.394843706519517,50,C4 Cane/Corn Syrup Adulteration
18.498976179313733,82.7742485700074,4.376078585676426,20.571608534967325,0.256335847964479,-26.457215673222045,92,100% Pure Floral Nectar
17.4240255161939,80.04604748021029,5.241717118468712,14.932803734570353,0.4088880725677928,-25.296205122087546,87,100% Pure Floral Nectar
21.11073561526157,76.88021530197263,29.72765115183849,2.113859760553514,0.3316489717014834,-24.38812648526358,26,Industrial Rice Syrup Adulteration
15.284358945634064,82.89737250977346,6.32830816360176,29.335519316899575,0.3078469304891722,-25.821391224403925,100,100% Pure Floral Nectar
20.17892462997275,72.64078683720969,82.15007367749568,5.5394532537994925,0.5240103813843479,-23.192245922792107,31,Acid-Inverted Sugar Syrup
17.24548507427686,78.83635161599885,19.008937822942364,9.664086103964808,0.3816852338733289,-11.0,20,C4 Cane/Corn Syrup Adulteration
20.393167747396962,79.0,46.77706593003521,1.9994968877500137,0.5038431274570019,-23.79365397936266,31,Acid-Inverted Sugar Syrup
16.05452156320877,79.5,34.439433616506015,17.942858774185027,0.4793426990458527,-26.35588763877054,97,100% Pure Floral Nectar
17.95324759481841,79.25141598456153,56.85148572217705,2.0,0.22573070294463582,-24.970746998071476,46,Industrial Rice Syrup Adulteration
16.357563553978583,80.38820356658795,28.93501575934853,6.8517000503545376,0.37347177328421555,-17.99377295669014,52,C4 Cane/Corn Syrup Adulteration
16.132185310007298,82.97367650160938,2.5354246127658495,19.507690256697238,0.3616097196359216,-26.537767786168338,94,100% Pure Floral Nectar
18.475877605767664,77.65173261331124,58.279674611615455,2.6817226408689923,0.46589019957160016,-26.791414492257527,29,Acid-Inverted Sugar Syrup
23.35561498200048,71.20358372324048,68.80963509191498,6.079462141914001,0.744570168220476,-27.142562120117585,33,Acid-Inverted Sugar Syrup
17.4717506833347,80.7897007560269,5.365441603747576,9.0,0.6241165823299799,-25.807554001655785,94,100% Pure Floral Nectar
16.0,74.50016606337729,31.587962965243367,8.254771742610487,0.31032376250851523,-25.05997918556524,49,Industrial Rice Syrup Adulteration
17.006914915066513,75.23915377581034,49.64496773940547,2.6498747410641172,0.2607937231056872,-25.361961371188848,35,Industrial Rice Syrup Adulteration
19.810200543245063,81.0,10.0,11.087244593323847,0.210552142190098,-21.0,34,C4 Cane/Corn Syrup Adulteration
19.410897941710346,82.57765806306821,3.3768904624959584,17.448515941196906,0.4485450187618641,-25.267352063183772,95,100% Pure Floral Nectar
17.136424294894866,82.48534728105716,5.791216577969321,15.031319416773398,0.3388392341083745,-27.034710275745063,91,100% Pure Floral Nectar
18.509949750406445,83.7067319953713,6.98516027649308,15.35420007607648,0.6205514952364362,-26.264333694168215,93,100% Pure Floral Nectar
16.719530814303624,80.6349249584483,35.08417542719605,19.212734287542524,0.2568958477604012,-27.354382973136257,89,100% Pure Floral Nectar
21.549353485695136,80.4956070535875,15.669138759908172,4.0,0.2372143753854244,-16.84939462267705,54,C4 Cane/Corn Syrup Adulteration
18.258682731268067,77.64040150261665,92.95735517866804,6.811596892459354,0.5857475810887556,-23.539380808915432,30,Acid-Inverted Sugar Syrup
19.56738920812095,71.0480938035891,42.0,2.8546229748133998,0.6647784893146972,-27.5,27,Acid-Inverted Sugar Syrup
20.48371183582608,74.90946095047279,40.72645112047025,5.861412562706046,0.2786773128321877,-24.669115300339502,45,Industrial Rice Syrup Adulteration
14.112207520061302,81.19427241085896,18.393155159199374,18.374143616261538,0.3428219507852813,-27.09756989163299,90,100% Pure Floral Nectar
17.777048575702842,75.76937324888804,44.446971683681426,4.787018620225053,0.2975993179140084,-23.580371802076392,43,Industrial Rice Syrup Adulteration
23.163582248210773,71.27455501566399,47.590668734710576,2.360597075143575,0.6567075425568266,-22.225641464862694,49,Acid-Inverted Sugar Syrup
16.692582682035614,80.2132853384955,8.261487651032454,19.77846744942021,0.5819188713372887,-26.858039309738572,94,100% Pure Floral Nectar
15.323740148008913,81.0,30.690708493324248,10.235126188581845,0.2627659714699704,-18.596631250015882,20,C4 Cane/Corn Syrup Adulteration
19.8,83.00139644704213,12.459857489497914,20.811630859320015,0.36520454571337135,-26.50046726859607,92,100% Pure Floral Nectar
16.101142361684865,83.15328459610068,4.819942042361101,12.293892892170586,0.3188277234404557,-26.364246586874444,93,100% Pure Floral Nectar
22.046727213717254,76.2956891262686,36.528582458983514,10.995533104477698,0.3066338179682377,-26.340460686845276,42,Industrial Rice Syrup Adulteration
17.179766820770407,82.81754840113878,6.696931207330792,11.363511378306344,0.39193104174661264,-26.57790817161207,91,100% Pure Floral Nectar
17.69411386278099,79.66602252492476,39.20517349485924,12.467145562352819,0.15,-16.844151931464886,43,C4 Cane/Corn Syrup Adulteration
17.588327713141467,80.62381311884066,5.842778860300631,14.934691709333379,0.6213220909079771,-26.296075422917177,94,100% Pure Floral Nectar
18.958099961577954,70.44139101212295,75.82057972131508,6.980239715739215,0.6247914892359376,-24.221746739535195,34,Acid-Inverted Sugar Syrup
17.19780208739582,80.01420372063785,50.807856528642034,9.823680143855928,0.3202239357448885,-26.055508639189433,34,Industrial Rice Syrup Adulteration
17.440575075710942,84.00554776872609,7.643081723742297,16.97262926474353,0.2006202086487432,-26.753055640266425,90,100% Pure Floral Nectar
17.253112969626642,82.19906830029606,3.8447140783701776,15.546832047117324,0.5432633745891432,-26.962365095016402,93,100% Pure Floral Nectar
19.4022276153008,79.82703791197623,12.054220927796148,16.214897398492155,0.6122278549907978,-25.966240315765795,91,100% Pure Floral Nectar
17.649900101630383,81.41110208179062,2.0,21.222742194641945,0.530311331001755,-25.03918764499969,97,100% Pure Floral Nectar
15.485982469194887,84.7589794262182,2.0,14.217157863573442,0.24384981868334388,-26.583251371536868,93,100% Pure Floral Nectar
19.364970139682054,80.5,22.30331497044751,12.866847850966394,0.26355712706699697,-25.952581467492806,32,Industrial Rice Syrup Adulteration
20.67746796932968,75.5435861688175,80.08712731503863,0.5,0.8499742893301934,-24.633296109204544,34,Acid-Inverted Sugar Syrup
20.991643109927008,80.50422824535693,23.067000461904026,11.5545006305464,0.2687841636448431,-18.998391024434042,52,C4 Cane/Corn Syrup Adulteration
15.0,80.90351636098121,25.56767120677347,11.229024188117345,0.3929349670492029,-14.337056495336444,41,C4 Cane/Corn Syrup Adulteration
18.160764266524318,83.99285783039474,2.6847603956268955,13.841516926931018,0.3830907132523507,-27.061370143169203,94,100% Pure Floral Nectar
20.09088975742447,78.5585404960155,70.2837453343407,3.803457329225338,0.8254427762241036,-23.87661410740533,17,Acid-Inverted Sugar Syrup
17.681065605395844,82.48078389318437,15.119127277368708,14.302794026764936,0.42412725543690993,-26.71113567091439,92,100% Pure Floral Nectar
16.89325925966759,82.11048310976939,2.0,15.91760989708264,0.6190643633346395,-26.451976475245157,95,100% Pure Floral Nectar
19.548781139707017,84.09613983875558,2.0,17.222848243010596,0.375993879770876,-24.900102275875067,92,100% Pure Floral Nectar
16.17459730309329,74.2497753702314,54.010227388593364,11.685259635395509,0.2571961947986705,-26.162585763112684,41,Industrial Rice Syrup Adulteration
19.89246186488806,74.64816427661688,61.01260434215454,3.5808610257560853,0.5017739808133972,-23.668310568400038,39,Acid-Inverted Sugar Syrup
20.969925950685322,77.9136314979059,79.31167131690802,5.179706445829381,0.5647272888269802,-24.237225771671525,46,Acid-Inverted Sugar Syrup
18.87175316426632,83.44303138921266,15.149733484950694,15.121148615980292,0.26182895570453935,-26.10843351869938,96,100% Pure Floral Nectar
16.0,75.81215585382776,28.227988141027915,9.369503662240335,0.24924854472265204,-23.165946252528805,34,Industrial Rice Syrup Adulteration
15.197802070855113,81.19518736157085,9.412511584851122,20.856651203185546,0.4642022404609165,-26.772242990673146,91,100% Pure Floral Nectar
18.75145594343252,81.69977667627641,13.092220957389841,18.066952682526605,0.5974216654288251,-26.014101667057087,90,100% Pure Floral Nectar
19.8,83.53137970078902,11.189339440807796,16.271412902260515,0.42892880063113764,-26.93782644558764,90,100% Pure Floral Nectar
17.55173159575909,71.88591437369233,86.87704174676061,6.065110472167785,0.6040397496440506,-27.130041603737244,33,Acid-Inverted Sugar Syrup
15.095841540246784,82.6694253245949,7.597282791182852,12.7860163535619,0.4282416851580646,-26.280506162071845,97,100% Pure Floral Nectar
17.678458366088023,80.49405240873286,2.0,18.852516043674438,0.30885130648937387,-26.378336338212517,100,100% Pure Floral Nectar
17.88486198220673,79.5,5.194453778971057,18.148248806651658,0.48373021571711394,-26.785341782187338,97,100% Pure Floral Nectar
17.294997714738365,83.55371185196384,2.0,21.03801503545317,0.5684246272221869,-26.603932404287463,93,100% Pure Floral Nectar
19.890329166302134,75.92395581457569,14.342070918357061,8.109990632468728,0.44779082692731104,-16.31403041058085,43,C4 Cane/Corn Syrup Adulteration
17.71470901018799,82.43132797677475,37.379969425466925,19.878153446897844,0.33377487518651516,-25.623630374166297,95,100% Pure Floral Nectar
17.028207492965986,80.52461829404002,23.570129636928193,22.406273278121898,0.4868061571960102,-26.104589948412514,95,100% Pure Floral Nectar
17.449308472498355,78.1407309581258,66.21155921722458,3.9752779645349894,0.7125084278224478,-25.803468511776053,31,Acid-Inverted Sugar Syrup
18.43766355490547,82.1508837395207,23.2060850032603,18.58140811920273,0.18,-26.826176213696353,91,100% Pure Floral Nectar
20.361021531072204,76.14853676036515,33.88486856252439,18.0,0.3755237956038931,-14.561261061288032,43,C4 Cane/Corn Syrup Adulteration
19.8,82.52196051090961,33.86887286776306,18.042131529360493,0.4594418819395779,-26.272188537049963,91,100% Pure Floral Nectar
19.8,80.62116778248381,30.814165914557037,9.406537770145022,0.5432484360772967,-28.2,93,100% Pure Floral Nectar
14.185953169866524,82.7689699722101,10.36965611770377,21.45885821740359,0.6137739905096793,-26.365932369786073,93,100% Pure Floral Nectar
19.287835281085133,70.97448127627716,31.401282355772324,7.95812315423887,0.2723211923215829,-22.5,56,Industrial Rice Syrup Adulteration
20.1099348586195,72.70131141279234,44.8321774810704,6.7967786072712215,0.20701470021450896,-25.42858227640283,31,Industrial Rice Syrup Adulteration
16.43178512916265,82.89694359407747,7.1422871440598,16.53808037661416,0.4370387340690711,-25.235960441508787,92,100% Pure Floral Nectar
16.80833576410583,80.75731980454974,3.0216592608007407,15.252380417775873,0.43335222230009873,-27.127977706131933,89,100% Pure Floral Nectar
18.792598050496782,74.12074772537018,29.16505122428973,4.789091166048889,0.33339145237366496,-24.085116489486474,43,Industrial Rice Syrup Adulteration
16.654344391148445,75.3488113641452,38.65617505278754,2.843279322950628,0.25396192192988065,-23.251768940075216,54,Industrial Rice Syrup Adulteration
17.997674192325086,83.58693404084792,30.165345502907403,11.00703103856777,0.5339640461133444,-26.725671800418354,93,100% Pure Floral Nectar
18.139876107030652,82.22282923463301,4.177738094519747,21.105944733426398,0.5582700782247298,-26.880243068580572,89,100% Pure Floral Nectar
16.565452227367782,81.93522956130452,3.1510614428923054,12.742285078984782,0.3180699036340433,-26.531891792836106,92,100% Pure Floral Nectar
19.8,81.89339246530864,38.0,22.10303162803737,0.30124088549864775,-26.976064038103647,94,100% Pure Floral Nectar
15.943843879919836,79.5,7.740494265874256,11.179729309273393,0.27208931229973016,-26.941081403916634,93,100% Pure Floral Nectar
21.030397775905897,76.81738748070767,34.063384272089905,17.483546366237626,0.41004330767310015,-14.596645058666065,60,C4 Cane/Corn Syrup Adulteration
18.898042225525465,81.0,25.47873354947781,11.706779394705544,0.3922484621934272,-16.387869989869202,41,C4 Cane/Corn Syrup Adulteration
18.042965648549476,82.29022317131746,7.707618384985691,18.88679128536808,0.4562318022142444,-26.91158442978837,100,100% Pure Floral Nectar
17.860803179286982,81.47446217427151,16.739415521934895,15.44242102766901,0.5767940483154057,-26.214623030274655,96,100% Pure Floral Nectar
16.160541180022733,79.5,10.35513386918457,15.821012627089663,0.4240281177682807,-27.18528016028881,98,100% Pure Floral Nectar
19.020494374165622,79.68212659894955,41.69682018743205,12.952091890368381,0.1331327745868358,-26.996927317860397,40,Industrial Rice Syrup Adulteration
18.432588328202428,76.49087253770158,32.571170272120284,2.0,0.33017929768727644,-24.121574975256856,45,Industrial Rice Syrup Adulteration
17.5647539382575,78.96199268087008,30.101378399369356,13.414632312201793,0.209997806272206,-27.0,41,Industrial Rice Syrup Adulteration
19.915710301295746,75.14112873138578,28.87269443598757,6.7863472780281535,0.26402407344494855,-24.39930358237611,22,Industrial Rice Syrup Adulteration
17.15809703633182,72.66778383411025,12.0,8.409628743320404,0.34655271199913296,-25.205838099962993,36,Industrial Rice Syrup Adulteration
20.585121303614155,79.0,47.10493087968203,3.7885455995813713,0.5357401096204549,-25.214187716884375,42,Acid-Inverted Sugar Syrup
18.29592359836307,75.03838181928373,28.931615821658795,14.0467522077175,0.367104406892415,-19.424378720442746,49,C4 Cane/Corn Syrup Adulteration
16.43064361556625,81.43094133337647,2.0,18.438958445139072,0.31574022145323477,-25.241840703394477,93,100% Pure Floral Nectar
18.74991293700176,80.82663877651305,12.547713038435624,14.004025218961164,0.46813659135170754,-25.931647321852545,98,100% Pure Floral Nectar
20.64954356530327,76.69054667318069,27.2543344274845,8.719856833621444,0.3430623975304862,-24.059907171921793,36,Industrial Rice Syrup Adulteration
15.325951880387452,81.02829828650191,15.112721653469077,15.05129830836308,0.6338428935241767,-26.16689850938567,91,100% Pure Floral Nectar
17.161773644686093,80.95899050562338,6.737066635032248,21.324530397879403,0.24512408548994022,-25.96229734122055,90,100% Pure Floral Nectar
17.6776127647433,83.04164466214955,2.0,18.95529276889185,0.5843841868034293,-27.2847100925136,92,100% Pure Floral Nectar
19.02271006896683,73.48381060858688,26.283135417171046,10.888722268373323,0.1396038210131541,-25.87564838168811,40,Industrial Rice Syrup Adulteration
21.662094768917807,75.10523732672466,33.835646411688586,10.849625463595418,0.19400693645287537,-25.395906823661775,53,Industrial Rice Syrup Adulteration
18.496668406154807,77.96107932782596,29.35964239253185,7.616820476688146,0.23631884024120425,-25.43337777175755,37,Industrial Rice Syrup Adulteration
17.511495049034963,74.43905395568305,87.76131637945967,7.350459824268212,0.36253080379886826,-23.73447099653578,46,Acid-Inverted Sugar Syrup
22.990756213497967,76.58406270218038,22.89545469000536,4.837555073117766,0.3635683567959544,-25.47379310987498,43,Industrial Rice Syrup Adulteration
15.931974778792332,83.06387155548936,21.461272954312875,20.80512027174393,0.40305098147177615,-27.0647201708455,94,100% Pure Floral Nectar
17.458621808961713,73.97774582859068,38.505358296730776,16.295783236653133,0.3572399599424455,-20.314110581844297,36,C4 Cane/Corn Syrup Adulteration
17.88227073885369,79.96971128603057,31.528432902525157,7.755942592957746,0.5951625371836304,-12.131595714625131,31,C4 Cane/Corn Syrup Adulteration
17.749382354050272,85.0,5.666713891299937,21.053800563619145,0.4138102491341306,-25.774366741828516,91,100% Pure Floral Nectar
17.36166044463842,79.62241096209084,17.82837040457746,7.798253294131181,0.3612991767577995,-15.064486317748859,60,C4 Cane/Corn Syrup Adulteration
17.823051823417604,78.74260491553643,47.268267347702846,10.169027795782544,0.26301563667387207,-26.03499479976386,43,Industrial Rice Syrup Adulteration
15.928766294270304,81.0781458265456,26.453246871640268,16.969030890473864,0.3956197765218385,-25.384037177250732,88,100% Pure Floral Nectar
17.895399814215725,79.5,4.921819203647914,18.660849540848528,0.3656088568863549,-26.82927767025505,92,100% Pure Floral Nectar
16.030799937717966,82.67949309806441,14.274558518210398,11.20349293807802,0.18,-26.47514277571567,91,100% Pure Floral Nectar
16.435257772446523,82.16325516618382,9.765138512492099,16.891697241817223,0.3046233823787392,-27.134771881029756,92,100% Pure Floral Nectar
20.77033283227867,78.08800347080083,80.6091640443632,3.5263244908793068,0.25,-25.79457580953238,34,Acid-Inverted Sugar Syrup
17.26440707150472,74.36749548449627,18.380334040548195,2.63512744780029,0.38540978634476947,-23.391868501588863,53,Industrial Rice Syrup Adulteration
15.825695578317617,78.83838585528001,46.76243650777462,12.588801482525707,0.370276760162338,-14.935947386940356,47,C4 Cane/Corn Syrup Adulteration
14.801611659272771,82.60894278693739,10.085080189350975,11.987297966254847,0.2114776562105588,-27.912638821936703,96,100% Pure Floral Nectar
19.598182553851043,74.93164958100924,44.96481557199286,5.912354306028215,0.48997013433301956,-23.21503215948116,42,Industrial Rice Syrup Adulteration
17.699554095200863,79.08710038892575,33.04532327910138,8.087677439586617,0.3109359684780542,-11.0,22,C4 Cane/Corn Syrup Adulteration
19.457108879557595,82.85512198578178,30.980343500846768,22.23389179821423,0.3492796122497783,-25.994350883679548,99,100% Pure Floral Nectar
17.384449274962474,75.19919886950672,31.706525763080133,12.75608190187594,0.5144380285701244,-17.678804886871188,35,C4 Cane/Corn Syrup Adulteration
22.23126772937639,80.5,22.46496427457874,6.219404891233747,0.2551792228863626,-23.858744516099943,33,Industrial Rice Syrup Adulteration
17.573870372216962,81.18749249661924,2.0,15.67919459802217,0.4074538333717768,-26.67391217275832,92,100% Pure Floral Nectar
17.61098110503328,83.09427083102835,6.731177916939627,11.700740839904174,0.18,-26.90922599436357,98,100% Pure Floral Nectar
19.279240918942225,73.9988481644138,12.489473172781132,9.577564080200975,0.3088307416310697,-25.08171311463879,35,Industrial Rice Syrup Adulteration
19.8,82.61123243541657,2.6601634232212703,22.273478134144447,0.4979525838135463,-26.416709677816616,93,100% Pure Floral Nectar
14.783870579693165,80.77426997353862,2.4406945566465987,23.9615007674665,0.4226481241124236,-25.448735034113017,91,100% Pure Floral Nectar
20.05797892694396,72.66426244138158,78.16946844206764,4.198022082462609,0.5577832536753641,-26.9204118686697,45,Acid-Inverted Sugar Syrup
19.191875937457866,78.90482739936387,50.86757373718923,6.882428870506763,0.7658968264716314,-25.097744466779343,45,Acid-Inverted Sugar Syrup
19.927132303158054,76.3806017462714,24.90589769014679,6.78213397493187,0.24893999593489435,-12.711850035236331,44,C4 Cane/Corn Syrup Adulteration
19.21356953482368,80.37451321690213,30.425661575026552,6.855307558962464,0.23237542212542814,-24.844566133933263,39,Industrial Rice Syrup Adulteration
21.495846805367133,78.39458422455192,65.01987066109854,3.826053992659885,0.7284534650414392,-22.51982874613872,19,Acid-Inverted Sugar Syrup
23.90347274052578,70.45548470453252,67.15033662647228,5.293577846767088,0.4585030037438316,-26.219718529614816,38,Acid-Inverted Sugar Syrup
20.756967933119203,72.70212052859901,29.524228211104464,7.951691361956673,0.23086992254187375,-23.32391283309244,39,Industrial Rice Syrup Adulteration
19.835285775320425,76.0070371892076,26.424113259716208,4.975577867782713,0.3411112443310785,-27.0,45,Industrial Rice Syrup Adulteration
16.335117912439127,78.79464483507002,26.984566399428225,7.613252587746434,0.24624081285103433,-15.304963121968374,35,C4 Cane/Corn Syrup Adulteration
17.86244849006471,76.14938998813999,21.827404630902556,7.231488578784359,0.3917526025652549,-23.580948873941338,50,Industrial Rice Syrup Adulteration
18.05946006911341,68.0,46.78641283310154,2.0917613844898475,0.5095028479143788,-26.048442655422665,23,Acid-Inverted Sugar Syrup
17.67264372690528,79.5,6.5497725785329415,22.896595388524613,0.5057459713756207,-26.497157480661873,87,100% Pure Floral Nectar
16.745236063087926,81.9346691682971,2.0,13.386330044104596,0.4984042060555062,-25.631804118804105,90,100% Pure Floral Nectar
18.452894127722217,79.5,38.0,15.213057595241722,0.28296167151687823,-26.826014263898493,93,100% Pure Floral Nectar
17.049482879236155,75.3125884975151,24.547329205267175,2.818365228424879,0.3525639855124423,-26.359771088738402,36,Industrial Rice Syrup Adulteration
14.43434680710458,83.45808462731597,13.217056454380234,15.35316572509424,0.43553060121783604,-27.378668610277312,91,100% Pure Floral Nectar
18.216681604595585,78.65403803698605,25.004360682388967,12.467267728248242,0.2673830045610822,-15.327730271945985,41,C4 Cane/Corn Syrup Adulteration
19.77773774735776,78.26816126908619,34.53588114514628,10.780025269445465,0.17341685038254062,-19.852905968367057,68,C4 Cane/Corn Syrup Adulteration
16.468187771273342,83.50427514514301,6.504689538830904,13.092974945540671,0.46160688194903404,-25.93481330992407,96,100% Pure Floral Nectar
17.741531928964882,81.75920939426368,28.665372424578933,15.367792413709752,0.5003841645485786,-26.315738809731105,96,100% Pure Floral Nectar
16.0,74.93935492231574,34.020089301457254,7.39786831732562,0.1921581352833825,-23.982870748119442,36,Industrial Rice Syrup Adulteration
15.987355212499699,80.95285285838878,3.5526833099912127,16.073919514276888,0.2395021762862425,-25.068764003908917,95,100% Pure Floral Nectar
20.124185135426405,75.03324772997583,31.47365702005719,11.535259324695767,0.28688166791490916,-26.972865566200433,30,Industrial Rice Syrup Adulteration
22.511015123504563,76.98308507071499,46.52713886563319,5.039703657178837,0.6060970835983288,-25.9077863224521,26,Acid-Inverted Sugar Syrup
14.734932137181854,82.26196480481573,5.985482375734454,18.000549662009796,0.33326636934666076,-25.848908413628642,92,100% Pure Floral Nectar
20.008282946706473,75.15873186290446,76.2483851902409,5.65499137245403,0.43660820787538746,-24.76366658704382,30,Acid-Inverted Sugar Syrup
24.148719616855896,79.0,77.52005773039409,3.759492984163845,0.40877399796963515,-26.38588546577008,24,Acid-Inverted Sugar Syrup
17.453369835493827,72.66389558768698,16.835158394010026,7.573250666750569,0.38398378643423514,-25.908164688889183,35,Industrial Rice Syrup Adulteration
17.600211547014865,82.31123947325273,24.7868761130697,16.761843305859696,0.31673713584225127,-26.542192432426397,90,100% Pure Floral Nectar
18.68285007559762,74.57776840285314,40.282460676542556,4.8847456320396825,0.1668521807887985,-23.07139361173982,42,Industrial Rice Syrup Adulteration
15.712649060594368,82.81971949283691,3.4287796123542758,20.003358236428944,0.5494111433367536,-25.339222275515485,88,100% Pure Floral Nectar
17.43066517773112,80.88143891954624,2.0,15.011651683884677,0.5260349458765166,-26.058390559536793,97,100% Pure Floral Nectar
21.16221711811952,74.90814968365454,29.040938092140834,8.136519378218889,0.2549510313177327,-24.962320016209947,39,Industrial Rice Syrup Adulteration
19.525166305377116,76.34954518848431,40.53583077895994,13.390308253056897,0.3417749913346676,-18.746837394520384,36,C4 Cane/Corn Syrup Adulteration
16.427398595750574,82.43267357662086,33.09298994058789,13.240613928900926,0.5062094037331956,-26.79676241646707,89,100% Pure Floral Nectar
17.81438395247762,76.63248481957737,57.66859883976079,2.684139785748958,0.4267640043482387,-24.457387231753696,33,Acid-Inverted Sugar Syrup
16.110373384436762,79.5,7.995074487100769,17.09094409430153,0.4473824746753146,-25.573144856045577,99,100% Pure Floral Nectar
16.0,77.6210524304103,43.159352471487495,9.082053084931408,0.3520343191636339,-24.610179798983353,30,Industrial Rice Syrup Adulteration
15.259811321609886,81.0,22.41986743491104,12.545714006636063,0.2186280655206839,-15.167235111707946,63,C4 Cane/Corn Syrup Adulteration
18.18630915575461,81.28738390490112,2.584172213826084,22.827958488989843,0.4332402519791251,-26.269885481464414,90,100% Pure Floral Nectar
17.555235526092403,81.80503636305012,4.880045424691991,23.67297545837882,0.3547307935784091,-27.030568218707952,95,100% Pure Floral Nectar
23.934096656370084,75.54965130542229,79.90976780088302,1.4982175370182924,0.49286297357407316,-25.9687192448154,32,Acid-Inverted Sugar Syrup
16.933044638931314,83.6336482306273,25.782896609809857,17.532397621100117,0.3935053020249535,-26.388365313046307,96,100% Pure Floral Nectar
22.239132931640025,78.68836166945353,47.606112048522846,6.353652009796652,0.1,-24.132474969639333,37,Industrial Rice Syrup Adulteration
17.0,79.0,62.751065292061256,5.7198974950434955,0.9021474081382228,-25.256287544991384,37,Acid-Inverted Sugar Syrup
17.083186842293493,79.54230907029427,2.325258642450805,20.04973748048804,0.6480998178078894,-26.840877362972485,97,100% Pure Floral Nectar
18.5170796631835,82.3751612760754,15.132103791983752,16.774695719074504,0.2290984971769565,-26.182272654242343,94,100% Pure Floral Nectar
16.056075916504533,82.58043971373493,23.61461403867838,14.35167018049584,0.42793693381788017,-25.600718350584636,91,100% Pure Floral Nectar
15.455965709803216,80.81177331690608,2.0,20.919403684880155,0.2860722988713726,-26.627859389096454,90,100% Pure Floral Nectar
17.029553488263403,80.33950252912558,27.053167048176782,15.578184462098784,0.18,-26.788780279609636,90,100% Pure Floral Nectar
15.129979255908221,80.4953989946942,3.3089828570640503,12.745589291588825,0.6621330975810078,-26.42889654137466,99,100% Pure Floral Nectar
16.831952839108425,81.68858647471983,16.547621487803475,13.5596338002155,0.3483615562745362,-25.127882426192073,94,100% Pure Floral Nectar
16.81246138015551,81.02747585470892,22.45892290061611,21.231155831248376,0.4229375603822293,-26.55235858479668,93,100% Pure Floral Nectar
16.412546513748026,81.00388665858367,6.608085546679007,20.49121429865015,0.4289128428228174,-25.857762055307393,94,100% Pure Floral Nectar
23.915989732446317,77.27295331138926,63.06907423783637,5.67782083694484,0.5895001583732378,-25.04946683086986,32,Acid-Inverted Sugar Syrup
15.170496692422057,83.08504758818243,11.21549336770317,18.147119278458028,0.46090375190978655,-25.376605018392173,97,100% Pure Floral Nectar
20.761928235050483,79.0,82.60924747215209,7.442040544094912,0.3798728485300418,-22.0,36,Acid-Inverted Sugar Syrup
18.97199097721058,79.5,23.544987551513024,19.04386581186138,0.435615532571765,-25.496263437108293,89,100% Pure Floral Nectar
17.29598816472844,81.73988696803282,2.0,21.09423875582379,0.34034002766091714,-24.7777386381622,97,100% Pure Floral Nectar
16.82948043346686,83.36049993356477,5.0214095852900735,16.730984415504953,0.44233116250511223,-25.57197354278545,88,100% Pure Floral Nectar
18.179361657449427,73.98827305332327,74.97665289151692,7.266020789286388,0.46273342569872455,-26.275861239947925,34,Acid-Inverted Sugar Syrup
18.940219647587327,77.30886053361024,23.53686192077075,10.8497756208163,0.15,-19.729963364525137,36,C4 Cane/Corn Syrup Adulteration
21.155109301418474,79.96732246284043,23.170071254669892,9.181124840056432,0.36375418294721934,-18.56574784296851,62,C4 Cane/Corn Syrup Adulteration
17.720947661649607,84.84042947889753,2.244059525225591,14.049271850775268,0.75,-27.17781570922999,93,100% Pure Floral Nectar
17.672798571349464,79.18068131662638,35.51207902817471,12.297349142304183,0.2686457427294464,-17.785735563038422,39,C4 Cane/Corn Syrup Adulteration
20.22171955520859,77.79121026819506,20.636435689704705,12.328360726297774,0.19301268520604203,-25.854542816583074,41,Industrial Rice Syrup Adulteration
17.915108923938632,81.5905187117982,13.730574405580903,11.438730180513874,0.3700421691187167,-26.27948893127549,90,100% Pure Floral Nectar
21.40222825112906,75.76294955582601,43.7239590172786,11.944867948266705,0.3500996690964577,-24.84896189756385,35,Industrial Rice Syrup Adulteration
17.476241990367832,79.5,2.0,13.994568287846764,0.3681118575266446,-25.898858001660102,88,100% Pure Floral Nectar
17.477318665074996,82.05678339835757,12.84445633700447,16.679735223889168,0.5359376414891155,-26.04983315451123,97,100% Pure Floral Nectar
16.837685512266056,79.5,5.6971717483472535,18.746144019035842,0.38151043542253843,-26.64794683316581,93,100% Pure Floral Nectar
18.28353981101358,78.33500852429577,33.035617788406306,2.0,0.401828937736239,-25.59354000627681,53,Industrial Rice Syrup Adulteration
16.0,77.50646022949793,45.55948936528601,8.018625321626036,0.41616167604015414,-25.164110754181575,46,Industrial Rice Syrup Adulteration
16.293441472110775,81.82152058339086,12.990457108265693,17.722280106448025,0.4713212125211915,-27.41883143293212,91,100% Pure Floral Nectar
19.843442349575618,79.0,86.73035963572826,6.067445772033372,0.39817246283101626,-27.5,35,Acid-Inverted Sugar Syrup
17.56439270921604,80.90859108388443,4.167311193135795,16.222716158851142,0.3484051567219861,-26.404631370907442,91,100% Pure Floral Nectar
18.02090962625713,81.95981912705474,36.09219258125259,20.75860568440586,0.5072244628493923,-26.68193010293449,92,100% Pure Floral Nectar
17.542953199552212,80.15780926773456,35.99958405179825,21.876394518737108,0.5551672139666478,-25.788031881536728,94,100% Pure Floral Nectar
15.0,74.69938692812207,29.64421598573168,12.664177588051267,0.29784568218724317,-19.434820491784823,36,C4 Cane/Corn Syrup Adulteration
18.049590830501938,81.82086939900312,2.0,18.493421795580936,0.41027151107903703,-27.052393787698477,91,100% Pure Floral Nectar
17.68661438750634,83.51163432797416,7.448954182362252,21.368706883387325,0.38259508890393423,-26.26235358077483,91,100% Pure Floral Nectar
18.771588856685188,72.16386498881616,31.30830669504109,3.2014755123942713,0.23145233829652123,-25.85149481098627,47,Industrial Rice Syrup Adulteration
16.56677115305129,82.60998558288948,7.47333468066877,21.807688674114267,0.3326004877893911,-25.85743741177805,98,100% Pure Floral Nectar
23.0,78.87747053671801,24.86437065457113,12.779819936109586,0.4085984179750518,-19.339855149164286,66,C4 Cane/Corn Syrup Adulteration
18.507729290852716,80.5,32.82703627770101,7.43741150842943,0.17477391319584895,-22.5,47,Industrial Rice Syrup Adulteration
18.741343488997998,79.73510172488605,12.06943619096116,16.89184681329342,0.5927944849714357,-27.412818076732492,91,100% Pure Floral Nectar
22.152440956922266,76.68854978086463,27.691062931610283,18.0,0.3800286891587505,-18.64104992386485,40,C4 Cane/Corn Syrup Adulteration
22.763389312883746,71.69673118142461,75.37924831305583,2.0449294207148867,0.435434572509967,-25.230059674080042,26,Acid-Inverted Sugar Syrup
17.65037692867442,80.53196248461566,11.889630238201878,21.342234583190606,0.3437633556454002,-25.769446178180186,88,100% Pure Floral Nectar
22.663102702673854,75.00880618011544,12.471490981577901,8.241286771551259,0.45109840858146055,-23.061367548422616,26,Industrial Rice Syrup Adulteration
17.822074970243005,76.28246226391789,53.142627655107006,3.7641464070694934,0.5130502592624673,-25.242802741762457,46,Acid-Inverted Sugar Syrup
16.396873190367668,81.22393716998883,11.345386321778077,14.841243519590934,0.2846890858549484,-26.33407647157845,95,100% Pure Floral Nectar
14.574758542495957,81.37503270354223,8.041019939263242,12.330853294872238,0.2681745556802164,-26.87323576180201,88,100% Pure Floral Nectar
18.007680351362957,77.908038685559,13.236845398216767,6.987230819491774,0.4195969943281328,-20.842985093210356,44,C4 Cane/Corn Syrup Adulteration
21.466237051452023,77.12494896374847,68.95720306225645,0.7728450061075312,0.7310932467212832,-24.50336779959933,25,Acid-Inverted Sugar Syrup
15.99420211814043,80.94349325989174,38.0,9.603441447970656,0.4233984316413317,-26.41104438222977,96,100% Pure Floral Nectar
15.0,79.69415250319499,29.147385500276673,8.172450600531109,0.3318849123268725,-18.663779074765706,64,C4 Cane/Corn Syrup Adulteration
18.836243568411728,77.25056675994101,32.04816048900705,3.497272960963934,0.2012197516033124,-25.155108742847865,45,Industrial Rice Syrup Adulteration
19.250587027023784,71.4594003230359,23.90703206994113,13.765468147432719,0.2639257758440757,-24.771156706056434,59,Industrial Rice Syrup Adulteration
21.362039560250512,78.95567628238629,33.96939242960038,5.418589765201462,0.3439667277579933,-16.469234191323263,34,C4 Cane/Corn Syrup Adulteration
20.87488964704778,69.17518780185253,53.10372155719339,2.7495755594273916,0.7247460666485541,-23.419968784158048,47,Acid-Inverted Sugar Syrup
17.802058306067497,81.44108964659503,2.0,18.08005035773769,0.5890855159694508,-26.104499415463316,96,100% Pure Floral Nectar
23.227635590446997,79.0,61.065864405366355,3.579590409154875,0.40107453742433036,-23.597480192994315,22,Acid-Inverted Sugar Syrup
18.030341761155736,83.19551520011676,14.79986040577054,16.112008376212533,0.35075946723273566,-25.28972010800508,94,100% Pure Floral Nectar
17.468868763086043,81.69100251973127,15.48617601849849,15.676057209155855,0.4571268530951784,-26.074231146226577,92,100% Pure Floral Nectar
16.318213599584297,76.49108906303353,37.965330792795086,7.183633875975677,0.22365478810048886,-23.875544437716144,36,Industrial Rice Syrup Adulteration
15.186410830355687,84.561962473017,16.018860387559855,9.751267461544808,0.24482559936984014,-27.255558003714366,96,100% Pure Floral Nectar
17.319962025964703,81.75798273076823,7.341723718045255,14.588943329855528,0.18,-26.673824714545002,88,100% Pure Floral Nectar
26.0,74.73550304733264,86.79350963919845,4.572442681285325,0.6568287667001148,-25.327897860948887,31,Acid-Inverted Sugar Syrup
18.572718535015483,74.73251868320801,41.99813400325722,9.816755835921223,0.23112897663433066,-26.56579907628401,34,Industrial Rice Syrup Adulteration
18.60494605704883,81.8294426092535,10.349504773829127,19.315864415078508,0.413179577735166,-26.229209668401644,93,100% Pure Floral Nectar
20.37456425343395,76.9248030377404,41.041085429664435,6.511734172449577,0.32208799563957297,-24.68939099811294,32,Industrial Rice Syrup Adulteration
16.242940954584085,75.17375704258872,27.815043149456592,2.331214681241655,0.2559995683418236,-24.719178442663065,48,Industrial Rice Syrup Adulteration
17.085868257657694,82.95861849490319,5.587269434964413,12.262174533710507,0.465089625806359,-26.98161786469859,100,100% Pure Floral Nectar
22.968329022341216,79.0,42.0,3.8688812722757815,0.7471019114168908,-24.252881007027007,27,Acid-Inverted Sugar Syrup
19.925008979601163,72.44702689383344,46.56750497546583,4.851630159560538,0.21499323578406837,-24.664527755590544,59,Industrial Rice Syrup Adulteration
16.47579616985948,81.16016150059018,4.429007682005146,10.004939683030136,0.4691055094327856,-25.561803760136563,97,100% Pure Floral Nectar
17.261336060770752,84.79010854487017,34.49603512194085,21.25891617673243,0.32125588740024263,-26.865598209499087,93,100% Pure Floral Nectar
19.329842472691432,83.56933290607154,15.814694485031719,16.972662114249314,0.3029881373055672,-26.583971789768277,93,100% Pure Floral Nectar
18.8407204962356,68.0,42.0,8.0,0.7489173441478197,-25.729841187756392,30,Acid-Inverted Sugar Syrup
15.958646708803158,80.68364975376281,6.860421065668891,15.952800084733688,0.4566841428899732,-26.948878073839367,85,100% Pure Floral Nectar
18.920975827935774,76.48164298623675,31.108317547690326,10.376263163001127,0.26109267015031695,-24.581500264115302,22,Industrial Rice Syrup Adulteration
14.809698859369874,81.3141982833632,2.4731503831604753,14.454698905715802,0.26248073270408656,-26.986913775628302,92,100% Pure Floral Nectar
19.536305227556657,77.54747515136184,35.43881762621123,7.089463780377211,0.34452350909934054,-25.398125577407928,62,Industrial Rice Syrup Adulteration
17.97300105414792,78.83780772030863,28.87665800350687,4.0,0.44275915211742134,-15.80017148775715,41,C4 Cane/Corn Syrup Adulteration
17.96843736944431,82.82016929956993,2.0,11.41284991668482,0.4562150316783447,-25.436434138182932,93,100% Pure Floral Nectar
19.274328763447638,80.8338587240109,10.408920591194288,22.59799304672044,0.35260073316894885,-28.2,97,100% Pure Floral Nectar
17.0,71.88745052799369,57.7559832729713,3.8319760785392276,0.37128886796843047,-25.976256886101645,28,Acid-Inverted Sugar Syrup
19.201295947353163,75.98572181311755,71.54653355315745,6.158297704606737,0.5333660504141591,-25.239411719891127,33,Acid-Inverted Sugar Syrup
20.51834438570565,72.87603353156648,42.54406780145765,10.321663952161796,0.2650917163118027,-22.511283788954852,29,Industrial Rice Syrup Adulteration
17.37580703486016,82.29864456960765,2.6250780479724516,19.650766333226258,0.48625495016758113,-25.825596231831735,92,100% Pure Floral Nectar
19.095421323831577,84.18258097332526,5.425502858405027,18.69985730866271,0.43024127466246115,-26.741281189484614,99,100% Pure Floral Nectar
18.367491016368465,82.30617331445782,18.623076073431776,20.282577723708002,0.5613704842274609,-27.302567462372373,91,100% Pure Floral Nectar
23.516797071867085,74.67289050490352,76.27180895420761,4.296985594683973,0.5792742554648019,-26.13554589091839,10,Acid-Inverted Sugar Syrup
17.658761315087958,77.6837298532503,17.880846332373068,5.469722445885416,0.4037984272542018,-18.073525219639272,68,C4 Cane/Corn Syrup Adulteration
18.880579471122196,83.52808969462289,4.299984704952127,17.064482033652027,0.4420145071766679,-25.343317196171157,97,100% Pure Floral Nectar
18.795829985580664,80.51635195657673,3.944284324805947,22.115337122147885,0.5474141720349985,-27.08241901324733,94,100% Pure Floral Nectar
18.522751265974797,72.84132817376863,64.70460459673154,2.3215589098216447,0.8666685101711078,-24.32976983381361,44,Acid-Inverted Sugar Syrup
16.69832378717029,84.65564006269615,17.695530585469857,19.63935334095396,0.3471212345434902,-26.953497433641996,90,100% Pure Floral Nectar
18.264580518602017,80.12055120174409,17.266171427177824,15.885284331570457,0.5220043674227484,-25.88408400111058,95,100% Pure Floral Nectar
17.099761047398705,81.39208484735425,16.598014967002275,24.665083916960796,0.5294100148766718,-26.410883007550503,91,100% Pure Floral Nectar
17.574349239700663,80.22455234424437,12.193440051093129,14.25087094789625,0.376003934559728,-25.877605684472712,90,100% Pure Floral Nectar
24.719844922244295,76.54834653146096,88.19222883294863,0.5,0.5557619144303373,-26.08876889404516,24,Acid-Inverted Sugar Syrup
19.269051662638123,79.5,2.0,13.511026052080169,0.53533121486785,-26.284530187213683,93,100% Pure Floral Nectar
18.659361959690827,74.09091464445012,24.697649245181665,9.875305558732835,0.31945827799689785,-15.081761528022836,51,C4 Cane/Corn Syrup Adulteration
16.51857295722381,78.32676813465919,28.923487259210496,6.909921423273268,0.4456173435560644,-14.540608669755814,56,C4 Cane/Corn Syrup Adulteration
21.87577945260678,76.21223797177836,31.920379921067955,12.806976825083051,0.27591907455170556,-25.202812085484503,62,Industrial Rice Syrup Adulteration
20.82867981441491,74.89378122376509,43.64899869027385,6.485782413234512,0.33089621275222264,-26.686239425956103,54,Industrial Rice Syrup Adulteration
19.035944580524053,75.28988011907343,49.978919985410954,5.826429203336819,0.5171934310412226,-24.6660384184113,26,Acid-Inverted Sugar Syrup
18.698447527696548,69.92172980060282,53.452857484440145,7.3258498116099435,0.5646176626122014,-25.272828328036542,36,Acid-Inverted Sugar Syrup
17.661312229802213,83.49623010987403,9.744718298429268,21.198660146299872,0.319657546255401,-26.250482397804976,93,100% Pure Floral Nectar
18.560199331336097,82.46912920942076,12.333696507829787,13.80148089401795,0.5015257647614287,-26.38202937935467,88,100% Pure Floral Nectar
20.20953291646248,79.0,66.13739766346094,2.351449271164043,0.5100856685450862,-26.31006192408746,26,Acid-Inverted Sugar Syrup
17.04977699839408,82.83122958663246,2.0,15.105314064057762,0.3631771942134963,-26.44536647749279,89,100% Pure Floral Nectar
17.0,77.69504135515864,65.89876044142727,3.7220374174420807,0.7425401601380986,-24.189168323386856,41,Acid-Inverted Sugar Syrup
17.397240745675685,82.06882454485205,7.876552568411887,14.814968210706864,0.4149278401878248,-24.831571515878,98,100% Pure Floral Nectar
18.216208772661975,76.91219612025864,22.48480643125567,14.0,0.22321269076365546,-26.37222348721505,51,Industrial Rice Syrup Adulteration
16.8061414200345,80.88697531167982,2.0,13.285049244014989,0.34498710951676165,-26.42906257848765,94,100% Pure Floral Nectar
17.872018084822617,77.63736571340812,29.847873568679553,9.729161455776968,0.370144153943174,-23.500074561156218,61,Industrial Rice Syrup Adulteration
16.91374029061943,80.23775992213793,5.677541533794148,18.359004933724343,0.4663229542450272,-26.823412079306426,93,100% Pure Floral Nectar
16.90041561808429,81.30350767138415,23.48006685175438,10.021852171933432,0.5110617319006555,-25.975502690126184,89,100% Pure Floral Nectar
18.496648566544298,83.68902545992343,16.27198703657958,17.556333272831903,0.41200787675736317,-25.68340836438693,88,100% Pure Floral Nectar
17.255315394182205,75.90648019731897,35.355413136524426,7.317626980375659,0.3111892363627953,-23.25188502477994,32,Industrial Rice Syrup Adulteration
19.0299998559954,79.5,13.029721996740374,13.31492936714018,0.3778007779398942,-26.811853095014744,92,100% Pure Floral Nectar
22.211152746622492,76.23681565110414,23.350059026787296,9.211628339155382,0.2594980850752015,-23.189274089417673,40,Industrial Rice Syrup Adulteration
16.94166449928181,82.15293366037977,10.138454794659257,15.808246361874508,0.5084204548926214,-26.53264970347449,92,100% Pure Floral Nectar
19.988629284725377,77.243262147293,32.412588310558604,17.651582212455388,0.34459927980807414,-19.34047472499236,52,C4 Cane/Corn Syrup Adulteration
18.655866562354507,85.0,14.308768050597699,17.214178750444475,0.3862545045254054,-26.1972311315033,96,100% Pure Floral Nectar
19.781571758372205,75.35173166529732,12.0,2.926720914755773,0.2989196398118604,-22.645315516665022,45,Industrial Rice Syrup Adulteration
20.596875518807646,79.0,62.096366754520986,5.065178455199934,0.31253793780032224,-23.78954943837572,50,Acid-Inverted Sugar Syrup
14.709977382390875,83.54737085437188,10.968498910556981,15.239240667265936,0.5595938559353051,-25.623554412189286,97,100% Pure Floral Nectar
20.487306623860007,71.24471096922588,68.86988142477837,5.733667380272028,0.7415893191025923,-25.597832359490976,36,Acid-Inverted Sugar Syrup
18.0363600977898,83.22608589899161,2.0,23.52255272872923,0.4033798773672056,-27.146454152769373,98,100% Pure Floral Nectar
16.610933488846523,80.6180840026727,2.0,21.6404843163361,0.5086279247042473,-26.63753509109124,97,100% Pure Floral Nectar
19.76498401292802,71.76728904076712,77.35556709408318,3.85509572264216,0.42227094303613594,-24.377318257162692,39,Acid-Inverted Sugar Syrup
16.146981032173183,80.75894427621058,2.0,11.14873828043169,0.57678648812814,-25.7643367912165,99,100% Pure Floral Nectar
23.0,74.80591888762774,45.59069630609027,7.51450592216046,0.3670873528746982,-16.195760975329172,38,C4 Cane/Corn Syrup Adulteration
17.32122570246206,80.94967271782525,6.17588903024098,23.199322679642115,0.5128652608131387,-25.702528102049893,100,100% Pure Floral Nectar
15.522970950375612,79.9253530442919,4.866202399469488,11.308446316858113,0.518630577889908,-26.083397005200357,96,100% Pure Floral Nectar
15.465038247205138,82.43703562419606,24.687890110112004,15.985729911092184,0.44449846463952325,-27.88636497687876,85,100% Pure Floral Nectar
17.136179577102304,81.35201071700082,2.0,16.00724240229132,0.3735141905982342,-26.83481147041166,96,100% Pure Floral Nectar
15.886554061576085,78.48083017096802,24.803575552026,12.874519032530358,0.37472940534868315,-16.75031108302653,54,C4 Cane/Corn Syrup Adulteration
19.799827638518295,76.76537856686113,72.43146388792715,4.000866221489965,0.505665105329435,-25.42543751778103,26,Acid-Inverted Sugar Syrup
17.107488281893755,81.63451004113554,2.0,12.48144425288496,0.21477898783298469,-26.493907328894682,91,100% Pure Floral Nectar
20.283156913390233,77.03561651730635,25.125767720370277,9.258222168505963,0.2900245761841187,-17.599861840666144,64,C4 Cane/Corn Syrup Adulteration
17.226389472122786,80.11900268507551,3.133666438805737,18.649405027169536,0.2421028181563629,-26.99611428275112,97,100% Pure Floral Nectar
20.41996987363673,76.99423004257903,67.78595459908817,3.7335127478279437,0.8978113400607854,-25.13697509499707,46,Acid-Inverted Sugar Syrup
17.0,70.66293328946414,59.51410026968198,1.8574483465033307,0.5296173780899963,-23.612457179630464,34,Acid-Inverted Sugar Syrup
20.579892440095577,80.5,38.95589710199775,8.201641737952917,0.19198463589326803,-23.775504850921806,40,Industrial Rice Syrup Adulteration
19.36692734838705,80.29057744102717,10.040885648332583,10.012262696657576,0.31704481220045383,-12.77426061492833,40,C4 Cane/Corn Syrup Adulteration
16.29565014922565,84.41610623124403,28.75190723992013,16.74085689202333,0.4516582902815209,-26.75994661105412,91,100% Pure Floral Nectar
16.630149161902505,82.08786299127426,22.60426256721046,17.195075341756972,0.529051617374923,-24.97477001701192,93,100% Pure Floral Nectar
15.386889719110936,82.53248897588125,10.724724302368141,12.108311215315723,0.4416595267293697,-26.99244289405886,93,100% Pure Floral Nectar
22.03989738544224,71.66978567692753,75.08046748026572,3.2364157250480137,0.5170320623593211,-27.5,35,Acid-Inverted Sugar Syrup
19.721316606075142,79.5,2.0,19.812469825275492,0.500482460487148,-27.398538209634815,90,100% Pure Floral Nectar
17.0,76.24679641217709,83.39769948423931,1.8812620531074815,0.6422362971012309,-25.53900925390936,26,Acid-Inverted Sugar Syrup
19.151927210655987,79.81133171828262,27.231559310639394,8.238402989750314,0.3575498008999403,-11.0,47,C4 Cane/Corn Syrup Adulteration
17.654102994410245,80.68080764773177,9.551245518071365,18.148240915524433,0.36737705932740217,-27.46256438046269,96,100% Pure Floral Nectar
16.935231452912152,83.11099722902304,2.0,17.19076868383121,0.7182376709440423,-25.188918261553813,97,100% Pure Floral Nectar
20.093884337416693,70.98775005919806,27.825036243360223,9.545462089118384,0.2763070359144346,-22.94565519162357,47,Industrial Rice Syrup Adulteration
19.1752840304104,77.00131022326761,74.77221076175594,5.178516252454049,0.652041970419171,-24.66518702590987,23,Acid-Inverted Sugar Syrup
15.48639671032942,79.266579464942,25.411978644600218,18.0,0.4685480519041632,-16.25295987698874,37,C4 Cane/Corn Syrup Adulteration
16.199908014763086,79.5,14.992736408855894,17.267596240877822,0.18,-26.292445609492365,96,100% Pure Floral Nectar
17.93151974737206,81.52940370297149,9.807787610487146,17.431896221998098,0.48954934165366165,-26.554584144425956,96,100% Pure Floral Nectar
20.07219264020875,80.34637867525845,32.010693017446904,4.706702880956714,0.24179484542076024,-19.592020193715424,59,C4 Cane/Corn Syrup Adulteration
17.82199543816195,75.00475703457761,28.28095107754517,11.319579599121065,0.33696291674887624,-25.14923107161835,28,Industrial Rice Syrup Adulteration
16.92511021128103,81.1802208567155,10.683698728671931,13.717261710999065,0.3596896183313178,-25.253203171804504,95,100% Pure Floral Nectar
21.766202242567243,72.70456052303578,73.22723847385075,3.2589664255818938,0.7570876913575869,-26.368336957966058,29,Acid-Inverted Sugar Syrup
15.659784073839626,82.6644607104571,38.0,13.269248565904308,0.5965680417799826,-27.190870521185193,94,100% Pure Floral Nectar
18.595198714811225,79.68659463139629,4.220275627011947,15.561098140130666,0.2808557339459413,-26.80235525905072,91,100% Pure Floral Nectar
19.1330995744646,74.83765782430045,65.61422848034724,6.40344739643478,0.33153549417528694,-22.88083658459152,30,Acid-Inverted Sugar Syrup
17.593388614829045,80.79562575026479,14.692478400232252,19.464766540507085,0.18,-28.2,99,100% Pure Floral Nectar
16.422720662629523,82.87444987476648,7.6358134108695666,13.612751898446454,0.37864381955902127,-26.840907144396162,93,100% Pure Floral Nectar
18.9600089036076,80.35779891216451,9.428414001692829,19.44756613853962,0.48136983060262556,-26.933018889734694,89,100% Pure Floral Nectar
18.51869435273146,80.94148447295531,19.954155597216147,10.581841870235314,0.32225825685703563,-15.753726040423258,37,C4 Cane/Corn Syrup Adulteration
18.12458087253979,70.46197405803278,30.910385291653593,9.089679622984761,0.23515527546507112,-23.88299864263942,38,Industrial Rice Syrup Adulteration
14.0,79.5,3.2219503978916233,21.376747393695183,0.7011428409944889,-27.665839437816963,94,100% Pure Floral Nectar
19.414425272423973,77.42183696423912,23.163042235862342,16.37580241904458,0.3958472569198881,-14.595133219381472,39,C4 Cane/Corn Syrup Adulteration
15.0,79.0943877085672,24.284250937779476,11.021650788874641,0.3402928179851446,-11.263687505981977,61,C4 Cane/Corn Syrup Adulteration
17.0,78.47585287214069,77.74611969034721,4.797693502276617,0.40857474998485666,-26.199620565992127,31,Acid-Inverted Sugar Syrup
17.866185902788597,79.16381781710446,17.16320271141886,10.706387781880755,0.18946747186462817,-16.165960914851112,29,C4 Cane/Corn Syrup Adulteration
19.809924773594897,78.87126050928907,25.20603176786301,8.945041329991607,0.20327642580704308,-24.559656270245846,38,Industrial Rice Syrup Adulteration
21.881366116124845,77.04930417564864,40.20013574654954,2.184547008847743,0.2981821930143679,-22.5,39,Industrial Rice Syrup Adulteration
20.278603798769165,79.0,45.971151117966365,0.5,0.5205895769572996,-26.045241183217108,17,Acid-Inverted Sugar Syrup
18.110281649142124,80.84484114124628,29.522723249254597,17.336719393979504,0.4862016278707163,-28.2,97,100% Pure Floral Nectar
18.89672157954096,80.93665404682059,7.945974413112237,15.7660101455716,0.5651243014001716,-26.985157843316554,96,100% Pure Floral Nectar
18.226358200182347,80.37265768947331,25.476683885658478,14.0,0.23280161054297838,-24.93698146103176,53,Industrial Rice Syrup Adulteration
18.142412871849867,76.59946810016694,67.8441911528563,8.0,0.5491875365335518,-27.5,33,Acid-Inverted Sugar Syrup
21.213504177643205,79.0,51.22837792750948,7.170504472800385,0.5178216930431522,-23.281865809697678,40,Acid-Inverted Sugar Syrup
17.91947098952248,82.00210271917312,3.4908681599767926,11.314229961577942,0.4279313095558771,-25.636280463565964,97,100% Pure Floral Nectar
21.153876724352074,75.34622468257157,86.05410696973054,4.368054544433275,0.437976551589291,-24.85194798224413,23,Acid-Inverted Sugar Syrup
22.917865851679277,79.0,74.44278100622223,4.354459362401848,0.627552738469629,-27.115166304575872,35,Acid-Inverted Sugar Syrup
18.23438739584661,77.76849188095795,29.712270702488254,4.0,0.3139968675891633,-17.806083845811585,31,C4 Cane/Corn Syrup Adulteration
18.281261867179083,77.84157433757008,24.600708719337263,11.366908668269483,0.34481026131789816,-15.158052844932845,61,C4 Cane/Corn Syrup Adulteration
19.43939170862555,76.57273486139472,66.54130033332738,5.077428286467303,0.4129197711718132,-24.735660772862005,29,Acid-Inverted Sugar Syrup
15.57828943513044,79.5,28.533286944435602,18.32377101636346,0.38039917576501364,-27.022247366341837,93,100% Pure Floral Nectar
26.0,70.78116272244279,79.60497853103672,6.052581448236833,0.6263141944192401,-22.808443217753318,42,Acid-Inverted Sugar Syrup
16.373116267476487,77.79682624850506,31.909292298083816,8.631840525211508,0.49999400925363113,-13.72476369256224,51,C4 Cane/Corn Syrup Adulteration
17.72631808402699,76.82141796900899,38.97891156212136,7.688725016186725,0.4305691473922249,-12.710206996437488,42,C4 Cane/Corn Syrup Adulteration
17.0,75.37842059649918,55.65950706764646,5.246479533688813,0.6860516519717001,-26.12939468510736,36,Acid-Inverted Sugar Syrup
17.79564058649895,84.42498330158125,13.331153227819318,19.349113188258904,0.4145946625853816,-25.753131309811447,100,100% Pure Floral Nectar
18.63333951082757,74.18707389389617,21.83016564439186,9.159372881493299,0.45346573698682086,-13.796840684516678,56,C4 Cane/Corn Syrup Adulteration
19.682640321147687,75.52949042136422,21.776754206603478,7.260359397468282,0.411344326665015,-16.19725483387243,68,C4 Cane/Corn Syrup Adulteration
17.0,78.0723938870704,90.99116724851727,4.6302131466080905,0.600302504042072,-26.98265667444105,35,Acid-Inverted Sugar Syrup
19.824692639506573,73.89078655360247,24.830117519446652,4.0,0.48070354319548775,-16.281585959209302,24,C4 Cane/Corn Syrup Adulteration
17.8043177925542,80.07120596527605,32.291137382160464,2.1819308401795556,0.2585284143299998,-24.689932371647622,48,Industrial Rice Syrup Adulteration
17.046014014763166,75.4682453418823,31.789198219307792,11.631284250079592,0.3633020738090596,-17.340405715375514,37,C4 Cane/Corn Syrup Adulteration
17.220563472620874,82.67075256374456,7.615040194152872,11.85501446304849,0.46299597779193213,-26.851366255475437,90,100% Pure Floral Nectar
20.957208754793825,78.1473195146244,35.234959310000725,5.133383175346276,0.4526800484733039,-25.19311265779991,62,Industrial Rice Syrup Adulteration
18.630262174793366,73.66845973326404,31.734357243220668,6.167230010331749,0.21122266517094973,-23.135002001596636,29,Industrial Rice Syrup Adulteration
18.02167425441832,77.10568564819275,33.323472234012186,10.526828874068741,0.2858103999314384,-23.693554518314755,42,Industrial Rice Syrup Adulteration
17.73362173883589,79.66699463235551,7.490882836587096,14.754962487640885,0.49707339080052376,-27.3673739494909,100,100% Pure Floral Nectar
17.458552428210872,79.6279719362529,6.873439990249302,13.241718767720577,0.5834113096008268,-26.60925617791388,95,100% Pure Floral Nectar
16.846404588049573,82.86466691790685,33.796949555797255,11.454365040778162,0.5992713772370637,-26.89008231427079,90,100% Pure Floral Nectar
17.740852644936183,81.77136803678664,18.511598674363132,16.05734426000207,0.18,-26.3442141528321,95,100% Pure Floral Nectar
18.676618026568715,78.69944055458774,14.686536363431783,8.916616422659612,0.24311299122617422,-15.017723418478303,58,C4 Cane/Corn Syrup Adulteration
17.144969797321316,82.33063626740122,29.061060972773646,14.326671524445956,0.6780372951997453,-26.446981471274576,98,100% Pure Floral Nectar
17.107949634497817,82.07560701825766,26.224354235043116,12.719545860623343,0.5724635068976571,-26.32833246115664,89,100% Pure Floral Nectar
19.78031117122849,80.28998177735373,34.94761075861996,14.0,0.21464754029036073,-25.526808392111917,31,Industrial Rice Syrup Adulteration
22.859807008242655,78.16564732035067,70.10146927794422,3.691452734433735,0.4814063477563839,-22.97763781416842,37,Acid-Inverted Sugar Syrup
16.189567425327844,79.89957561613195,17.273753503494927,9.0,0.32797565698585057,-27.121577588703612,96,100% Pure Floral Nectar
19.8,81.60018098343988,2.0,15.484195311962326,0.4668231132726483,-27.23801661488316,96,100% Pure Floral Nectar
19.519326215420246,78.55090726680211,32.40304376122417,5.720218917691148,0.3315093382983012,-15.069245219955004,56,C4 Cane/Corn Syrup Adulteration
16.53507656437466,82.50609144271878,8.213910979716733,17.331129411337653,0.47731065834636055,-25.70134107917744,96,100% Pure Floral Nectar
14.0,81.78701887742119,10.974314464120235,12.431467656477324,0.5508566602868392,-27.39189309777669,93,100% Pure Floral Nectar
19.4571895611841,80.73532432299287,9.094296891067046,15.437471664362228,0.46196973782975775,-25.82351771611062,91,100% Pure Floral Nectar
18.838998093005838,72.80539340683669,54.51514653937444,2.849049420123627,0.526934699446167,-26.51009500424913,41,Acid-Inverted Sugar Syrup
16.98270250597002,76.56156200872483,38.51703953395942,3.6832285238013487,0.477797723236268,-23.929019890182875,40,Industrial Rice Syrup Adulteration
16.219830859085157,79.5,2.0,19.888462208064386,0.34649389171751255,-26.005616947686363,100,100% Pure Floral Nectar
19.636174841223347,76.4666752384953,17.328266952096868,8.827696277034406,0.15,-15.245536158381404,54,C4 Cane/Corn Syrup Adulteration
16.58393771862422,82.17031347604092,12.728098423790176,12.273155615251794,0.5372716044363747,-25.98259015017715,93,100% Pure Floral Nectar
18.728109592691446,82.3418997086747,6.5874356509837035,18.002167560067456,0.3344026919663746,-25.54446407392524,92,100% Pure Floral Nectar
18.56354733654922,79.77341589958945,44.25626277808271,8.794663133171714,0.2767318128352474,-24.500404337682674,21,Industrial Rice Syrup Adulteration
19.62552099927913,80.97079577782208,9.045873027894231,16.949730249489672,0.38289073108407246,-26.5160886339634,99,100% Pure Floral Nectar
20.76370186111314,76.32471073967162,40.903606245779116,8.555642114960714,0.3600000020861795,-22.5,42,Industrial Rice Syrup Adulteration
16.305453553234695,81.93777738921436,2.0,15.737396170173747,0.5266136316430265,-25.912977945269148,94,100% Pure Floral Nectar
21.13090865417885,72.63256496946535,32.225191984985855,6.283415873636864,0.32652902010072643,-25.117660121872714,41,Industrial Rice Syrup Adulteration
19.223071488272062,72.08071078802577,67.03265870768801,3.937502801177494,0.5378664779217709,-25.18442039209183,35,Acid-Inverted Sugar Syrup
19.304691081067524,70.62460390378999,16.59773418799677,6.040468459112265,0.15407736295849694,-25.24584960532726,46,Industrial Rice Syrup Adulteration
18.71447341874196,81.16016001582508,3.590324478349854,9.701752916094524,0.31548920761559873,-26.76009807278322,91,100% Pure Floral Nectar
16.559777682878494,81.39367726976442,3.2019235296266975,17.35279614585255,0.5189602349629716,-26.05713212164419,85,100% Pure Floral Nectar
20.101509402045263,77.06416945073653,67.09218827579424,4.62244942438825,0.792238828799104,-24.977968222021957,36,Acid-Inverted Sugar Syrup
17.083652198319825,82.26650188269116,9.559287776816765,15.929438238333733,0.5280930158148669,-25.39785480914342,95,100% Pure Floral Nectar
15.91549605058003,83.20187829070892,2.0,16.78457282061192,0.4408588230293818,-26.452346907655915,94,100% Pure Floral Nectar
18.99157003476238,76.40451091553095,33.39523840845559,10.31233846815438,0.5040022185924359,-18.17365584351344,54,C4 Cane/Corn Syrup Adulteration
19.03264285795379,71.19013326514018,57.32034508513791,1.7717669924328825,0.4460944899597258,-27.5,26,Acid-Inverted Sugar Syrup
16.943524733791456,80.43734052106497,33.458416387217135,13.003421520460794,0.4162390616796333,-26.574384702442103,91,100% Pure Floral Nectar
17.78258751846767,80.6777321914951,25.85416051728171,9.26462713946347,0.4203454544419316,-16.691037181303248,61,C4 Cane/Corn Syrup Adulteration
16.675250869430563,82.22364049756476,22.099448334036573,15.226365501739737,0.34078225591962286,-26.557443677688745,95,100% Pure Floral Nectar
16.440256680372368,82.13823450795306,13.367568571818921,16.264062946785707,0.42959950262922986,-26.77295524915631,97,100% Pure Floral Nectar
20.475976083487836,73.12529027931107,71.40710734835788,3.0978157311166954,0.745230019162341,-22.164180573771734,22,Acid-Inverted Sugar Syrup
17.591956076847747,81.51345074397415,24.60110853463083,18.877221455965003,0.46280011286998163,-27.173267849271472,98,100% Pure Floral Nectar
15.934606754779267,79.04643547520412,27.470883583628215,13.504514535291808,0.36519188637568084,-18.01863393970582,45,C4 Cane/Corn Syrup Adulteration
22.51591219172464,77.8220065357572,30.103888992837724,10.683981737454001,0.35519717267155004,-15.179402139675926,56,C4 Cane/Corn Syrup Adulteration
17.647512556286568,80.9233515132689,2.0,10.691353074214714,0.41703174950371186,-26.827154484776496,95,100% Pure Floral Nectar
17.13831110237942,73.65506140747603,67.25640086405888,7.6333514395691235,0.46372076199767986,-25.839954365184933,42,Acid-Inverted Sugar Syrup
15.913838883919468,82.1367940782744,7.602768422599485,15.077317873813726,0.29183707489305866,-25.363305317117753,96,100% Pure Floral Nectar
17.47560573021677,81.46942195248633,2.6800360074875753,9.0,0.4885323154309642,-25.904758954956247,96,100% Pure Floral Nectar
17.985287227117734,82.873457997243,2.0,19.401938968932182,0.5588164738696166,-26.003675826460878,92,100% Pure Floral Nectar
19.8,81.43298826903126,2.2223397610061095,16.6578589941428,0.2626905591513408,-26.300685370160053,95,100% Pure Floral Nectar
16.440870815545654,79.12348715254986,41.08945040845679,11.91381872624131,0.21918784230275135,-11.0,48,C4 Cane/Corn Syrup Adulteration
17.82134719940472,83.69877539228372,2.583846533435929,20.38345855137694,0.6812784457250665,-27.70498888607953,87,100% Pure Floral Nectar
17.328453478227722,79.5,36.719687897078316,19.2954895458372,0.25393691772049853,-25.19441282630908,90,100% Pure Floral Nectar
17.515431090857316,82.90069275528228,3.0571092551608148,14.342330199700399,0.4333280967834759,-24.90132079256875,100,100% Pure Floral Nectar
19.8,81.05929678075958,2.0,18.52498853686275,0.5676774965013613,-25.74247607683728,95,100% Pure Floral Nectar
17.13154394313625,80.01628450023614,2.0,19.636575471727724,0.18538966632982204,-27.479535025931053,91,100% Pure Floral Nectar
19.634645634843277,77.57008829181616,44.01857194053802,4.9692438283652685,0.20508550426069255,-24.658337210702243,54,Industrial Rice Syrup Adulteration
23.363979530400414,78.81537439075869,77.75779747357201,4.4825040533593175,0.6543515302535738,-23.74853331344249,37,Acid-Inverted Sugar Syrup
18.997869223722233,73.76661491348132,38.38530521155123,5.891949196604909,0.3391834753465403,-11.0,31,C4 Cane/Corn Syrup Adulteration
16.647875671301975,80.32218457571263,24.84320426608709,12.334079972569585,0.2663331221576952,-11.0,38,C4 Cane/Corn Syrup Adulteration
19.8,82.60717321021282,23.059405538271903,15.268127928045564,0.47308035119714364,-27.456686135728965,90,100% Pure Floral Nectar
16.144013809972897,84.6779600293621,38.0,17.991332870187975,0.24785029669147812,-27.721966388900782,89,100% Pure Floral Nectar
17.20011140938462,81.0,12.29606473877823,17.245610199744462,0.343342655066964,-16.290969961843736,54,C4 Cane/Corn Syrup Adulteration
16.988217402885084,83.59079186810256,4.936067419846477,15.928752179697902,0.7061517360397763,-26.159199925586474,91,100% Pure Floral Nectar
17.752232999329614,81.61899511597481,2.0,12.249610759995797,0.3603748647190166,-26.42503035106146,89,100% Pure Floral Nectar
17.467538695227866,84.38364606513576,14.962622424039814,22.18317259863322,0.18,-26.532986996447953,93,100% Pure Floral Nectar
18.038312145386673,80.98241732768683,38.0,9.0,0.5778057671429042,-26.361164056864233,97,100% Pure Floral Nectar
16.141108956601975,80.18304284811373,10.578702768377072,23.602452713977392,0.4762237508286149,-27.671386550093796,91,100% Pure Floral Nectar
18.046321456897513,80.07437961381665,5.2249959310412315,14.67845501790688,0.47966615765438325,-24.682242928952224,96,100% Pure Floral Nectar
17.27930989485595,81.7682021834107,2.0,9.344662902647439,0.18,-26.834185007667372,93,100% Pure Floral Nectar
19.492732487269933,75.82017788080937,35.738674917425335,9.859028283442163,0.471605172522844,-19.886665447355753,54,C4 Cane/Corn Syrup Adulteration
17.948480720571407,79.5,5.964385177761432,11.325634884238202,0.4588358967015573,-25.926078671139432,96,100% Pure Floral Nectar
18.27440862081407,79.5,7.139356178445446,9.0,0.38944704167833394,-25.004631549592307,97,100% Pure Floral Nectar
17.79022125486024,81.3835055339657,11.42583611552499,16.862331042464557,0.46407832654190356,-26.526385203620016,92,100% Pure Floral Nectar
21.010356723949624,70.08655993506801,56.996341913262675,4.009499922025253,0.48662030357740005,-25.756177787167374,29,Acid-Inverted Sugar Syrup
22.405965591515173,74.00595557909605,50.465514206230424,9.80663522260515,0.2302582791085757,-23.0540531811533,41,Industrial Rice Syrup Adulteration
17.365149323425804,74.41647944858798,35.57747396685772,8.069007395826727,0.14552821714846187,-24.769272613846407,29,Industrial Rice Syrup Adulteration
21.048771366131678,79.0,42.0,7.201146131508214,0.8530855235232981,-25.719823406564657,50,Acid-Inverted Sugar Syrup
17.63236621763855,81.00805523141108,2.983226123156558,16.93437326162514,0.4315652547736843,-25.027226996095973,99,100% Pure Floral Nectar
16.598832242424646,80.05566654912091,2.0,18.46393601013291,0.3780035903578453,-25.374234400751035,90,100% Pure Floral Nectar
18.000880418399802,83.34225109452137,12.91908211681885,16.707840488423578,0.5287611882476582,-26.193802041197383,97,100% Pure Floral Nectar
17.221865667529443,84.11647426953259,10.637454256097692,20.078152251495666,0.37905225347718946,-26.2348944539753,96,100% Pure Floral Nectar
16.824057092931834,82.29175298673275,10.495984937166558,11.106339447975046,0.4494332318661129,-26.402434046791353,93,100% Pure Floral Nectar
18.616048249571698,79.5,2.1842249258347115,16.26525096337187,0.24105266023314445,-26.031050160925318,89,100% Pure Floral Nectar
18.56157622947742,80.58447501203153,2.2457531827760038,19.52609207504556,0.5388073476859632,-25.492801630552147,99,100% Pure Floral Nectar
15.677855685592075,81.14431800993034,5.458098389080842,17.539735408429678,0.3847882317224025,-26.344148097997373,94,100% Pure Floral Nectar
17.476639446569358,79.55109911382993,2.1079655622289053,21.142857802911465,0.20092617857224243,-25.595366057420026,92,100% Pure Floral Nectar
21.115349890905964,72.35036781079992,36.99956468755859,3.80419735148087,0.1646929924947751,-23.854635208659396,33,Industrial Rice Syrup Adulteration
21.155000490910844,76.384989741885,28.574222609901547,13.592348635203697,0.4608197896425885,-17.721579535730687,44,C4 Cane/Corn Syrup Adulteration
18.256007861739004,82.8931568236621,6.099985397769476,9.0,0.33034766955995204,-26.88409298188564,92,100% Pure Floral Nectar
17.75064497515212,80.2534593744235,14.042647847046407,16.74206896710993,0.5458553327605489,-25.854922077991947,94,100% Pure Floral Nectar
18.264078349165445,80.23440072661343,38.0,15.005836186007677,0.3650619636491777,-27.177786636491042,94,100% Pure Floral Nectar
18.849389935593706,72.47578269559844,27.64114102116539,11.033704854522735,0.25479687300538256,-25.83171276283415,60,Industrial Rice Syrup Adulteration
17.713237544535588,81.62158587657129,19.39583054013226,16.822488741772197,0.38589745414142657,-26.914466313784764,92,100% Pure Floral Nectar
19.8,82.28272001424277,3.1610725572283975,17.95712905644602,0.4500617044506716,-26.14272966670701,91,100% Pure Floral Nectar
18.836765214597104,73.86418207971995,41.413738924773334,7.876368058318381,0.25503099805844864,-23.57957417407806,36,Industrial Rice Syrup Adulteration
20.797855350458438,75.89388180300803,65.48948931106216,5.229910176220542,0.4347225149530349,-24.363870898313955,41,Acid-Inverted Sugar Syrup
19.078066281743233,81.43106176236222,18.521969953276855,17.121025717467298,0.3720212779685439,-26.846305900514274,97,100% Pure Floral Nectar
16.68401651564376,75.48810299622387,42.49712469846212,10.33381648080594,0.33244719374029513,-18.66431007763059,64,C4 Cane/Corn Syrup Adulteration
15.330517897805858,81.27728605890181,2.0,14.67612104463484,0.5177621324752882,-26.28731715168899,99,100% Pure Floral Nectar
19.326997493098474,81.9327798701,2.0,13.659768837653022,0.4740924500623519,-26.05803590306819,88,100% Pure Floral Nectar
22.90087656498272,79.0,76.94402276050296,4.157067392755751,0.5382876853426393,-24.99616287852917,35,Acid-Inverted Sugar Syrup
18.601464529593997,81.9565012689493,2.1301894183748753,16.968992707303652,0.34745833673282456,-25.328966790906858,92,100% Pure Floral Nectar
15.546862058567616,81.36203319653318,16.457100442701417,12.366006553984818,0.3931272690824071,-27.103038183609712,94,100% Pure Floral Nectar
18.45334627109243,80.5,37.411322212611076,6.72547023644792,0.35502978058984236,-24.915531751759115,57,Industrial Rice Syrup Adulteration
16.41960772564835,79.5,8.122829851310716,15.85655034296282,0.5090746209093964,-26.754919783953714,90,100% Pure Floral Nectar
17.139132270260593,81.65427862343515,38.0,14.77016179264572,0.3847086829933639,-26.95893095775974,94,100% Pure Floral Nectar
18.83162563462398,74.79520065873083,77.04393623425662,6.026871794908307,0.6061738454671369,-24.32988970544998,43,Acid-Inverted Sugar Syrup
24.059623260500732,76.91979298367784,56.20073649534413,4.975740139330181,0.39455390233931237,-23.54635103757417,32,Acid-Inverted Sugar Syrup
18.6618252278967,80.3754914431682,2.0,10.132794291428441,0.38805444595122096,-26.9079322195943,92,100% Pure Floral Nectar
17.22172156442992,78.9826251220468,17.10268342463023,10.45929559502176,0.4249087858300095,-18.506732304990074,46,C4 Cane/Corn Syrup Adulteration
17.14788886888622,84.0728068596337,10.222947410944894,16.69901652116476,0.3830222844656235,-26.515905280797316,91,100% Pure Floral Nectar
24.51090609045486,74.84688218892255,67.1142255426007,4.85373757257295,0.46539330788020083,-22.0,34,Acid-Inverted Sugar Syrup
20.022087471566284,75.43759050270023,61.35187475482366,3.3784556105118315,0.6257360497505007,-24.445917209095484,38,Acid-Inverted Sugar Syrup
14.873871912823455,84.77232374966037,4.074097739998138,17.65707036638455,0.45350881214651995,-26.856192903752763,97,100% Pure Floral Nectar
17.981448051242495,79.7623011602559,24.49822518427276,12.887950960545982,0.1771024399795212,-11.0,32,C4 Cane/Corn Syrup Adulteration
16.588530067866493,82.34692034232795,3.169679119957454,20.03602661343345,0.5095647890190447,-26.052283570256996,97,100% Pure Floral Nectar
18.646137083038912,71.57935323412266,47.303164260362166,8.572985546522052,0.43325957214563826,-26.98898979847875,26,Industrial Rice Syrup Adulteration
20.213407814368228,79.0,70.05369414368836,4.753795119490235,0.3861041748036524,-27.45015635563027,36,Acid-Inverted Sugar Syrup
18.83690153986499,81.0,26.53572412005048,13.092383548613924,0.16557832961327607,-11.0,38,C4 Cane/Corn Syrup Adulteration
16.91995307415029,80.5,23.933699272012067,7.148728327302127,0.2591884465008753,-25.48586259223113,33,Industrial Rice Syrup Adulteration
19.634459529316608,84.31797474648816,21.328776420112128,21.949203814175753,0.6665771782366379,-26.825905928973796,91,100% Pure Floral Nectar
18.331280917593602,81.01843827182343,2.84786690073144,12.773093594082358,0.2835968257295022,-25.230934269591835,86,100% Pure Floral Nectar
18.11611191889568,81.85444385771557,4.196542796417802,17.666749101556924,0.4444178404142745,-27.071980763400827,100,100% Pure Floral Nectar
17.225785730865372,81.32402847860183,2.0,12.743589770109578,0.5150094328810466,-26.255705234264177,99,100% Pure Floral Nectar
15.805313561681125,75.95806188873212,37.77467924804415,10.064464628744322,0.26169448783916405,-19.533462868899072,20,C4 Cane/Corn Syrup Adulteration
16.772685413903464,83.6046543892057,10.826634384096392,13.552695826537109,0.23073244366414533,-24.733728577684857,95,100% Pure Floral Nectar
16.490279554480416,83.76800091635064,2.0,13.178042773946231,0.4081669921194387,-26.40812708011853,96,100% Pure Floral Nectar
16.01021788274929,80.33099682653348,4.569580592482817,14.423651046038042,0.18,-26.92822306767529,96,100% Pure Floral Nectar
16.0,77.1353529811366,33.36979761701533,5.056087514799533,0.3292938478696179,-25.72566083769699,56,Industrial Rice Syrup Adulteration
18.35243881754668,81.25740435316794,4.858687723056813,18.39502166611507,0.3806645932947044,-26.35499358498869,96,100% Pure Floral Nectar
19.30329987293444,85.0,2.0,13.3995437664355,0.4199425538317793,-26.53995094618289,98,100% Pure Floral Nectar
17.71749906907733,81.20277080649389,9.119401906283198,18.419993104061966,0.4240644659322293,-27.098000482749978,94,100% Pure Floral Nectar
17.565477381051846,82.73367088481902,2.0,12.301856240162238,0.23880081953049517,-26.488054839360828,91,100% Pure Floral Nectar
19.48023346252373,76.82984561499984,36.57162944170162,9.072783889429957,0.179714944624778,-25.991138049144695,46,Industrial Rice Syrup Adulteration
15.978711768022688,81.0,24.92623963723223,10.462214900601113,0.4120086589499454,-19.25004246929452,61,C4 Cane/Corn Syrup Adulteration
20.16819679726308,77.68003954807932,25.154115139825223,9.973075258930717,0.4039971381603388,-26.240857974168105,33,Industrial Rice Syrup Adulteration
18.496701563138227,82.26269387698996,2.0,17.181773849985596,0.5600748860860536,-26.273775125575888,92,100% Pure Floral Nectar
16.454218824473323,81.31463989203658,6.3529106810840545,16.34233380260596,0.4810515997259165,-25.93011823374585,91,100% Pure Floral Nectar
15.0,75.04756310272849,26.415782243220782,7.304844843544477,0.339270605656612,-16.98975790810407,59,C4 Cane/Corn Syrup Adulteration
19.436659360494,78.23852794691103,35.40742493835245,7.9187997374657195,0.2503328379803344,-24.279717194216246,59,Industrial Rice Syrup Adulteration
18.68151095039088,79.70638666547292,48.640893506688016,7.7072824174391945,0.21777576801339824,-24.242161231723827,31,Industrial Rice Syrup Adulteration
20.34630670101009,72.5895461445797,32.507628172809916,15.00251864391889,0.39242911326544627,-15.845433384372027,38,C4 Cane/Corn Syrup Adulteration
18.083136358376688,82.35048627450155,38.0,18.201245812301046,0.44044985011117344,-25.635561211992837,89,100% Pure Floral Nectar
19.21616410162926,82.38098500439123,3.75320265438416,15.323098915135024,0.4371701924433593,-26.965166039398877,97,100% Pure Floral Nectar
19.03824244651647,68.0,47.55951482687695,2.4954882468563735,0.43001444725130467,-26.778126400852102,33,Acid-Inverted Sugar Syrup
17.563611502410073,79.5,6.055088154216269,12.231858806673564,0.37350136040763715,-26.925181165384213,85,100% Pure Floral Nectar
17.21820264862907,79.5,34.75066068424641,13.90137417810161,0.453047548097185,-26.37277383863463,100,100% Pure Floral Nectar
18.702169266872417,84.22471169336359,2.0,13.880748832020927,0.5282117625528341,-26.03611969813028,93,100% Pure Floral Nectar
17.548404746984517,72.36585803173845,38.33716169876364,14.0,0.231188324829613,-25.560853942146302,34,Industrial Rice Syrup Adulteration
19.61547765786474,80.28506892181584,33.22749896537653,12.487982549570736,0.3130582828713635,-14.682975856331145,42,C4 Cane/Corn Syrup Adulteration
21.635300719575007,77.52497003137199,19.676958793248716,7.20651081431807,0.4107151040779306,-17.920744236742355,54,C4 Cane/Corn Syrup Adulteration
21.429856715653923,72.57376064694887,48.48500834241931,1.9807122134370707,0.5440630614598051,-22.249017057757214,36,Acid-Inverted Sugar Syrup
17.657698323269827,82.31325716149229,2.0,18.310434633525073,0.3430666015016676,-26.923650263025166,97,100% Pure Floral Nectar
17.592232802301854,76.27421615527277,16.608157329432263,9.360188865435521,0.4454043411463309,-16.08442284842394,56,C4 Cane/Corn Syrup Adulteration
17.87057175604495,85.0,2.5477662078757,20.12143609321339,0.32002301720052406,-26.846621115956662,96,100% Pure Floral Nectar
17.53941660879345,76.8036348357,18.719612272133865,8.317986652093062,0.28530200528660493,-26.151913007552658,36,Industrial Rice Syrup Adulteration
17.866908593580515,79.2792644633037,36.51564966512508,11.148939502524067,0.15,-16.24544266023212,40,C4 Cane/Corn Syrup Adulteration
16.201602130623876,78.79449340784765,25.355574501064893,12.099679495175218,0.48253722587901915,-13.966211544615705,38,C4 Cane/Corn Syrup Adulteration
18.764358342263446,82.49061060742015,4.487620073568488,20.19333530507441,0.41132488083426166,-26.223885034916783,93,100% Pure Floral Nectar
16.978532306445977,80.52572927322404,15.032319604370876,14.959678864190668,0.40477697760195863,-16.24263695828215,67,C4 Cane/Corn Syrup Adulteration
25.05901003944995,76.61042065490548,63.897065853390906,3.543320986920093,0.7613962003562695,-26.09648633708997,31,Acid-Inverted Sugar Syrup
17.899399040771105,75.66403580882522,41.06850985677693,8.003831054890185,0.28986646060951,-24.1753198637467,32,Industrial Rice Syrup Adulteration
19.09354501416847,74.18469779782968,38.999869089694585,15.530582074783736,0.42758439470699244,-12.163550569642922,61,C4 Cane/Corn Syrup Adulteration
16.761718757267584,80.15861103044884,10.876980715490527,12.270356415488726,0.43254506946590593,-27.44178074897612,91,100% Pure Floral Nectar
20.504381303447797,80.13980157602549,26.538275933282,9.925137598431707,0.2329851237048752,-24.52152179862133,42,Industrial Rice Syrup Adulteration
16.50962804864032,81.19398426143505,38.0,20.280501036394167,0.4335164018190768,-26.60476133548454,86,100% Pure Floral Nectar
20.010923427741925,76.04584074156816,33.785280901239624,10.719102929310477,0.300990553993371,-20.119509571923082,60,C4 Cane/Corn Syrup Adulteration
16.463942969646933,83.44317802131157,3.1118700398160586,15.320492145727318,0.2213232767795901,-27.131447524235575,95,100% Pure Floral Nectar
16.307658021770873,83.87370089885023,38.0,13.079391134080081,0.42624247805275434,-26.251333939783557,93,100% Pure Floral Nectar
18.55079228633644,83.3900515432487,2.0,11.436690832206821,0.7350366696322694,-25.305227064198206,91,100% Pure Floral Nectar
17.23431424396252,81.6760904628384,15.788030089018761,17.28712985975856,0.3792019533178177,-26.09893759067977,99,100% Pure Floral Nectar
22.57728385009653,80.66462944750377,31.44651256557932,8.724475828135802,0.374344071424013,-15.909798678988123,44,C4 Cane/Corn Syrup Adulteration
21.204735118019617,72.75771415493372,15.334323171696045,8.576824754860064,0.3704665458529809,-25.864663110864864,43,Industrial Rice Syrup Adulteration
24.048946502109544,68.0,59.57106487470591,2.8160667181639685,0.4595426797983634,-22.767821237771948,18,Acid-Inverted Sugar Syrup
22.886159579619733,77.95858615282808,62.844150449881916,4.943276238200622,0.6055850991884075,-26.105669693959726,32,Acid-Inverted Sugar Syrup
17.0,71.55840893703805,73.92109058308701,5.38719999878129,0.47249708517985956,-24.87295481348619,15,Acid-Inverted Sugar Syrup
15.744131702024257,82.18899753362062,6.673891214484875,22.489455605417238,0.2944057070287798,-27.100097244867968,90,100% Pure Floral Nectar
22.35345745849195,77.23401610304082,26.32200383256094,8.102060503987449,0.18626037586829614,-26.19411260404995,24,Industrial Rice Syrup Adulteration
15.30626159981905,81.98256238756242,2.0,10.883591429844099,0.4668206631456102,-26.672833495281502,95,100% Pure Floral Nectar
25.612203059985855,79.0,54.947743620480765,1.3905545209867132,0.6618190666599937,-24.364397300557386,37,Acid-Inverted Sugar Syrup
16.341236271042682,79.5,4.3394438223260625,18.730818631459236,0.29903841321951863,-27.064035330846274,90,100% Pure Floral Nectar
18.023974577679006,84.56987141082767,12.439338604457314,10.744620665577486,0.369869385009502,-26.144778737406618,88,100% Pure Floral Nectar
17.367389550576505,77.91605968950086,76.84320693236523,3.643676574969019,0.4644591605658188,-24.991238867010917,29,Acid-Inverted Sugar Syrup
19.676101453814297,68.09260681502153,119.24573807757616,5.009709675833254,0.4635231292065413,-24.604501763982157,22,Acid-Inverted Sugar Syrup
19.034549720274942,74.74146409830504,46.98370004446755,3.0619850803186788,0.27911355790925574,-25.248271616957222,50,Industrial Rice Syrup Adulteration
15.94170233234762,80.84028476268824,23.85581331289933,21.755915457756977,0.29339750935473785,-26.664508617772945,94,100% Pure Floral Nectar
17.0,78.0415989680525,78.30373003515903,3.5738360828131537,0.95,-26.60301904984051,21,Acid-Inverted Sugar Syrup
17.04692392919287,75.55166232493032,92.24833581624634,5.454922441372058,0.6602259145311259,-27.5,24,Acid-Inverted Sugar Syrup
17.593667993557126,81.5429902087592,4.967471312354071,20.3704422250715,0.45892391690925605,-27.476252252764304,97,100% Pure Floral Nectar
18.591478258005328,72.0,17.50002918699986,5.533231216242934,0.1911734856558472,-18.088983035401416,32,C4 Cane/Corn Syrup Adulteration
17.556714842729683,75.11019456622702,27.287995707132236,9.67207640507727,0.31574875920005463,-13.511821751006867,46,C4 Cane/Corn Syrup Adulteration
16.68906617863996,83.80864577513583,5.13677425823244,10.553099204921239,0.30282893523220816,-27.24390764571663,98,100% Pure Floral Nectar
17.856974625731937,83.80823326139985,7.940687782873063,17.971163601031446,0.3227210933161593,-24.70174007030286,89,100% Pure Floral Nectar
20.210471995836976,76.36793234487114,75.590032956266,4.068911084629559,0.632920970579033,-23.915034788079257,24,Acid-Inverted Sugar Syrup
20.00893165787024,77.87101479459169,23.418891844606375,7.677230697289696,0.4589321356628154,-15.910079027799535,20,C4 Cane/Corn Syrup Adulteration
18.096727203467623,76.73178174514979,52.55965437560729,4.865864661732144,0.4180219835058473,-25.92226505666947,30,Acid-Inverted Sugar Syrup
19.48787113648273,69.9800710686351,61.46641259695566,4.152518887297406,0.5775574964043649,-23.443548349717485,21,Acid-Inverted Sugar Syrup
16.387267170273386,80.87197386775411,6.596219735036615,12.62854024915529,0.5327043421994456,-26.422353723035567,91,100% Pure Floral Nectar
17.153622237976684,80.61700574806554,31.538366710250127,19.47138163471729,0.28960365733376614,-26.110461535599963,94,100% Pure Floral Nectar
19.162238030125,83.01411906586178,5.960700674840858,9.982645280706352,0.18,-25.672812201612533,91,100% Pure Floral Nectar
16.287075555969714,83.97470319066244,3.4988644316088537,16.201354975318488,0.6482295778395001,-25.68179011200489,100,100% Pure Floral Nectar
17.91524929381263,79.48265835753392,34.31377999248378,12.328950947406067,0.3998264707195882,-19.223653111585687,52,C4 Cane/Corn Syrup Adulteration
20.742802188991497,73.13391904447134,70.5727990945203,2.176251576201897,0.590834762111189,-25.488630243419713,30,Acid-Inverted Sugar Syrup
18.366940546252494,82.13706954432497,11.675268886114868,12.047041058204405,0.48729135216066877,-25.77671439636921,95,100% Pure Floral Nectar
18.638339586071965,81.0,33.006709260285675,13.911894149680174,0.1602622669477183,-17.466147577614517,58,C4 Cane/Corn Syrup Adulteration
17.130750806486592,80.81708296944592,2.0,20.499679780792043,0.519953453139005,-26.05517335923086,94,100% Pure Floral Nectar
19.12654761624492,74.14834739321911,12.0,11.882969448892363,0.3635598915313451,-24.263649432117013,40,Industrial Rice Syrup Adulteration
16.618596920538877,83.93014249918144,5.4461263032562,17.202342727762286,0.24589044856871847,-26.63211564525208,92,100% Pure Floral Nectar
15.271262884860072,80.27629379081792,2.0,13.762270731434777,0.5392488315441548,-26.554393774086293,100,100% Pure Floral Nectar
19.1771087775816,82.00578792064795,4.412052226355592,13.529646125081827,0.3780164804308275,-25.83664878953082,98,100% Pure Floral Nectar
18.36126477870445,81.92257451272265,5.924818519779001,25.426612520495123,0.5192335273131359,-27.056725895854868,97,100% Pure Floral Nectar
17.265011167418606,81.2847549528127,13.978198957330209,21.358052840269718,0.4403933653261779,-26.375671865195706,100,100% Pure Floral Nectar
19.34137044724486,80.78514264369696,2.0,22.536099269712423,0.5205616865443572,-25.481454404478928,96,100% Pure Floral Nectar
17.113716223447156,75.62875326947207,54.29554788421132,7.117334668156538,0.25318297654584665,-24.36282930917991,39,Industrial Rice Syrup Adulteration
17.173807740975743,79.5,2.0,14.787186946249545,0.18,-26.50373250328255,93,100% Pure Floral Nectar
18.822033810610364,81.06545550364962,8.411462128424208,20.339441390476402,0.4915297792958984,-25.45951744536456,95,100% Pure Floral Nectar
18.987736116812044,72.39169316513572,49.870092798760794,3.2473400199785774,0.17853084971083097,-24.956159686074486,36,Industrial Rice Syrup Adulteration
19.12931679252548,77.09599875811193,22.835604684997467,7.079984310005242,0.24054476503291183,-25.029816379919183,56,Industrial Rice Syrup Adulteration
21.560073823699177,72.92376914132548,87.72753784892305,3.8983156597384383,0.6597525338974397,-26.83993494826013,39,Acid-Inverted Sugar Syrup
19.822679928284586,76.5495897834661,23.64848186422725,5.771200808564006,0.4430820125037319,-12.139534466879585,52,C4 Cane/Corn Syrup Adulteration
18.216073273458168,81.34535184331392,9.617274295630711,19.640404831928713,0.383887764843584,-24.5,92,100% Pure Floral Nectar
19.7123810089249,83.70703893506172,32.282626315274214,16.251441112337503,0.43233770917860825,-25.706912649175027,91,100% Pure Floral Nectar
18.342032097555016,79.5,2.85477402604836,17.926366845348998,0.3439632160907307,-26.23783104268689,92,100% Pure Floral Nectar
19.8,79.5,38.0,18.459734552846516,0.5635380265831351,-25.437641420961654,95,100% Pure Floral Nectar
22.410834001827762,74.97522304499421,74.74822777039881,2.5958430611017183,0.48792157197100855,-25.29736362480557,32,Acid-Inverted Sugar Syrup
16.915736459539808,84.14646537484576,2.399721649881084,17.57173759975644,0.3338833034867351,-26.50470972072216,94,100% Pure Floral Nectar
20.384467304146373,79.8390439859024,28.7175370502018,8.91196346925094,0.23461238786341682,-23.731435892918075,26,Industrial Rice Syrup Adulteration
19.914014471089946,77.31556642486126,55.3792225228773,4.655420198713199,0.6753841226710525,-25.02749219978739,39,Acid-Inverted Sugar Syrup
19.503785813058133,75.94247045828911,72.32375974722207,4.741689398901415,0.38635547349007043,-27.5,42,Acid-Inverted Sugar Syrup
16.561440040522406,75.40288370467157,17.049963715231762,16.136242212882788,0.2512495601783683,-16.300466735131817,53,C4 Cane/Corn Syrup Adulteration
17.0,72.66688730973794,68.06852301610627,5.93442597778439,0.4111325146200322,-23.85746838668465,33,Acid-Inverted Sugar Syrup
23.288830969773592,74.62641277005639,61.17683576647003,7.135844711882658,0.8306814177240265,-25.179779970454945,25,Acid-Inverted Sugar Syrup
20.510730683561153,80.5,35.59111966160305,10.01852594782283,0.14139449580815777,-26.083838969193106,37,Industrial Rice Syrup Adulteration
16.194913552953356,79.5,2.1167338872177233,16.210143023389588,0.5307640124682875,-26.568737950215773,96,100% Pure Floral Nectar
18.335131582423696,80.47822081325673,5.358110167536045,16.829692086758058,0.26259159693058504,-26.41495366070903,90,100% Pure Floral Nectar
17.974551707978698,80.72558046883113,6.089038283778877,22.572821403856683,0.6140830436934066,-26.19057157743034,99,100% Pure Floral Nectar
21.40200135414493,79.0,44.70832121871713,3.2941479125689432,0.8736272826154453,-27.059235896441386,26,Acid-Inverted Sugar Syrup
16.72990142099382,81.00490875981123,29.330608130037525,15.730098062911319,0.49325277837713916,-25.534366180499916,88,100% Pure Floral Nectar
20.387630370940713,74.95685130617638,68.30971840965593,5.169505535882843,0.48019416608672194,-23.179986109745936,14,Acid-Inverted Sugar Syrup
16.450670703815206,82.81332292171398,2.0,12.602251099096492,0.4274081611752356,-26.148881028324187,87,100% Pure Floral Nectar
21.71251218407627,74.87015360570771,70.86527278129873,4.250843117489432,0.40354504993488277,-25.35553859050301,28,Acid-Inverted Sugar Syrup
17.302645154063764,82.39209778443032,13.282591035076246,9.118508774345274,0.4150007971942398,-25.737196976847674,92,100% Pure Floral Nectar
20.981288176963222,76.04483024128794,28.538169872728776,5.2976253707908505,0.3433437194933303,-24.339970475866913,45,Industrial Rice Syrup Adulteration
19.057538952712562,77.74986355821227,37.758203257384416,7.63191967456207,0.26435793751765113,-26.6040072765708,46,Industrial Rice Syrup Adulteration
17.94830790787277,80.58564688175464,2.0,10.88677521801295,0.3942574859596909,-26.509066357527335,85,100% Pure Floral Nectar
22.280340927558832,78.51446914712032,29.347727236781648,6.237397720085303,0.2628827421418705,-23.81725069276633,52,Industrial Rice Syrup Adulteration
17.948073807089997,78.10615299656939,51.46884564937018,16.724610060112013,0.23312790884316736,-14.258871660676203,59,C4 Cane/Corn Syrup Adulteration
15.0,76.44667974965459,36.27860891084684,7.875401955712393,0.23661808062460463,-20.937127381266286,39,C4 Cane/Corn Syrup Adulteration
18.138672864137696,83.22264611966048,5.097743012425001,13.890902778976837,0.5036619144951423,-26.054817730948795,95,100% Pure Floral Nectar
21.58915054531653,77.22308462984492,51.2631396920343,6.14541384333387,0.6729675586960825,-24.290005914559703,28,Acid-Inverted Sugar Syrup
14.210056100429826,81.48688235016496,5.720199249968692,20.440620232602804,0.5845318576694306,-26.373425390252553,100,100% Pure Floral Nectar
15.279338399896101,80.05260607944228,16.871722962867242,20.007570343461694,0.6928912282971887,-26.353848223994767,99,100% Pure Floral Nectar
21.579552619539324,74.05503934706967,45.30674797854511,4.918816310195384,0.29784594185897056,-25.974364986331608,39,Industrial Rice Syrup Adulteration
15.762878580824514,82.15877559125646,12.099457492782012,17.988949089321185,0.24988322913271127,-25.14575240847065,93,100% Pure Floral Nectar
18.007900978052756,82.89930527337427,19.021210572145414,15.652502411187672,0.4038011726427526,-24.5,93,100% Pure Floral Nectar
17.229780207430487,84.19473665191357,3.1107777025518946,17.280848424728077,0.3462691770662589,-25.962446242097148,100,100% Pure Floral Nectar
17.066350054075297,83.68349594109495,3.2509646714505394,19.89894360379949,0.2646081737591688,-26.98319319357624,95,100% Pure Floral Nectar
18.11213078787531,82.85525035134262,9.367493984231407,19.35943683288203,0.5256583752268957,-25.613843720461553,91,100% Pure Floral Nectar
18.17573616631503,81.17299717538101,4.079701444663961,14.87892138211306,0.3911521829173906,-26.17413055848059,93,100% Pure Floral Nectar
16.138405103557375,81.26970980594959,5.74109825640855,17.694216202844498,0.34658785653687363,-26.049186550952083,96,100% Pure Floral Nectar
17.493523181384475,83.8609211597638,33.052753686810966,19.22560146637622,0.463201975828587,-26.102790432766998,91,100% Pure Floral Nectar
15.802715121759821,81.29973048682822,2.0,19.976497632771828,0.6055678424627795,-26.422530165660998,90,100% Pure Floral Nectar
17.59222562234745,81.04131491983365,2.369412503866178,20.278639177769776,0.4316277451241177,-27.99829632026906,89,100% Pure Floral Nectar
17.088502052255997,81.43894979086039,2.0,13.27901659251184,0.49794975979754075,-26.62963951547373,96,100% Pure Floral Nectar
18.376900968584213,82.35609858208568,3.7760955791419675,16.62453982271197,0.47870808162600426,-26.6524931503147,100,100% Pure Floral Nectar
21.86080668148866,75.22904733134926,81.04544770309569,2.5225778387914217,0.7121282874790065,-26.98667273183126,29,Acid-Inverted Sugar Syrup
15.699399873743781,80.00519823543058,2.273736467006268,13.286380616503216,0.28713800761418873,-25.73089757543251,96,100% Pure Floral Nectar
21.63953274060833,73.93749822708018,42.0,6.288991299165152,0.5565768209128201,-24.0809930216507,30,Acid-Inverted Sugar Syrup
19.181347964326196,71.8921281046738,47.915523397616155,4.207021013892604,0.11151649139246497,-23.388138040006318,26,Industrial Rice Syrup Adulteration
20.48619448774292,75.09785181390377,100.51505024417017,1.9402050233714663,0.4566293564831679,-23.20052728473368,39,Acid-Inverted Sugar Syrup
22.700101514889713,73.83008592328913,75.75793044254924,3.4711799744750675,0.7025933152365343,-24.54756122073885,37,Acid-Inverted Sugar Syrup
19.370700689939707,83.78024601201919,2.376426286050207,14.63567351069872,0.26283216307588414,-27.30311719011602,94,100% Pure Floral Nectar
15.908968546151323,80.6494248776813,2.0588731770300273,17.626976171438372,0.6052911196228854,-24.5113716802278,93,100% Pure Floral Nectar
14.10339332413869,83.46468942823174,2.0,13.880549541295727,0.5148418810430746,-25.50815824971324,96,100% Pure Floral Nectar
17.79839157424821,72.65653097160391,36.43879861831207,6.661620944854595,0.38683006735327197,-23.771617582599212,46,Industrial Rice Syrup Adulteration
22.18375600418248,80.37163514609158,45.01153462021108,6.243982246855949,0.5191650408397663,-15.533134707108166,38,C4 Cane/Corn Syrup Adulteration
18.811871156042304,79.0,53.10757583321573,3.9221386752884655,0.43103907742076564,-25.207289419175876,29,Acid-Inverted Sugar Syrup
15.777849453430244,81.79047246525963,28.118597341913173,15.747320205432432,0.6580048319307088,-27.052791571912692,91,100% Pure Floral Nectar
20.252807223344067,74.19647286799724,52.53489755822331,5.06615115071237,0.4720948433376457,-24.46402793438952,39,Acid-Inverted Sugar Syrup
21.276176473280604,75.73306595456619,37.91630196187393,10.635814869083228,0.3977527911111184,-12.915670019746704,46,C4 Cane/Corn Syrup Adulteration
16.63394405831747,80.9914106727845,21.65106800277298,10.9299972444508,0.24541161724822633,-17.693532229717547,36,C4 Cane/Corn Syrup Adulteration
17.134311189569143,82.71521004528076,9.155766928109154,16.935009023511363,0.4571134062152033,-26.457500131901003,94,100% Pure Floral Nectar
15.351968484291012,83.05220772210643,5.65807389746856,19.360986109676382,0.5507255803385529,-26.4372635672944,90,100% Pure Floral Nectar
23.172720276389185,76.24379099414837,50.44747160032819,3.854215004575431,0.6319675569277984,-25.32660165656714,40,Acid-Inverted Sugar Syrup
18.539383243512418,83.35696249762411,21.39016968486758,17.31693470632728,0.5862690280729776,-26.234949055061374,94,100% Pure Floral Nectar
20.55342760797564,74.856849423301,23.336194293631564,14.0,0.3740348605277267,-27.0,24,Industrial Rice Syrup Adulteration
17.981776124704428,77.55422419774735,18.676196010300764,9.930637997088983,0.3106936730530784,-23.644856455486398,36,Industrial Rice Syrup Adulteration
20.12726871170094,79.0,42.0,4.603459071982361,0.5946622456704693,-26.520641455384904,32,Acid-Inverted Sugar Syrup
15.598783309751074,81.0504062186235,7.75301815528103,18.358696115267293,0.3467084813121915,-26.962471672998962,92,100% Pure Floral Nectar
22.08354112803075,70.28866872947782,80.79418204859459,2.8893325702832207,0.5658628268023674,-25.957573890465216,32,Acid-Inverted Sugar Syrup
17.793832324962683,81.65905400955349,23.795177691810594,17.89310373865246,0.4108574866450779,-25.786767956329648,90,100% Pure Floral Nectar
17.379346180875103,81.16448749416642,5.068391598046425,21.78754027443258,0.38344528219743174,-27.478302901987007,91,100% Pure Floral Nectar
15.884930448653744,80.84714410370582,11.282246830131085,26.11540474083842,0.3776255783997064,-26.571079884876255,96,100% Pure Floral Nectar
19.225022022688346,80.1505561865036,29.140690336764596,12.60712241319467,0.27530096217928196,-15.526174608104911,57,C4 Cane/Corn Syrup Adulteration
16.85134954462107,79.74466517488004,2.0,19.234478090974587,0.30293604772624416,-26.242780366304217,92,100% Pure Floral Nectar
17.036527717886653,83.56514811528585,6.500864177765047,17.49566298256221,0.5990331670993969,-26.57701604604486,93,100% Pure Floral Nectar
21.352116364875037,70.51947706520659,48.54003499963195,1.9373793200358764,0.6236274266197875,-25.97937939374495,37,Acid-Inverted Sugar Syrup
17.656114843215033,82.80258181962091,2.0,18.241608168676677,0.5490124144570727,-26.973266711481603,90,100% Pure Floral Nectar
21.290775135884203,78.40086187531263,52.52854798867493,0.8429955200022792,0.44521155951374886,-23.357883115556515,36,Acid-Inverted Sugar Syrup
22.723321876343853,69.48026106314515,92.88030314520742,3.571885273929482,0.5862054350969932,-24.142784974097573,34,Acid-Inverted Sugar Syrup
19.8,81.51319835942894,2.0,15.222946553278186,0.47571164918829517,-25.55211415245489,98,100% Pure Floral Nectar
16.96465969139038,75.01751666942182,18.461940728049683,10.344610111703307,0.30399407577798343,-16.68497632058486,53,C4 Cane/Corn Syrup Adulteration
20.706641411467675,70.0,37.71563906356799,10.019064021710093,0.3853920935725855,-24.12547659196041,48,Industrial Rice Syrup Adulteration
21.047056325824737,78.77976966402392,41.79922164828575,5.332032642401921,0.25642586561642755,-25.757240799729235,33,Industrial Rice Syrup Adulteration
14.941014042972562,82.01654135662766,12.553207296405205,18.043157271624935,0.5328443626347957,-28.2,94,100% Pure Floral Nectar
18.620118091025383,79.64312462089573,2.0,15.195872038990494,0.2798999011343143,-25.096659585294876,98,100% Pure Floral Nectar
23.170822431007828,75.53852980488402,15.23582152593482,13.341842965510132,0.294246525332854,-22.691774312045432,26,Industrial Rice Syrup Adulteration
19.484374959110074,74.55838399487699,68.38371155144527,7.017078233004826,0.6909879291195336,-23.617141899508837,27,Acid-Inverted Sugar Syrup
17.668239505981834,84.44578762958766,14.645744676347443,15.996104502686112,0.41130267364871576,-26.682515335890837,97,100% Pure Floral Nectar
18.47590781104461,82.51517074721576,7.670295195811017,16.202342774065404,0.5957041527028304,-26.792390141566056,85,100% Pure Floral Nectar
16.78341109529601,82.79021807683705,2.0,16.040120082163657,0.41939509557317656,-26.205732720866592,94,100% Pure Floral Nectar
18.09718000577381,81.28752351274137,6.291390991867123,17.029414596772327,0.3608538105139538,-25.723604882535728,100,100% Pure Floral Nectar
16.77654243891662,82.60520330359921,23.93554200760799,16.52488489965725,0.3277005217629419,-26.348827021933477,96,100% Pure Floral Nectar
15.618410403479334,84.12160230101013,3.488284455868211,10.65671032758599,0.20308924209822507,-25.84496623971396,94,100% Pure Floral Nectar
17.685083866257187,81.91564634461486,8.395276930940499,11.75165333468878,0.3853610207184924,-25.32691522672824,93,100% Pure Floral Nectar
19.459195776682105,83.51258425636789,10.976410508533915,16.750388112688512,0.397846680667554,-25.62784170519464,98,100% Pure Floral Nectar
19.445954359912058,70.81040254208453,61.08438191413114,2.2165274189681976,0.8723945873767389,-27.5,25,Acid-Inverted Sugar Syrup
18.825550368402205,76.94470011212135,95.4563915058476,4.856179462527404,0.37934817021548284,-25.92026358506007,33,Acid-Inverted Sugar Syrup
14.0,79.5,6.699692315780828,21.05325649416489,0.34903807442420665,-25.821343741797296,95,100% Pure Floral Nectar
18.827032575356792,73.86899782482136,85.49185044016359,6.276607867722152,0.7076357753402137,-25.521007741142544,43,Acid-Inverted Sugar Syrup
16.459431208710377,81.85582071534306,11.931258702245136,13.472231315857133,0.5800722767865538,-24.534769855598995,99,100% Pure Floral Nectar
18.565763177971302,81.16691086118998,14.163122154075594,16.37648520638078,0.37559560649181634,-24.9979370411466,88,100% Pure Floral Nectar
19.32645089937207,77.50040231039266,22.649229657049787,11.45574028924066,0.40637147224289294,-14.314939662854194,55,C4 Cane/Corn Syrup Adulteration
18.8220808618823,73.15369723941367,40.54138375951308,4.560384083751672,0.2501184755707613,-24.80664828664656,51,Industrial Rice Syrup Adulteration
18.720100854915085,83.3722930284319,2.0,17.407204116107156,0.19645636962585167,-26.740606872448314,97,100% Pure Floral Nectar
17.982398272782167,78.93648155235843,28.16002575861971,8.863467044626553,0.28176154145284343,-11.386198870385416,57,C4 Cane/Corn Syrup Adulteration
17.51194735652539,79.0,72.79262973297948,2.034714699712622,0.6665146703872549,-23.996905933002765,50,Acid-Inverted Sugar Syrup
19.644155242009887,78.64829625289951,19.844586129795257,9.93042298722483,0.4251920999627915,-16.83188897551852,36,C4 Cane/Corn Syrup Adulteration
16.750260127434924,80.45308538901095,7.135413501679645,17.178945145832472,0.361403065594621,-26.61446695491365,90,100% Pure Floral Nectar
18.07355512506648,72.3891046162021,58.53429801863756,5.170327142959907,0.5998578142072141,-25.667464087628623,26,Acid-Inverted Sugar Syrup
20.35780179802149,72.85711148402437,95.52453709434782,3.5392514306865523,0.569093722382257,-24.745687649012336,27,Acid-Inverted Sugar Syrup
19.301063706888034,81.17864489871815,4.551493154792509,21.94987273877724,0.3175295642975138,-26.8499051157179,91,100% Pure Floral Nectar
19.846894939176906,73.79702430728723,26.72038135270209,12.170785385807514,0.20300557021476434,-25.20016238124578,42,Industrial Rice Syrup Adulteration
22.352194576322628,71.14401584024145,52.30645506382409,8.0,0.6113962346506701,-24.359221702574892,28,Acid-Inverted Sugar Syrup
21.291451808183208,74.66632118956383,43.83140227794587,10.700648129663353,0.25223487574504455,-24.45810272382166,55,Industrial Rice Syrup Adulteration
17.0325280633393,76.79862474568725,52.53788259339097,4.8777379160838,0.21970802312749274,-22.5,39,Industrial Rice Syrup Adulteration
18.167137085057373,75.32806402920578,49.839181776298645,6.209493705289854,0.5945322244149563,-25.708827889969676,38,Acid-Inverted Sugar Syrup
17.615205763197064,80.61521582986855,21.363897914832098,17.73595636824651,0.46999908726583123,-25.66268280425069,99,100% Pure Floral Nectar
16.0,77.30306220698186,43.50860957765717,7.534759011948719,0.21410401798400647,-25.091384446273064,32,Industrial Rice Syrup Adulteration
16.606780179576905,78.60346762408628,36.43920574077891,11.367445252058614,0.2786468863785701,-13.521873697935927,47,C4 Cane/Corn Syrup Adulteration
20.30542629656994,80.72976395937442,32.0502277719007,9.958375471135456,0.392745540469694,-15.749338251630594,53,C4 Cane/Corn Syrup Adulteration
15.407573841860748,82.40664498996179,5.894657699248956,19.654613214915955,0.5018391959104974,-26.349337139069576,91,100% Pure Floral Nectar
16.711887011828995,82.81385763963848,3.0270070996037686,13.459153605480367,0.32495957110857066,-26.604816324935324,97,100% Pure Floral Nectar
17.098039522280377,83.22991630302258,2.0,16.528728685497708,0.5561722337840118,-25.797362926820973,100,100% Pure Floral Nectar
21.258222806337134,79.91156249077973,33.74024413120543,12.819919175655352,0.25987002923796854,-16.43773160839464,59,C4 Cane/Corn Syrup Adulteration
21.60010613118059,70.64550935576464,90.61736783570983,4.6210135496520355,0.608651257779438,-26.26618724145626,47,Acid-Inverted Sugar Syrup
15.491002603720178,85.0,22.492626645325075,13.48575945061327,0.43685603708818277,-25.05513380803727,95,100% Pure Floral Nectar
18.490310156694242,82.47822317191037,9.866485259106488,17.618792115199383,0.4363349560891013,-27.575821728563294,98,100% Pure Floral Nectar
15.0,79.96012807491763,23.51500092499839,12.221335775496128,0.3708226862153563,-11.685835978714614,30,C4 Cane/Corn Syrup Adulteration
21.49016978096826,74.02726644794717,98.06642932557568,4.860013346595918,0.5102396816495143,-25.350738179165905,27,Acid-Inverted Sugar Syrup
15.367651441233242,79.5,14.263267862666762,18.70048994332691,0.3443465771048184,-26.87109105341568,97,100% Pure Floral Nectar
15.0,81.0,30.036274408295583,10.926400556517123,0.15,-18.837508798703404,44,C4 Cane/Corn Syrup Adulteration
16.410053361879655,80.85706842971622,10.307745249064599,18.61182027656299,0.42125855792086503,-25.06672408254285,89,100% Pure Floral Nectar
18.251941200717717,73.78166138093283,22.86876748628121,7.5613005275034615,0.28087110377865004,-26.577990275907474,45,Industrial Rice Syrup Adulteration
18.446738637103042,79.272644078744,26.052269127692252,8.72908043277324,0.22768793943243631,-23.653129768458523,44,Industrial Rice Syrup Adulteration
17.289992026733646,80.44503845419942,2.067783529318435,23.856271897586296,0.6999619701903226,-25.54431848684465,95,100% Pure Floral Nectar
16.235137054674603,82.11788801527585,2.3814056541120565,17.09715397806963,0.5127274053503272,-27.190639904316782,98,100% Pure Floral Nectar
18.912996435386077,82.42580460309236,4.301130570143341,24.985840485102273,0.4882523634407338,-26.362942372235636,94,100% Pure Floral Nectar
19.8,81.57078573541729,17.87201986565151,15.469073060038966,0.5490752152821192,-25.382456094387535,89,100% Pure Floral Nectar
21.113485471169096,71.43793147446686,54.32870644182767,9.096941153577895,0.3346162904871449,-25.289918131994742,35,Industrial Rice Syrup Adulteration
19.88256135953278,74.1763357644643,59.49352333915694,5.236465676033461,0.4723918814267726,-22.31253145415923,28,Acid-Inverted Sugar Syrup
18.594466760128142,81.59972091458694,2.0,9.0,0.5757528232242158,-27.280807469675633,94,100% Pure Floral Nectar
17.209519782383996,81.8251164735324,2.8462713495220417,18.203970348020615,0.554891507364195,-25.228907208008533,94,100% Pure Floral Nectar
15.448440993060576,82.33217201651871,2.694782876067917,13.50531023516605,0.4463045025160306,-26.74215985884565,97,100% Pure Floral Nectar
19.486804145221534,82.29228264544177,3.4853488438865,17.295525657871817,0.5040714476732553,-27.16854845414693,89,100% Pure Floral Nectar
18.62354174275309,80.80686658210337,20.999642444576235,14.621193011499463,0.3170955704757615,-14.870234461342553,38,C4 Cane/Corn Syrup Adulteration
17.829433050965328,79.71580383341579,16.599465798845394,4.0,0.2594171237182927,-17.862335023114227,61,C4 Cane/Corn Syrup Adulteration
20.989502483342374,78.88689261830444,35.86717560768237,5.967806103829527,0.21661610531440134,-25.5333260984654,47,Industrial Rice Syrup Adulteration
16.598976885675835,80.0475671698515,29.2313482969073,17.3597047369362,0.34804205862588816,-25.460056124903897,97,100% Pure Floral Nectar
19.57994032440693,80.54784224413025,7.744325015581784,12.022917188129748,0.3930910853342176,-26.637874817815806,95,100% Pure Floral Nectar
16.458519579583403,79.04038292528506,31.476628007723345,11.32484211982351,0.3138186011915475,-17.43923553527746,57,C4 Cane/Corn Syrup Adulteration
17.59181148777711,80.17825914350729,48.927226286916294,11.297919625041354,0.36333572460167834,-24.944585478362818,47,Industrial Rice Syrup Adulteration
15.149875167706252,81.4455787792766,7.155473717809841,15.712198835168671,0.5020097608272036,-25.106637997940286,94,100% Pure Floral Nectar
16.480297618787873,79.50526030135259,42.052312729669104,3.6030371158964636,0.23934843836108574,-24.64193981228693,34,Industrial Rice Syrup Adulteration
18.44164234613622,81.14003358097929,14.169787903879572,18.237454285407505,0.49183141097332705,-25.468437259052095,96,100% Pure Floral Nectar
17.3327488290907,75.2009476208983,24.722448880378437,9.687323318934023,0.34511606088739294,-17.625639546798418,49,C4 Cane/Corn Syrup Adulteration
22.745003361518723,73.99805608678926,70.95684480709856,2.401412945743288,0.42826005777131687,-25.905303913833194,41,Acid-Inverted Sugar Syrup
18.338913490400895,80.17638481090263,14.940537638133144,10.402120962768315,0.3050486592605678,-27.135729365200685,93,100% Pure Floral Nectar
18.463188043301304,83.3018240362863,8.351328543996374,16.790768636526103,0.41235000939849864,-25.5939393978469,93,100% Pure Floral Nectar
16.251409486730083,82.85448695026147,4.210467724445297,17.77361015283345,0.18,-26.769831622377296,89,100% Pure Floral Nectar
16.20163326519267,79.37952934876536,21.986051482502496,11.356887763666476,0.34685377755046354,-17.609495066140596,43,C4 Cane/Corn Syrup Adulteration
17.9618966519839,73.20818120962502,38.37478989281125,2.0,0.18068617379938323,-23.676139484494705,32,Industrial Rice Syrup Adulteration
16.40931639416068,82.55036492503754,6.475954103337083,18.59048822862794,0.18589194398527428,-26.562819466904838,89,100% Pure Floral Nectar
17.279818374855918,82.21930689453876,8.748748191407465,12.282949514024558,0.4679735901140221,-26.682994770948454,97,100% Pure Floral Nectar
15.483928071796722,82.62711442519739,9.219422491751638,10.468685335221874,0.39597400002100125,-27.335078791605362,89,100% Pure Floral Nectar
17.980767485015175,79.9917140328245,17.170052905069337,16.17258400442192,0.5048346011904651,-27.410022001840385,100,100% Pure Floral Nectar
14.883157589280385,84.34464570971782,6.314191045754502,11.403213036500397,0.5635130288922368,-27.35197774957059,91,100% Pure Floral Nectar
18.552857812400987,76.18269478547555,32.59797543300404,8.80637668198234,0.2743718248937556,-13.216975369506502,49,C4 Cane/Corn Syrup Adulteration
19.29313802677615,72.77636503217416,60.084654482798136,7.569013073503666,0.22234667006965242,-24.287757620047213,50,Industrial Rice Syrup Adulteration
17.915683639334972,80.94438932664907,6.521203376715388,26.012052805441698,0.45777150737461964,-25.735583750833285,99,100% Pure Floral Nectar
19.53371475907772,78.96336677882552,41.90680758277959,10.486218294900306,0.3195691281548656,-23.811553383721346,21,Industrial Rice Syrup Adulteration
17.88187948284606,79.28906219876797,21.503801003569382,6.292703496498742,0.2956332256124672,-16.259349304648673,44,C4 Cane/Corn Syrup Adulteration
17.3919689335066,78.994316753024,21.34078818591953,15.838979228792653,0.38692484433509566,-11.0,28,C4 Cane/Corn Syrup Adulteration
26.0,71.63409298690978,46.497820938085276,3.4298128921349758,0.5013221019490917,-25.12303707051421,24,Acid-Inverted Sugar Syrup
17.445295986471915,80.60649259763903,11.017702563824066,13.31627236756243,0.5225552772660843,-27.741410536198394,93,100% Pure Floral Nectar
16.17669794408131,79.5,3.419149580167687,11.891902896031407,0.37286387797426296,-24.530527237595855,92,100% Pure Floral Nectar
20.60268574724289,73.92162630011755,79.01590932015851,2.4737544212942866,0.8222206978783723,-26.448225446490348,29,Acid-Inverted Sugar Syrup
20.09779869315481,76.51688161573323,40.66258540250306,8.150666328247747,0.20960240483757903,-26.232385743350864,39,Industrial Rice Syrup Adulteration
18.1749424264394,82.90475629779442,4.732346272248238,15.284352343588928,0.44780072210340727,-26.707731307111903,93,100% Pure Floral Nectar
19.397935111140427,81.0,20.37180219330689,17.252608458599916,0.3830852878262746,-16.60324434091609,20,C4 Cane/Corn Syrup Adulteration
17.53494560975561,84.06269966132975,32.51100873827862,13.645564565429261,0.4678805711092623,-25.207390991711932,96,100% Pure Floral Nectar
16.48058631572863,81.1796801337463,4.919330587288853,17.688889475665462,0.49747176947514543,-25.162449933212326,95,100% Pure Floral Nectar
21.18450705260722,77.2096631990861,25.902174902129342,14.60767132256553,0.24832990472480482,-17.12499132766111,53,C4 Cane/Corn Syrup Adulteration
19.745328431836317,81.0,26.538481866549436,14.36855957054071,0.406863458356295,-15.987188001144247,42,C4 Cane/Corn Syrup Adulteration
20.362543271794554,79.0,59.40064078200298,2.5682187598124493,0.49903143316349435,-24.406063301242803,28,Acid-Inverted Sugar Syrup
18.916914434104733,77.75898236592919,27.238801467209356,11.02261866371887,0.41236932101761914,-20.288186956934773,49,C4 Cane/Corn Syrup Adulteration
16.765370982491337,77.3175894231445,26.331062106897015,12.296140069379422,0.38814415253190376,-14.099524774128776,37,C4 Cane/Corn Syrup Adulteration
19.345834478203606,79.5,27.05697648798227,19.945791637143117,0.582732805705239,-26.142526302089294,96,100% Pure Floral Nectar
19.12198786454714,82.38801665686496,8.742837581438682,19.207516879950212,0.5116989959918273,-25.692232096089104,95,100% Pure Floral Nectar
16.858180710593093,81.62269990355345,6.784304502326389,15.48249102884559,0.4812882659528728,-26.460582312476422,94,100% Pure Floral Nectar
17.78008215251908,76.92008346667767,21.745454527810885,5.287913599353518,0.3393132075729684,-25.988244768444446,32,Industrial Rice Syrup Adulteration
18.06739934307298,77.71930421797138,25.014670091982865,9.765512808441965,0.33773463277453253,-11.084818654946602,48,C4 Cane/Corn Syrup Adulteration
21.66215978264465,75.10114474411981,58.73460553735777,5.196230771438921,0.32361400403792084,-25.865366862060654,29,Acid-Inverted Sugar Syrup
16.320393911666134,76.23521109297623,45.6414984012728,12.246102688471549,0.18858317354943144,-17.5316072681447,56,C4 Cane/Corn Syrup Adulteration
16.33709402874473,81.78261258074404,35.358102873787054,17.05334458794219,0.31502685308947587,-24.761494171932025,93,100% Pure Floral Nectar
18.19150019255918,83.19003600094523,2.0,17.535568362872453,0.581505000381326,-26.545755896728927,97,100% Pure Floral Nectar
17.56494327215347,82.11174774443222,6.3742505257502735,15.550403803914225,0.3995792962319059,-26.647765971371637,92,100% Pure Floral Nectar
17.30633737508252,81.74145604105131,8.403920211677391,15.086155563740961,0.5583803638145813,-27.238853082899368,89,100% Pure Floral Nectar
17.294539486563092,81.1417174286144,8.047354179774564,14.260835822978743,0.49261596189107393,-26.327924330274772,100,100% Pure Floral Nectar
14.0,81.85023338485244,6.092954311475847,17.698987175496963,0.46168678100502664,-26.79546606865865,97,100% Pure Floral Nectar
16.705567190065036,82.79745142124786,8.485252351277401,23.319194423890405,0.38955483179203215,-25.703912803147656,98,100% Pure Floral Nectar
18.708572644464397,81.0,31.31413519833113,7.3082099310597926,0.3513004763983309,-11.930541899704815,59,C4 Cane/Corn Syrup Adulteration
18.074030951523593,75.47763517138792,41.93668545625713,14.0,0.3978553210380607,-23.645500480710446,58,Industrial Rice Syrup Adulteration
17.98139532032591,79.5,14.024416102913285,11.409831890452859,0.18,-27.911488254723835,92,100% Pure Floral Nectar
18.414263612125932,77.59816526733835,94.40501192140037,2.876559449112673,0.4701301133432112,-24.824953551732523,31,Acid-Inverted Sugar Syrup
18.251780031437477,79.52962762137238,39.16584969570094,10.610793503003242,0.3667939868718624,-25.129173572029806,43,Industrial Rice Syrup Adulteration
18.156660589935495,81.27732280398553,2.7176427728459975,22.752348818628832,0.2750670213090724,-25.96082106006506,93,100% Pure Floral Nectar
18.136238317829516,81.78530823458378,2.0,19.812552811899717,0.3373620109635879,-26.233009350552315,94,100% Pure Floral Nectar
19.8,84.51315660449738,7.1549337196976195,12.390629153190709,0.6216918856065827,-26.085993384523704,92,100% Pure Floral Nectar
18.825157502329926,82.2755908374082,4.725462628614954,14.079869398015553,0.4593111277371549,-26.321120359887736,91,100% Pure Floral Nectar
17.66025155352356,83.75035326366987,13.60301094453622,14.125628449948966,0.2960960068548707,-25.83809069929361,91,100% Pure Floral Nectar
17.63036937693274,79.5,15.968862169061012,16.304265063735073,0.3044797758709169,-26.62015027534514,91,100% Pure Floral Nectar
20.077789261568974,74.19536176528806,20.691201395175497,12.550262381741323,0.29020506549821884,-12.466490843756198,35,C4 Cane/Corn Syrup Adulteration
19.42042354260349,79.5,2.0,17.438243040983124,0.4449504080860749,-24.70715097249928,98,100% Pure Floral Nectar
16.126680777103314,81.85885253307877,2.1125004198029034,14.102718659403045,0.5564470632054627,-25.88552462897361,94,100% Pure Floral Nectar
16.22038428881038,82.05070996519444,6.8636741931624385,18.462307337589,0.32183973783099046,-25.629146293490603,97,100% Pure Floral Nectar
18.53560246889048,84.46755857848181,5.251347900324138,9.0,0.5659207846693771,-25.923798983997568,90,100% Pure Floral Nectar
16.079946009843294,83.69783275846767,15.166136676259224,13.951935986616604,0.3509595158348305,-25.786655805829838,94,100% Pure Floral Nectar
16.355719943595407,77.04854596492781,41.75414363493875,7.192436185076858,0.3120040605821768,-25.66617374400378,62,Industrial Rice Syrup Adulteration
15.617902925343499,79.5,8.177605690262075,19.47716946363399,0.18,-25.991389446934726,93,100% Pure Floral Nectar
17.7448228739351,83.43689048840358,2.0,19.514397484629114,0.5034199221141906,-26.641042133453595,95,100% Pure Floral Nectar
16.579404848331883,80.72402304638986,4.783291881467975,21.65895460559053,0.37145818984299656,-25.298804784569967,90,100% Pure Floral Nectar
19.8,79.75127108639605,2.0,15.040109670313493,0.1972880055373876,-25.468759544757194,94,100% Pure Floral Nectar
17.97258938884689,78.86075353518989,30.37601035411783,11.944492355079161,0.4341856629396481,-13.690553125272412,27,C4 Cane/Corn Syrup Adulteration
15.82973079790477,83.41141333835705,3.533857734388026,15.631804333523746,0.3011983543316233,-26.426540274692936,96,100% Pure Floral Nectar
18.844508728432643,73.54329917380774,54.455127321794514,1.6775170331410805,0.6881462374235741,-24.37909947553144,50,Acid-Inverted Sugar Syrup
17.02143123147145,80.25474778741766,4.842932718834017,17.919882941360363,0.46342894036331855,-26.20680990540562,95,100% Pure Floral Nectar
21.796134265376452,68.57708580262508,72.34862461824973,7.002279078000631,0.6195992696810577,-27.21264587182763,43,Acid-Inverted Sugar Syrup
15.826368256404445,82.75932406599257,2.0,10.695646846748925,0.4931775023849703,-26.261842076435716,92,100% Pure Floral Nectar
17.154145421697603,82.39735769553823,5.031273914279508,17.621854081711923,0.25156605467138277,-26.55015179677695,93,100% Pure Floral Nectar
17.0,75.48921033449511,67.93417754615847,3.3627905160311586,0.84412347452485,-26.051068088851405,24,Acid-Inverted Sugar Syrup
17.846885250552653,82.46532260712854,15.22883407774831,17.39272687533484,0.6304050238469179,-25.587826307719265,95,100% Pure Floral Nectar
19.434662259291297,77.23944346292066,17.411244863892506,12.516179591751348,0.4111521669239849,-16.873432707838578,54,C4 Cane/Corn Syrup Adulteration
23.03561719105084,73.48958968813253,63.6038306258952,4.854920523275498,0.4323546424127922,-26.070717270669288,48,Acid-Inverted Sugar Syrup
16.0,75.30810476537039,41.75273011660303,7.8941974103756385,0.32281682281149354,-26.532432330440763,41,Industrial Rice Syrup Adulteration
22.371828101444823,81.0,36.189446793300846,16.031482271805903,0.3803901802095083,-13.653188808663216,48,C4 Cane/Corn Syrup Adulteration
18.877363832827466,75.92564239996427,75.48948268234841,6.989937889933656,0.7328673983275447,-24.370229109245617,17,Acid-Inverted Sugar Syrup
19.08519689148166,76.64021449538772,25.395029734800033,11.148164895452103,0.41059320943245886,-15.179078309986512,36,C4 Cane/Corn Syrup Adulteration
18.637862104616946,81.0,24.564288083779132,4.0,0.3101416335699138,-17.499230444924475,48,C4 Cane/Corn Syrup Adulteration
19.322951677355,82.66042910458957,2.0,16.70286023542028,0.42517505171436587,-27.952098597177496,96,100% Pure Floral Nectar
22.17131415003999,75.11404074674854,70.60365292078694,7.925874021480618,0.6477771098377524,-24.715651970746286,32,Acid-Inverted Sugar Syrup
18.06894093657095,81.66228849153457,4.863932740455409,10.021813557997564,0.5041166787244759,-27.086219622165416,94,100% Pure Floral Nectar
19.8,81.21561443601624,3.9456561289861227,16.21654782736931,0.31686741758456266,-27.19220693201976,92,100% Pure Floral Nectar
20.221175898215236,76.99410785719972,75.0533108532407,0.5,0.43987368238288993,-25.52007071402059,21,Acid-Inverted Sugar Syrup
19.138112525467445,78.87115828846534,36.798413049071016,5.827047852580572,0.15751943476989477,-24.98132932659186,41,Industrial Rice Syrup Adulteration
25.14592117138961,78.05987066895018,72.9405500777508,5.962576946999303,0.40236758857363003,-23.46578531068256,45,Acid-Inverted Sugar Syrup
20.210703883575576,75.01982954545429,70.95458596185179,4.5824020668945895,0.5447382893919989,-25.491626463459575,38,Acid-Inverted Sugar Syrup
21.842491839064273,77.8508533765723,64.07989049663108,4.073884797567233,0.5692619342664849,-26.762899003167526,38,Acid-Inverted Sugar Syrup
17.822752884687688,75.89170672140162,90.33004220938656,3.82056382640006,0.4279123991726934,-27.5,28,Acid-Inverted Sugar Syrup
18.198197802241342,80.43914355400473,2.519187602562649,12.211188845359013,0.553259983877686,-25.750349595337518,93,100% Pure Floral Nectar
21.026378246036067,76.98855864123735,37.96580062082398,13.91059795483848,0.2571813799236462,-17.241335078170973,46,C4 Cane/Corn Syrup Adulteration
20.536095419772625,74.73525779604971,35.5650545384427,8.218491782335276,0.26600259116140984,-24.31172509124444,47,Industrial Rice Syrup Adulteration
15.0,81.0,36.27950530531146,15.067438836516004,0.4975133657032921,-14.65615501803425,46,C4 Cane/Corn Syrup Adulteration
17.46541426323824,80.41078246144266,21.657126625138318,15.431426337469485,0.7415554432680003,-25.326464007986953,92,100% Pure Floral Nectar
19.895690594664682,73.7080513063268,26.508703670979944,8.81153597980601,0.2598168111770562,-26.187151503716525,26,Industrial Rice Syrup Adulteration
22.384311695675148,74.62204561948968,44.241623266068785,7.832617328980243,0.2951440848678078,-25.572186144378577,50,Industrial Rice Syrup Adulteration
19.476342481506887,84.11105951208813,15.109323104450874,16.039913356915896,0.43987381501160666,-26.382746835252618,99,100% Pure Floral Nectar
21.485663782730313,81.0,24.439333715013888,16.224668523537844,0.281177173836107,-13.453907734010427,51,C4 Cane/Corn Syrup Adulteration
17.09366856690047,79.76226312224544,11.466640897822794,12.04665106895186,0.5131552308896786,-25.744445375760094,91,100% Pure Floral Nectar
19.480514888857037,74.94822049852004,35.62956106108619,10.53836253499014,0.2727261197049976,-16.417675859306247,20,C4 Cane/Corn Syrup Adulteration
16.295281766218675,79.5,13.057333293335756,19.906698746760632,0.47326714068514636,-27.38623273309778,100,100% Pure Floral Nectar
15.685832794939847,82.86388345968278,28.287261667618502,9.0,0.4724847209015602,-26.799135518388706,91,100% Pure Floral Nectar
17.596603020164597,79.5,25.022332198399326,12.303083054151013,0.31224696172317234,-26.134613456851532,95,100% Pure Floral Nectar
16.241518243935992,84.69217361243082,15.698657368861976,18.39832385134697,0.44004035060348856,-25.87640322096096,95,100% Pure Floral Nectar
18.109636654170846,80.92940872729162,22.0829676122513,6.158680849613864,0.5053279187692493,-17.44923651008134,48,C4 Cane/Corn Syrup Adulteration
16.109951278862216,71.10253252790261,34.758390028479624,8.978186230423274,0.3516763934213041,-25.751723499136997,44,Industrial Rice Syrup Adulteration
17.815301722868316,82.1572494612086,21.63840495623687,10.274666495440773,0.5289038760951236,-26.763037500885066,93,100% Pure Floral Nectar
17.732276991408348,80.13187568852707,11.177309373217884,14.539272240473498,0.3826550052991582,-25.344604610480644,98,100% Pure Floral Nectar
17.96070426933191,79.5,3.192754048930761,16.012086589513085,0.37801375810523963,-27.180794002471142,96,100% Pure Floral Nectar
16.272326737475815,80.25493631436287,18.081054571241783,16.240512410495697,0.39830310658953283,-25.489209103474998,86,100% Pure Floral Nectar
19.407278646907997,80.5,46.2745903115485,6.265169387997473,0.2622362389015103,-26.41004640881114,30,Industrial Rice Syrup Adulteration
16.65054045151478,85.0,24.067996180346782,14.412893117412214,0.3364659538384438,-25.80016631064643,98,100% Pure Floral Nectar
19.975911832913614,79.55439445255415,43.96937720801797,6.666443798699223,0.3641487225760429,-23.32188474869694,55,Industrial Rice Syrup Adulteration
19.56471887254071,76.90172360713485,29.339519799902845,14.0,0.21166285058256956,-23.61384518317597,39,Industrial Rice Syrup Adulteration
17.490174261158522,79.5,2.0,22.414380935172716,0.42478880334237135,-26.456095947515866,94,100% Pure Floral Nectar
17.697858688299924,80.99045408161943,14.32017395629506,18.06591716651155,0.30586703439090424,-26.839363887218685,95,100% Pure Floral Nectar
20.644664455952697,76.13339714065211,37.94314143770797,14.0,0.3966553981744897,-22.589453470533932,42,Industrial Rice Syrup Adulteration
17.448781401306555,81.559487263565,10.8477918040074,15.55777401215402,0.5488008212236254,-27.28730439317315,96,100% Pure Floral Nectar
19.243285984414317,76.31195297115472,12.563137710714606,7.534966691767105,0.20505326089139586,-25.084278984784913,45,Industrial Rice Syrup Adulteration
18.23076913387354,75.68206316073088,32.923514010329754,4.0,0.3234553621774497,-16.832628421709252,58,C4 Cane/Corn Syrup Adulteration
16.928876757008393,83.49250268931327,23.779327223707504,11.328827082455899,0.5181041411814357,-26.482973963820204,90,100% Pure Floral Nectar
15.471911579368108,80.43618117428143,8.35023389740663,19.536458677940736,0.5752503787039152,-26.076423369494865,90,100% Pure Floral Nectar
18.77719104136686,82.68127611563786,18.931632090970957,13.707975788803704,0.3327055290332258,-26.53902150874744,87,100% Pure Floral Nectar
17.116743149153375,76.38944671542268,17.359196937600966,16.447762948747126,0.28094719741784924,-16.58856544472369,50,C4 Cane/Corn Syrup Adulteration
17.11507486065953,81.70816741588153,8.521224706800206,16.943314654444112,0.215118845562048,-26.919099881225453,90,100% Pure Floral Nectar
16.117786302602347,82.00970429794536,16.999511410367738,14.079846922031962,0.4063204136592448,-27.552557970621358,96,100% Pure Floral Nectar
19.995925820578584,72.37147418027455,94.98281865875006,2.353360578041294,0.49475055551295655,-25.630655279744886,50,Acid-Inverted Sugar Syrup
21.170103733588274,78.12630471244516,26.137812986454623,16.0411510446992,0.5289936486306283,-15.154022761918458,49,C4 Cane/Corn Syrup Adulteration
18.799951940321026,83.47793140226649,2.0,24.038075714819254,0.3488640920185624,-26.183589596337775,98,100% Pure Floral Nectar
17.456678808033693,80.2567395281437,18.27922308614697,19.8624018146444,0.406071502785542,-25.957583743468085,90,100% Pure Floral Nectar
16.1180446996474,79.5,7.209857299495926,10.347142385239714,0.36769711740223116,-26.22686668882223,94,100% Pure Floral Nectar
16.588592369543164,82.26554356821991,8.174319291969775,14.64876470448925,0.18,-26.721632802366848,95,100% Pure Floral Nectar
20.905914202921394,78.6114784606192,28.95336625835192,7.124435533712449,0.26923131444079257,-24.834736058405646,62,Industrial Rice Syrup Adulteration
17.091027924182075,80.98020121491729,10.677752824659269,9.81215624783285,0.3145801450836594,-25.60739883761274,97,100% Pure Floral Nectar
17.840761220474974,79.5,2.0,15.520646665972079,0.5151288211566927,-25.679785790824738,92,100% Pure Floral Nectar
19.39243247272426,76.39863091325952,38.16148180519291,2.0863927382232292,0.32126140812513954,-25.63668142022083,49,Industrial Rice Syrup Adulteration
24.967939420830227,79.0,77.11551853157641,7.149034808638775,0.5846054749038524,-24.933872640956725,20,Acid-Inverted Sugar Syrup
17.475129637582057,81.87889333043235,5.994087710021402,17.35602494365718,0.3761063105637592,-26.37209505475589,98,100% Pure Floral Nectar
20.796723148215207,74.41880966107897,71.01176150425735,3.6761796265009883,0.5847150655494353,-27.17310632645071,32,Acid-Inverted Sugar Syrup
17.874612486405887,82.01690146626353,2.0,19.03543196935721,0.18,-27.22468952674504,91,100% Pure Floral Nectar
23.327627467232432,71.32795630628918,69.46181847185662,5.715281992709841,0.43620082716581066,-23.520523474521095,37,Acid-Inverted Sugar Syrup
19.989383697888844,78.67019891387291,27.60753866549614,8.26432731635591,0.2888614103142398,-25.17478876868188,45,Industrial Rice Syrup Adulteration
21.00786359435096,75.82720592930004,10.920624873911908,13.735887370714103,0.3311594183849251,-14.810741968483367,53,C4 Cane/Corn Syrup Adulteration
16.041876679026746,80.23244604045311,2.0,15.065791075704748,0.3365183107000182,-24.787137151515566,100,100% Pure Floral Nectar
17.247716855562917,82.0628716245929,7.889590845388284,14.60285906492031,0.23656944212835995,-25.535880114864714,94,100% Pure Floral Nectar
15.660284930830056,81.0,30.31563959087309,7.165906956083198,0.4175212430413504,-19.125778937036056,48,C4 Cane/Corn Syrup Adulteration
21.13640920341026,74.80514145893977,55.528825950107326,2.7183004847121595,0.43683801331289296,-25.429196181033742,42,Acid-Inverted Sugar Syrup
17.580093435155906,82.83135269186428,2.0,10.301943024259081,0.330756009971378,-26.29780285998115,94,100% Pure Floral Nectar
21.488286153203475,74.44851283590879,42.17246944943528,6.993268311332394,0.773691529540973,-27.298968711404815,26,Acid-Inverted Sugar Syrup
22.033153912515225,69.14101404423282,54.865688914735614,1.2913263391290233,0.2978254962845015,-23.589209364679444,37,Acid-Inverted Sugar Syrup
19.346807181814853,79.5,3.687212070809756,11.140223817631455,0.4403517211673922,-27.06502931618607,93,100% Pure Floral Nectar
17.406624356525565,76.42954484275248,14.415390816643484,8.717614272898599,0.3402289110134707,-13.798968854655197,47,C4 Cane/Corn Syrup Adulteration
18.11159073855312,82.90658972019422,2.0,16.890223963644633,0.3845423023319061,-25.397775361031243,96,100% Pure Floral Nectar
18.06051250395637,79.5206519016611,29.571627036545078,10.568249182186248,0.3597288728539291,-14.770564468991433,59,C4 Cane/Corn Syrup Adulteration
16.4874509240095,80.70125545119473,13.386523658687455,16.55447840426789,0.32737315497768543,-25.265888920530305,93,100% Pure Floral Nectar
18.26772427455838,68.61846166759031,68.48958873529237,0.8762546047864017,0.580601402705635,-23.65077600486704,40,Acid-Inverted Sugar Syrup
18.08537083467773,80.54879441198234,8.681483195363615,14.178195728459409,0.31060879480966247,-26.185827982893514,90,100% Pure Floral Nectar
16.09961475528887,80.55345161699728,38.0,20.769023690963895,0.5831262267876893,-26.381561097876794,100,100% Pure Floral Nectar
20.342960079918715,78.92868446591078,67.94473238555427,3.3979945427558027,0.41554883368121254,-23.34719294850595,32,Acid-Inverted Sugar Syrup
20.208535123156725,80.753494209601,23.686163705683466,13.336382385489994,0.3446737440006313,-12.318958399705297,48,C4 Cane/Corn Syrup Adulteration
17.495671852657114,77.36419353848245,77.13219813154384,0.5370588705531376,0.6630662067034644,-27.30069879713968,46,Acid-Inverted Sugar Syrup
16.91582710764608,79.5,31.788432908513713,17.70113372401395,0.6395475115585487,-25.155648626826398,92,100% Pure Floral Nectar
17.877525397170352,79.0,49.91676681362718,6.376609976988874,0.4736278098155223,-22.560558693233695,34,Acid-Inverted Sugar Syrup
16.299074477467798,82.12073541026196,7.962880764332489,14.760827426643955,0.5569075172580329,-26.71251813477853,93,100% Pure Floral Nectar
16.074855604842377,79.5,3.323718628748686,9.0,0.5702590844359332,-26.23862643295206,94,100% Pure Floral Nectar
20.481918417845716,79.0,43.99331613721426,8.0,0.6278910246249818,-26.03380916331044,50,Acid-Inverted Sugar Syrup
17.303732692587683,83.22245939564783,14.651933620628498,12.115915970204618,0.42409726720082547,-25.87996768619648,94,100% Pure Floral Nectar
19.461525965257216,83.1164524493344,15.340554215667392,16.969410966996154,0.3124400000433605,-26.26724643158757,98,100% Pure Floral Nectar
21.38279822064352,75.07119301423867,40.93140445992032,4.0,0.2724128500553757,-15.1187369691915,39,C4 Cane/Corn Syrup Adulteration
16.638291339359828,84.92521462004251,28.35431453843706,16.00295774383757,0.713492348293642,-26.567667021837746,86,100% Pure Floral Nectar
16.06933983734846,78.24018914211189,16.242417101937466,12.904116046001878,0.23307749676525671,-24.61982400639428,53,Industrial Rice Syrup Adulteration
17.503042025414764,79.5,24.399773900270525,20.48284368522279,0.722804799767947,-25.796326596857618,92,100% Pure Floral Nectar
21.453803353135736,79.0,57.69771372230463,0.5,0.7200064858477739,-24.89870466815863,40,Acid-Inverted Sugar Syrup
15.351360741682013,80.66052181731833,16.557796635505817,18.322576214295978,0.25265658745614283,-26.75351208952162,96,100% Pure Floral Nectar
17.0,79.0,65.22930899016968,7.687971519269558,0.4763612004898218,-22.55980880348261,27,Acid-Inverted Sugar Syrup
19.532269932175886,78.19383037671956,15.906027695294686,7.784455799787782,0.32241260441834596,-17.572923433537774,44,C4 Cane/Corn Syrup Adulteration
20.813904461685265,73.49358486573044,32.53392944777674,7.8919630125017655,0.24986526772553883,-25.552527329550525,40,Industrial Rice Syrup Adulteration
20.04156629596251,79.17239634010073,18.592161569863126,15.04303095847036,0.31550506847855253,-14.899675009909606,61,C4 Cane/Corn Syrup Adulteration
17.00066872097019,82.00188464585915,17.753568568156883,18.996330452099933,0.47605091327922894,-27.00620469628784,94,100% Pure Floral Nectar
19.685807317835042,69.33191672719573,67.63159895162315,5.432949244648798,0.3838101809566553,-25.120962793341388,39,Acid-Inverted Sugar Syrup
16.762646169038053,77.00600012156588,34.454192285699115,5.615728231566686,0.3731030325742842,-17.43705326028788,37,C4 Cane/Corn Syrup Adulteration
17.65744267044325,79.5,9.111144268993705,14.47866026849005,0.3169107220361692,-25.688900436704916,91,100% Pure Floral Nectar
18.481562964782903,81.70945841776016,32.985374959934695,13.134287560761178,0.20247264419122285,-26.465691931356353,98,100% Pure Floral Nectar
17.841590873342167,77.14557728058524,37.455171622175484,11.09671793941517,0.37756680760361877,-17.88036612748185,63,C4 Cane/Corn Syrup Adulteration
21.853270681273926,77.29622006887384,32.913181552301864,12.498891764301048,0.21510496552820282,-17.66311374009061,53,C4 Cane/Corn Syrup Adulteration
17.433033091498277,84.374049369175,14.242270849584003,10.985340064175599,0.2536888000835704,-25.744563833419466,85,100% Pure Floral Nectar
14.863982296571374,79.53403671073177,11.123959511524003,14.694523941910507,0.4001491137381728,-26.484190357528036,95,100% Pure Floral Nectar
19.175212444945945,77.43656565976588,29.049221643019774,12.823822488875189,0.36484953058011055,-19.220959047724605,42,C4 Cane/Corn Syrup Adulteration
18.910349892021323,71.40510050486863,39.29373569715236,13.043239794888876,0.26906987178187514,-24.61923879161787,46,Industrial Rice Syrup Adulteration
19.90761476450315,78.64239812434958,28.86246662648988,5.9026881085530505,0.4389950096076086,-18.00401046748373,59,C4 Cane/Corn Syrup Adulteration
17.330721323987312,81.86547959796627,14.45520638743308,21.70516818745704,0.493546088611582,-26.551700507970498,99,100% Pure Floral Nectar
18.42543385544822,73.48076249082337,48.85155563709162,4.425891047213061,0.33338098778119496,-23.31059708482554,52,Industrial Rice Syrup Adulteration
16.579738370420124,80.5025697020796,17.79842928000633,11.512542976722013,0.3842525586307763,-26.81679706967011,97,100% Pure Floral Nectar
18.84089410082593,75.86644683322433,30.25774203976514,13.031653356214019,0.35846200483935486,-12.155448213234912,39,C4 Cane/Corn Syrup Adulteration
23.38166650565292,74.2815143200228,62.21772140323404,3.0395746329426396,0.570065102060649,-26.623315926951854,36,Acid-Inverted Sugar Syrup
16.400955188750732,81.55792124762796,19.527665699892623,15.783339649239545,0.3992848376389826,-25.499968674442602,97,100% Pure Floral Nectar
20.861286463320894,81.0,28.400721188566376,15.138781116777047,0.35580403020642404,-19.236884396994427,53,C4 Cane/Corn Syrup Adulteration
17.328465087149702,82.17443912696504,16.50304931934096,17.214678756568738,0.25375673778666064,-26.68994754664927,96,100% Pure Floral Nectar
17.30085160579724,80.20270915953431,2.58359712496517,13.913052847964316,0.3421108399720033,-25.902702826135982,96,100% Pure Floral Nectar
15.337560923965414,79.5,7.879068840525132,13.915421010143085,0.3335665708094482,-26.28811525366433,95,100% Pure Floral Nectar
20.805783672804598,72.85549885818784,36.940410871640175,12.445303364859964,0.23372670098574386,-25.865471616131792,28,Industrial Rice Syrup Adulteration
21.33577924524692,71.19339012381357,91.85077663367323,7.137432382604668,0.5640989659919302,-22.563478784418244,33,Acid-Inverted Sugar Syrup
19.52616846869265,74.82393461327345,86.44019624679125,7.406697497587512,0.5817811960681645,-26.701306728613172,30,Acid-Inverted Sugar Syrup
15.9982991077463,82.24377353914348,7.1159830970967075,18.800951874271828,0.5278472128816373,-26.44102495304773,100,100% Pure Floral Nectar
20.179662330075136,77.38104356987886,35.50941354202743,11.289818069705191,0.3280810821195702,-23.26260053886659,37,Industrial Rice Syrup Adulteration
15.0,78.26426220506977,33.39155512280248,10.834589804849115,0.33139743367937846,-17.11578439894779,48,C4 Cane/Corn Syrup Adulteration
17.101768003957893,82.08970038843373,10.691249399465496,15.37878647873856,0.5040251817022519,-27.166284430819157,90,100% Pure Floral Nectar
17.84762780999553,81.92634247306893,19.548630863365478,17.35991061552506,0.3631340556257137,-25.77452045587762,95,100% Pure Floral Nectar
18.331126427288936,77.66428173159167,25.634675103316575,13.8782421874513,0.3900485525241447,-15.265564899831611,41,C4 Cane/Corn Syrup Adulteration
16.0,77.2292348851139,22.770563566639503,6.512261735353534,0.25667839570348555,-23.226114335806468,33,Industrial Rice Syrup Adulteration
19.498062908707446,73.20904966910099,35.484419788441095,8.23164546056741,0.1918472124020416,-24.036978146344577,62,Industrial Rice Syrup Adulteration
17.734924000924824,72.01504170718387,43.12828161086162,8.481613810789403,0.1,-27.0,44,Industrial Rice Syrup Adulteration
19.121459754471573,80.5,32.96697216360591,12.52541897838715,0.15952528039945724,-24.728036624820795,47,Industrial Rice Syrup Adulteration
17.661520825307292,74.84816512083864,41.25789264832387,3.215674761323527,0.2013318647533291,-23.654405378227914,32,Industrial Rice Syrup Adulteration
14.949274562034716,79.71745922751467,9.380041642175339,16.762523732352232,0.34273535866699767,-26.241910716173884,97,100% Pure Floral Nectar
18.103526329419207,79.5,3.382492820781348,9.0,0.2338768581620016,-26.22528526674793,92,100% Pure Floral Nectar
15.3516735101711,81.681643418249,15.287076061765433,17.120671786574647,0.4696505043536865,-26.94154789145669,88,100% Pure Floral Nectar
19.70641504978643,72.29818192733941,67.57179233721189,3.09553288844241,0.6143111642586226,-25.598774119629187,29,Acid-Inverted Sugar Syrup
19.575132265971014,76.53740821283236,48.5196955348667,5.379497190535352,0.43381396522113475,-27.5,25,Acid-Inverted Sugar Syrup
18.16084583973938,83.14052885636717,5.499899577560823,9.455817483367332,0.5154824424146864,-26.69182974528357,94,100% Pure Floral Nectar
16.974200003667587,80.63263604830814,3.247074093022878,16.212449923903158,0.5744336743339703,-25.72835274638039,92,100% Pure Floral Nectar
17.564619168666976,80.77421718364056,6.321803277824687,17.12291144165503,0.5214487868138467,-27.236828801665858,98,100% Pure Floral Nectar
21.59545208432462,75.98906254611354,56.354086940192865,6.189608561477162,0.8529057416579867,-25.052506476865776,36,Acid-Inverted Sugar Syrup
21.640177301966887,71.58508730053175,64.4390259600114,3.7451906588242845,0.7778393519592637,-24.9638227097434,23,Acid-Inverted Sugar Syrup
19.191847390539916,81.76710310823918,35.49044084077868,17.453813463970558,0.26801534052660336,-27.46640944069493,93,100% Pure Floral Nectar
21.229738747710144,77.54877866796662,27.23872518811508,11.33053542503957,0.33359528118517956,-15.222677229683388,56,C4 Cane/Corn Syrup Adulteration
18.483999903447437,76.5644493466806,27.299011629966152,10.431931786355399,0.445268675490817,-18.628632601345974,56,C4 Cane/Corn Syrup Adulteration
18.776470351081034,81.18292379043544,2.0,14.015780286733523,0.5018987051112763,-26.277942688562185,96,100% Pure Floral Nectar
18.14245389177794,82.85928293561355,8.439050122860241,10.670326164894366,0.4777936614825713,-27.4911335771967,90,100% Pure Floral Nectar
17.37248672949828,83.44706096152852,14.261877432143953,12.501148015507859,0.40167240660238124,-27.158566083399663,90,100% Pure Floral Nectar
17.969542495550595,74.43171604629535,17.238140383201358,5.262377368953017,0.37285720863275246,-21.0,33,C4 Cane/Corn Syrup Adulteration
20.012859515920407,75.14369028950865,67.0350291607637,5.975015478467968,0.3406676207949786,-25.324928713867685,40,Acid-Inverted Sugar Syrup
18.980925489603408,78.19330478110467,23.21643628300693,6.867448879241756,0.34167784205969703,-16.490406956740177,60,C4 Cane/Corn Syrup Adulteration
20.450367744192963,77.66172068226993,91.65617311705262,1.2648268745233757,0.95,-23.724743074262967,29,Acid-Inverted Sugar Syrup
16.686161025283347,83.27026376745333,2.0,12.849037678669417,0.2730531671729892,-25.57432321267458,95,100% Pure Floral Nectar
21.678092570284118,78.94776685749767,40.94135943371764,6.01197633136931,0.17413245343006192,-25.79472888896342,34,Industrial Rice Syrup Adulteration
16.710956485434522,81.72019175339501,7.415799533691882,17.659324537885663,0.33849336753382797,-24.66614960639361,91,100% Pure Floral Nectar
19.815077053414623,76.17254718002586,84.38138898842394,4.59687195606166,0.40507444183155084,-23.38761354460859,45,Acid-Inverted Sugar Syrup
19.14554753343917,73.19125659070419,33.29905454634377,8.92518027697512,0.45607390540570947,-26.790557716342423,53,Industrial Rice Syrup Adulteration
15.700750502714442,80.0341282743514,9.553660051042455,14.84670648201,0.5942311958777666,-26.003759778817553,100,100% Pure Floral Nectar
17.361036510806382,81.1601948181306,2.0,14.133847287100945,0.6462946219782633,-25.901136577511092,92,100% Pure Floral Nectar
17.5657507437274,83.23185688964291,9.581532004599515,9.0,0.340048393636705,-27.5271188585954,94,100% Pure Floral Nectar
17.631270755305742,82.73961986154268,7.624180262711732,16.555837563068593,0.3618053346146862,-26.868686628463067,95,100% Pure Floral Nectar
16.213918833240136,80.33388652948253,7.772439891513358,22.16836066344687,0.47954982794945133,-26.657832897027422,94,100% Pure Floral Nectar
15.390832226852133,80.43901879527688,19.92328859744353,14.067443280643941,0.610281500772091,-25.710992488362066,97,100% Pure Floral Nectar
19.076992094302668,75.47202183072423,42.0,4.859070507694273,0.680169774915286,-24.88821044808612,26,Acid-Inverted Sugar Syrup
15.74785538394296,83.10480163591082,19.38375181736986,14.881891606207105,0.49478830759665804,-26.62655433129641,91,100% Pure Floral Nectar
17.95842079534535,73.87635442755284,18.22590913030627,7.644695916869604,0.22112592082639557,-26.543241467347666,30,Industrial Rice Syrup Adulteration
17.042740730432836,82.08045884629428,15.833655113098057,15.04529357225035,0.3539359238159158,-25.956763374929658,89,100% Pure Floral Nectar
19.724323852790707,74.78736389232397,32.15786644796001,9.21326652964635,0.30955503175308885,-15.403357871260411,34,C4 Cane/Corn Syrup Adulteration
17.229815196619082,70.57044203900801,66.53688707771852,3.2872904899786306,0.8209085310410369,-26.926327231107816,41,Acid-Inverted Sugar Syrup
17.092057606820255,79.69258892808546,7.294685399570822,17.76190955338388,0.4951118515167483,-27.442955343248155,95,100% Pure Floral Nectar
17.283905682372858,81.70734760019694,2.0,11.827918400709265,0.3980737845822807,-26.185366149112653,96,100% Pure Floral Nectar
22.008074080694584,76.91181617125918,54.53034839300736,2.8803110918275756,0.6358616104647714,-24.09550969888188,22,Acid-Inverted Sugar Syrup
18.985288487244297,78.88999084895417,61.90016985375617,5.882993078649397,0.5445941837508458,-25.548202197865034,38,Acid-Inverted Sugar Syrup
16.206588203351156,84.50270229384269,23.419078391639058,13.327646339922643,0.40425838148821913,-26.19259324414743,89,100% Pure Floral Nectar
18.41131480214171,74.69721882308511,74.82069618229987,3.5061372933673853,0.4835210081693788,-25.086079295908025,29,Acid-Inverted Sugar Syrup
18.51259819267718,81.57355258025945,33.513475266674824,18.686355553176476,0.46951696337315585,-26.553979060671118,94,100% Pure Floral Nectar
17.81143397242691,83.80406516964676,29.002209851228656,21.439510725416298,0.34406308809333813,-27.410602858716537,88,100% Pure Floral Nectar
19.401196662558263,74.9740790435509,24.133732845619306,11.992211194419701,0.47162938850972824,-19.088188294488482,43,C4 Cane/Corn Syrup Adulteration
17.25728684555401,81.73616898599725,17.640757648891196,23.72246635854393,0.4619579708576968,-25.618498475852455,93,100% Pure Floral Nectar
17.71614263242206,80.91021000518275,29.715122230510545,15.561710355540072,0.3474337360037426,-26.109281965931764,88,100% Pure Floral Nectar
16.45993664555034,80.39477879548245,10.283518875045383,17.963808078585547,0.4404531598465635,-26.771007531145976,91,100% Pure Floral Nectar
19.8,83.92044174469926,6.04002645913284,17.987894465988358,0.39104221155063257,-26.651784865990575,91,100% Pure Floral Nectar
17.996441851714764,79.38645954923487,46.206847055014926,15.073031690478905,0.4307429850295599,-17.239455749703897,47,C4 Cane/Corn Syrup Adulteration
15.362893129196031,80.60773156749224,15.457165520638085,20.327047728967017,0.3306292611858733,-27.12952236496891,96,100% Pure Floral Nectar
17.587618798014343,78.0426016237192,82.67433229952353,3.9915216860320424,0.5616717019889511,-23.978064742576894,43,Acid-Inverted Sugar Syrup
17.410607425760574,74.85126959257491,19.14059963519432,14.618218099964764,0.3456726811038883,-13.708225699746102,46,C4 Cane/Corn Syrup Adulteration
15.408592246570016,82.6340478480221,12.482574262078256,18.20269769584899,0.6621367738551636,-26.5794489499972,91,100% Pure Floral Nectar
16.068427989702702,80.33086053358433,5.601840743803209,12.02142341787334,0.44404737418516216,-25.661252852770268,93,100% Pure Floral Nectar
17.1059503939309,84.5273473492758,3.5834306699716336,16.484032721513607,0.4730290706597043,-27.744709197176277,100,100% Pure Floral Nectar
23.0,76.80930233782398,28.806470834074982,16.585858099200742,0.31284907744981616,-16.72409700950249,48,C4 Cane/Corn Syrup Adulteration
17.387311714297784,73.60898912265733,36.63291248071803,8.008104353535503,0.3197259109746104,-24.87450588974792,48,Industrial Rice Syrup Adulteration
16.21721163707054,82.59050227036083,12.757361693885528,14.640225908921202,0.45826048840565103,-26.167357539969597,91,100% Pure Floral Nectar
16.036669837024547,80.94623950969734,3.3277672234348774,15.234419040293014,0.23697774760053625,-26.65188832254627,91,100% Pure Floral Nectar
20.44520830064364,70.75608394107107,72.1158399356755,4.7088599406479,0.8692025397859753,-23.44226694830809,25,Acid-Inverted Sugar Syrup
18.663810825208145,77.88691321321174,24.56150461734896,14.886728788891244,0.5117959684380905,-19.637571455771578,40,C4 Cane/Corn Syrup Adulteration
16.483427864071345,78.79352987252736,27.902435467248846,8.434723982399609,0.3946860116396009,-14.880983070453237,51,C4 Cane/Corn Syrup Adulteration
19.60363623470044,73.28713110651614,71.55155079836575,0.5,0.5986935811375415,-23.821209095006846,29,Acid-Inverted Sugar Syrup
18.91770651343803,81.4302888360677,11.144915677134117,17.601662461343118,0.4623647098098001,-26.041876436741685,92,100% Pure Floral Nectar
20.910739111568983,78.57397071392671,14.600668816654231,10.224474656567212,0.2579409055530409,-21.0,54,C4 Cane/Corn Syrup Adulteration
19.943195958086427,78.16213671251926,27.03380674954232,10.394496461722408,0.2983513552599977,-25.349486917993328,43,Industrial Rice Syrup Adulteration
18.207661119007454,82.03912974346129,2.0,14.677805020399221,0.3474382979847107,-25.951960743276956,94,100% Pure Floral Nectar
15.805858447293678,83.54033668185258,2.444964857054767,12.069298094414247,0.329617330465384,-27.212235799270104,92,100% Pure Floral Nectar
19.88106492430237,78.55051281542812,18.697463978712015,9.70648435862598,0.3563689955426888,-11.0,30,C4 Cane/Corn Syrup Adulteration
16.048612094664918,83.12489410382929,3.4409157625173354,16.511118673381862,0.33041239772761066,-25.4522756984736,97,100% Pure Floral Nectar
19.679120889889713,83.88561269109562,5.894885672809368,17.54086213001928,0.46428624583079614,-26.376743733038126,97,100% Pure Floral Nectar
20.34887194668927,74.36731165042714,74.52020144267364,8.0,0.7003908790339384,-24.91409594575062,30,Acid-Inverted Sugar Syrup
21.240633000278628,80.73381533772746,29.97382569029018,7.5987384205077,0.24137108263964485,-15.546810201696818,32,C4 Cane/Corn Syrup Adulteration
17.323769640808585,82.85242108184059,11.080011724820414,17.711471690587373,0.2672144671303923,-25.729813108337467,97,100% Pure Floral Nectar
16.30150288486697,80.79689072403626,30.09092593690859,10.282834734741613,0.3556824062149306,-15.427167321119477,23,C4 Cane/Corn Syrup Adulteration
21.870676458781066,69.93044144165935,56.68763031497363,0.5,0.5689268739510208,-24.74267711846718,42,Acid-Inverted Sugar Syrup
19.657477179420486,81.67644632764312,19.684751341680247,15.363537476125792,0.5533957768969262,-26.69277424069588,95,100% Pure Floral Nectar
15.237408512090806,81.22715299240483,2.0,13.75075083480476,0.5649003833942304,-27.766219826307314,94,100% Pure Floral Nectar
21.675872470332056,71.53804098572546,73.66835555604808,2.815518627340733,0.5121957726748325,-25.15607754021494,31,Acid-Inverted Sugar Syrup
18.04977487862977,79.75516226247551,40.02261668199664,4.0,0.39860316022870856,-21.0,46,C4 Cane/Corn Syrup Adulteration
17.00044824993638,78.15981528459481,30.18471086823911,13.276825389990192,0.43673995414892663,-16.838413677854025,35,C4 Cane/Corn Syrup Adulteration
18.69167252509149,79.9055511068439,38.0,16.248772902982374,0.6506669472323343,-26.58135884135644,92,100% Pure Floral Nectar
18.206534634931092,82.35775219177756,5.486618911846605,9.759654497630429,0.43382878403664216,-26.542631659446094,95,100% Pure Floral Nectar
19.8,80.7330420528775,3.4871474617199674,13.908115767509624,0.4375212731730872,-25.70728046928667,96,100% Pure Floral Nectar
17.055443335791335,82.99457818336344,3.3361871140294697,17.128867943705934,0.4378663924744524,-26.392067335142585,96,100% Pure Floral Nectar
17.0,73.25830311036108,44.85262124066999,2.687864562184827,0.5322758699427352,-25.405553639242246,33,Acid-Inverted Sugar Syrup
17.150101924783524,81.44554144386602,13.529393737359706,23.345807949762307,0.46704534046422064,-25.651906513905764,92,100% Pure Floral Nectar
19.8,79.5,8.061244056612136,21.049278419555268,0.4022185759802125,-26.160002573952845,100,100% Pure Floral Nectar
16.147242935565654,79.77759013128421,4.295865219515814,15.858617997819392,0.3760076916193507,-26.44936368690919,95,100% Pure Floral Nectar
21.03436426347777,79.41966708424003,23.308661772091533,14.111860051999685,0.3030671818682448,-17.271240376015733,68,C4 Cane/Corn Syrup Adulteration
19.285448021668998,75.75435619680547,65.13456812441106,4.047589924747332,0.6178027637234331,-24.86955690709162,26,Acid-Inverted Sugar Syrup
19.89522796663534,78.18733930570967,55.381726459812434,3.190413061450266,0.4946470326490892,-27.5,25,Acid-Inverted Sugar Syrup
18.932942836762845,81.15296412290566,3.5706146869714255,14.770347220975697,0.5070502592589319,-26.092359920402963,91,100% Pure Floral Nectar
18.20169202206551,78.20076241065573,28.277291456457483,13.58337537873875,0.19539974557803227,-16.875454570990236,32,C4 Cane/Corn Syrup Adulteration
16.75106532421993,81.3641439734341,2.0,20.69022977508264,0.3775451122629223,-27.00451887491227,88,100% Pure Floral Nectar
16.51478478047449,79.5,19.947945521511684,21.553218587779288,0.4743449192153869,-26.52205398548877,89,100% Pure Floral Nectar
20.032275169053356,81.0,28.50452023590496,10.806692743205614,0.41129560841662743,-19.06090876643272,52,C4 Cane/Corn Syrup Adulteration
18.077629593229634,79.0,71.20170715157303,2.485786451233651,0.6011707714886348,-26.52740502229791,20,Acid-Inverted Sugar Syrup
15.65497495589792,81.25139382150789,15.811877182744386,16.022164069516062,0.3290203416600086,-26.64827625195153,100,100% Pure Floral Nectar
17.9580478194867,81.40148504855513,3.688041394156868,18.76044661890953,0.6525713879271767,-26.851155391312968,99,100% Pure Floral Nectar
15.674833634911877,76.96368228886931,31.079767850557577,16.00390529179994,0.2592621114833504,-21.0,52,C4 Cane/Corn Syrup Adulteration
20.473868139705086,75.21690400888082,50.49161433504376,6.163946295161347,0.5336704272098796,-27.5,40,Acid-Inverted Sugar Syrup
17.813866034333618,82.49760924035613,4.4837196657518055,10.847977103664888,0.24848082348311223,-25.995956043230432,95,100% Pure Floral Nectar
15.846233399619102,85.0,22.555688018082527,18.81510755738106,0.341194752026824,-27.500042431303388,95,100% Pure Floral Nectar
17.05015749606362,83.54203144674668,38.0,17.50762290643703,0.5067596321549188,-25.82234290657286,89,100% Pure Floral Nectar
15.214287973893756,82.47311940962956,8.639315444277697,19.109741467912748,0.32613846552568393,-27.176887642488932,89,100% Pure Floral Nectar
18.39031043895889,81.3110094222907,2.0,9.890184071917343,0.6554482034278234,-26.07059997841979,98,100% Pure Floral Nectar
14.717754544510365,82.18432935031396,14.331879660686266,21.146304812761336,0.699964267453376,-26.120317211289006,92,100% Pure Floral Nectar
22.54789507438755,77.13138765795765,51.61214520048335,3.1667648647310664,0.5416669295915946,-24.05290196848387,35,Acid-Inverted Sugar Syrup
17.821968636080456,81.55725690627644,12.408167206853577,13.876950313698622,0.4487360386536522,-27.26586728090999,98,100% Pure Floral Nectar
16.732291876628082,79.5,4.1355493569763535,15.44314451540793,0.4747443982982092,-26.381092611988663,96,100% Pure Floral Nectar
19.53663013540515,81.50788964099273,19.18211645346867,20.224016097308798,0.4157511073145579,-26.723851319316907,90,100% Pure Floral Nectar
15.104859042873889,81.96457372469173,5.613975600108958,18.050765022565788,0.5061997851833095,-26.03759546518105,98,100% Pure Floral Nectar
19.585747722757688,79.5,7.662484522174342,15.435578170549977,0.442448272557192,-26.2014250852108,94,100% Pure Floral Nectar
16.284727125891653,83.35131044120465,2.0,24.329606254089857,0.3172197651456693,-25.350691552236515,95,100% Pure Floral Nectar
19.36015529673497,77.64369479935485,21.000279866558643,15.397943992727047,0.365303175278115,-18.388636046497112,57,C4 Cane/Corn Syrup Adulteration
17.93751418732666,78.43606806088383,34.06464008237872,8.562127765687777,0.4517792987204089,-14.182197434230849,33,C4 Cane/Corn Syrup Adulteration
20.436059214392696,78.09938931326954,19.468532199478588,11.51471296939233,0.15,-20.580456636873887,45,C4 Cane/Corn Syrup Adulteration
19.83478887611567,79.39193138250651,26.064334307617468,4.0,0.2850711338638988,-13.61952860099326,37,C4 Cane/Corn Syrup Adulteration
20.739831355544695,73.8869904644327,47.507701305538724,7.872144854585733,0.1882275698016934,-24.006033797936425,41,Industrial Rice Syrup Adulteration
16.0541998676812,81.93922636862781,14.673619094384845,14.398888738302311,0.367978581455576,-25.88735634424463,98,100% Pure Floral Nectar
19.8,79.5,12.885295949689862,19.312477523599927,0.4067562288849768,-25.63354616105065,91,100% Pure Floral Nectar
20.112434760527147,73.60491537730523,31.550464170406677,8.141567287557157,0.29397677189045435,-23.23176738082456,38,Industrial Rice Syrup Adulteration
22.2026599530694,74.37310981178913,92.48753098042864,1.3594119102873874,0.5525017065197901,-24.41886116047958,43,Acid-Inverted Sugar Syrup
18.632621675269753,72.32738822728716,33.27701000437107,11.422618684953095,0.26000116922451927,-24.29693958430428,50,Industrial Rice Syrup Adulteration
17.1630319402575,82.81192674662768,5.141328931316874,14.379093613301688,0.3563892496794156,-26.392154292762868,94,100% Pure Floral Nectar
17.676400125331337,76.97213833307119,47.43534653608461,9.978835879612635,0.22070180660606864,-25.098546399547008,51,Industrial Rice Syrup Adulteration
16.392334882072635,82.02249663784546,7.290874523779472,21.323171553214756,0.5682518130908161,-25.960870315808332,88,100% Pure Floral Nectar
15.44089034800904,82.48937987042406,38.0,15.93138341184319,0.5736422425004563,-25.761178380179178,98,100% Pure Floral Nectar
19.685435249653317,85.0,5.017350841853715,9.0,0.5665398900004904,-27.13302904867376,86,100% Pure Floral Nectar
22.526641892194885,78.56585230937296,34.955177400630326,11.920053520094338,0.5122875984471209,-16.259472303114713,66,C4 Cane/Corn Syrup Adulteration
20.439370846622797,74.01853641205884,85.02533665910923,5.675476977548904,0.6965770717871642,-26.024561599743674,18,Acid-Inverted Sugar Syrup
20.35862317441521,77.42463751247331,31.98855752803381,9.150589783359926,0.41981236054063564,-12.09557404761749,52,C4 Cane/Corn Syrup Adulteration
17.88943176961141,83.12516750429539,6.991024023406659,12.987780070138728,0.41923990314416926,-26.729692867184802,98,100% Pure Floral Nectar
17.941725849081394,83.20706726581984,9.168512873197976,18.646149804393772,0.3372413394118867,-25.496702272768196,96,100% Pure Floral Nectar
16.022068110390325,77.49244598615269,22.93602374162966,4.0,0.24683016802316682,-13.97834066410152,41,C4 Cane/Corn Syrup Adulteration
18.556102986746044,83.01553967277466,3.8964425166038046,16.58886381570233,0.5194918128022002,-25.708515905084404,87,100% Pure Floral Nectar
19.85592657919867,81.0,32.94148490249039,9.397347427552774,0.32310469321005564,-16.071254836130137,20,C4 Cane/Corn Syrup Adulteration
17.28124143989897,79.0,89.14359862311417,1.2504630936104224,0.6073179888667974,-23.63911874316968,30,Acid-Inverted Sugar Syrup
20.166260656796688,75.08202501971768,25.150300398978985,9.763445660616979,0.3282750671581902,-13.02999898609655,36,C4 Cane/Corn Syrup Adulteration
17.76987320197435,79.5,6.261987868240555,13.941025889672485,0.46349410423507326,-25.868870665140772,95,100% Pure Floral Nectar
18.351300970384155,74.38910232450706,28.004573325166216,8.254664491027919,0.20039045086055549,-18.492169757372103,54,C4 Cane/Corn Syrup Adulteration
17.42147057754527,75.21570304432818,23.349952400195715,9.27055249257478,0.5362886899544819,-15.3751024052686,40,C4 Cane/Corn Syrup Adulteration
21.116676734108655,81.0,30.86838171103382,14.998151354591636,0.5436679762285763,-13.087543194418991,48,C4 Cane/Corn Syrup Adulteration
18.650571109945677,80.5,29.31155345657504,11.219187756099556,0.22141821523051192,-22.5,38,Industrial Rice Syrup Adulteration
19.358330805512296,73.98754582406872,35.649214379250715,7.044230725527364,0.41013768417972657,-23.41286239101794,43,Industrial Rice Syrup Adulteration
16.75482735880699,76.63295604921734,44.442917979499484,4.9188897052423535,0.3158229561123809,-27.0,52,Industrial Rice Syrup Adulteration
18.912316293933454,83.98892696078175,4.225370690512687,17.82758150323304,0.4594275738225018,-26.31222631973528,89,100% Pure Floral Nectar
16.760777930193626,78.83107189303945,41.732322527019775,10.9143543953346,0.3498692465744911,-18.28009457325257,20,C4 Cane/Corn Syrup Adulteration
15.616756190543718,81.62399120207832,12.566765504817702,17.521458750869076,0.488159344742909,-25.84104656676903,90,100% Pure Floral Nectar
16.083631315540178,74.88172181562186,31.099614561108176,6.500107978941232,0.2253371789425932,-22.753588708817876,45,Industrial Rice Syrup Adulteration
18.904021929155693,82.90843045095818,22.47443795658909,15.514957110584449,0.62854857142023,-27.02001492044363,91,100% Pure Floral Nectar
19.267156489616255,81.63305153122097,9.244727966288437,11.847328361239773,0.6014481538969744,-26.962744240967595,92,100% Pure Floral Nectar
14.917337458798803,79.5,23.447783852887866,13.207498474180886,0.4021884718722977,-26.188648555497885,89,100% Pure Floral Nectar
17.123148399137197,81.29000269560619,8.226337578848756,17.026813108415713,0.18,-25.817786803156274,96,100% Pure Floral Nectar
17.863084907536035,83.86729653492243,10.048731220559876,10.759925008595914,0.5611470848110235,-25.759129145792677,94,100% Pure Floral Nectar
19.685021505956502,75.2695133315064,33.84644262484243,5.442659869134806,0.45358981494688266,-25.876167654398994,33,Industrial Rice Syrup Adulteration
19.825677787754614,75.44445218925475,38.098699892749664,6.83724017693032,0.34327797376979763,-24.156996617039407,39,Industrial Rice Syrup Adulteration
16.015693298416778,78.98638198964346,36.63422154197221,7.157684506843496,0.318429444777304,-13.504277825075222,44,C4 Cane/Corn Syrup Adulteration
17.461036040677197,79.79212373119633,11.439845931470916,18.092392792063148,0.4321986913879235,-26.045238183813268,94,100% Pure Floral Nectar
20.985288085808616,80.5,21.526370273099545,12.648084429135086,0.26482707799006444,-23.980767786955234,47,Industrial Rice Syrup Adulteration
20.886276078433664,80.5,21.145601014915158,5.939551931904031,0.2388688915360486,-25.67792223934561,37,Industrial Rice Syrup Adulteration
17.834948022119573,83.83502787510184,6.511077476366816,22.82754105366637,0.2810744491270477,-26.509028716008245,93,100% Pure Floral Nectar
14.066476273345039,79.5,11.854081227645713,17.314960416376696,0.6024797007577423,-26.955858594623813,89,100% Pure Floral Nectar
14.982209679792314,79.5,2.0,19.95785765527012,0.5577363350111703,-26.044447131026587,94,100% Pure Floral Nectar
23.707770243810256,75.29137849379288,29.567264934744365,10.583869661972322,0.2731728233171242,-25.523736865293028,49,Industrial Rice Syrup Adulteration
16.051044754307604,80.68863940933896,14.803523385989886,14.806121652771974,0.30598745170252206,-26.836601224441473,95,100% Pure Floral Nectar
19.596712272826736,78.40091121594804,53.76576667323617,6.563687593086392,0.2959711433842298,-23.411777645327707,32,Industrial Rice Syrup Adulteration
22.156404098196717,78.95288209842121,70.02931552086798,4.3229166381579684,0.579378100827674,-25.209341518294455,36,Acid-Inverted Sugar Syrup
18.955711737821122,75.16889689941011,58.61910757575382,2.4566675372640034,0.47120685454698,-25.19467309009445,19,Acid-Inverted Sugar Syrup
19.242827122474853,74.0727671309598,50.50735309999851,9.518238627480322,0.12910275478256844,-23.75181585513028,49,Industrial Rice Syrup Adulteration
24.0,74.08089396986276,34.37780599797499,6.745544484255005,0.22643268850880863,-26.780690071959985,41,Industrial Rice Syrup Adulteration
20.21185312134741,78.78654474959677,19.288366172433964,4.837865141480663,0.24555299431074432,-25.62621963374247,29,Industrial Rice Syrup Adulteration
15.45310354524921,84.90594789834199,26.715752699890505,15.403574977409175,0.38032096051484016,-27.234203393532137,100,100% Pure Floral Nectar
16.997673860998276,81.07453742658583,16.037607776376547,18.545204100870578,0.18,-27.009536463508518,94,100% Pure Floral Nectar
17.405510216779767,79.5,8.744322622821333,18.588382401044885,0.6586661566505824,-25.19180139853396,98,100% Pure Floral Nectar
20.985900406084124,81.0,19.86484388609919,11.47256925878549,0.28933654337773895,-20.63717090538174,61,C4 Cane/Corn Syrup Adulteration
17.16489470188142,68.0,68.42560380439001,2.5687243625365337,0.8826939349792826,-25.92629908151599,28,Acid-Inverted Sugar Syrup
17.96087113013813,82.18377239335886,2.0,16.925531343960778,0.2740874618428918,-26.61474087926454,96,100% Pure Floral Nectar
18.939717231380072,71.98330444471618,50.12270121633628,9.46414878142046,0.38172447307766855,-24.524642443904405,42,Industrial Rice Syrup Adulteration
16.617327833160644,81.51818639431843,12.493635186724283,13.769760856387759,0.2540378629506631,-26.220547311383072,97,100% Pure Floral Nectar
18.44721567803082,73.66985794411269,38.98834328278295,2.0,0.28813827556337873,-24.04556203943271,36,Industrial Rice Syrup Adulteration
20.119024084316894,74.71356696057649,61.8400726506892,3.255743954009227,0.587156224373906,-24.58733069423714,43,Acid-Inverted Sugar Syrup
16.890244926979918,81.96397542745314,2.0,14.254890277252569,0.7203885366083386,-26.61270440063679,97,100% Pure Floral Nectar
17.039644216646334,85.0,16.95356163352935,16.25551693995917,0.4115944267526442,-25.142272574201456,97,100% Pure Floral Nectar
22.108209329172603,76.01554278222919,44.589313403470044,18.0,0.49804921526690804,-16.228262042225385,59,C4 Cane/Corn Syrup Adulteration
22.332420486866916,75.61030152070322,67.59720798601688,8.0,0.7549832295001412,-23.931952156951002,30,Acid-Inverted Sugar Syrup
16.23132870216626,82.48509799649692,13.656417027341037,16.17237502757168,0.2628014985921879,-27.186730787446017,95,100% Pure Floral Nectar
15.950296857975395,81.0,44.98656410624815,18.0,0.276326901248311,-14.399486419702214,29,C4 Cane/Corn Syrup Adulteration
16.044951514723216,78.08497792821848,29.611938585066195,14.490834963069759,0.6087249135404487,-15.265788177276994,58,C4 Cane/Corn Syrup Adulteration
22.591738250823067,77.60262917210684,61.971542751604794,5.825696764323219,0.5069038468200504,-27.5,30,Acid-Inverted Sugar Syrup
20.94867479688258,75.40993771467612,33.66640500610046,7.451095438721523,0.28966897340821857,-23.477990385740046,55,Industrial Rice Syrup Adulteration
19.486215345222302,70.17699967917802,52.35398934953599,5.141764029974526,0.6400477594003122,-22.02925456838824,39,Acid-Inverted Sugar Syrup
21.501664187650594,77.41360832548253,42.0,3.433153329027556,0.5233788867381527,-24.882868157189936,35,Acid-Inverted Sugar Syrup
16.413001009810486,81.0,35.0170769550228,13.770657675742198,0.34791158503751,-14.775674440215546,50,C4 Cane/Corn Syrup Adulteration
15.0,78.0158699343556,30.881521474921772,6.730342683043698,0.4628969201402085,-16.738327789823078,48,C4 Cane/Corn Syrup Adulteration
17.537054451283996,83.63947523020599,30.68955721759461,12.360497976693996,0.28459783949870665,-25.821833453751836,93,100% Pure Floral Nectar
17.667126947401727,79.5,6.278934475382325,15.360465596912874,0.5479156463678191,-26.202353135214242,88,100% Pure Floral Nectar
17.205173940586985,79.85631018257817,14.209732653417252,17.753327631300337,0.38746683688238465,-26.03086894436353,91,100% Pure Floral Nectar
17.43991559366596,82.05115673754949,10.752208809908382,10.017355439415207,0.6024768115220454,-27.296428501752775,94,100% Pure Floral Nectar
17.605684799654977,82.17245878870426,6.876975263598135,11.36509646974595,0.7127849360382601,-26.030702318721577,93,100% Pure Floral Nectar
21.539352673757048,78.08135877467356,44.67929101880076,2.0,0.3787131102072743,-24.310816750131604,45,Industrial Rice Syrup Adulteration
25.534266587302923,77.47964002300674,77.33782480336025,0.5,0.25,-26.319597014646217,35,Acid-Inverted Sugar Syrup
18.43429565972923,79.5,2.5442457429085836,13.979974557520507,0.18,-26.32003714884835,100,100% Pure Floral Nectar
18.41205727183817,83.4939656478142,14.367560529278245,13.578687641853623,0.33014259947717073,-25.3418286100702,94,100% Pure Floral Nectar
22.656313234220057,79.46195340228768,31.9978101838772,7.271444392117046,0.15585819331133566,-15.104274989608143,41,C4 Cane/Corn Syrup Adulteration
17.438582711325683,81.29223921241194,32.05038353447282,13.425937206881958,0.5326690598447469,-25.426270267460836,98,100% Pure Floral Nectar
21.692178584388483,80.48472435381488,38.926658310319,12.27613096436607,0.22127768194959047,-11.0,57,C4 Cane/Corn Syrup Adulteration
18.066044835556593,79.0,78.70903988448117,0.5,0.37550774315975993,-27.223486301830665,42,Acid-Inverted Sugar Syrup
18.071989905286497,79.5,3.000594819661333,22.460372144795706,0.5072546977782592,-25.799154136896227,94,100% Pure Floral Nectar
17.45343018218519,82.68301755491544,20.518216630747858,9.0,0.37339065108134695,-25.778883726278178,94,100% Pure Floral Nectar
17.11666450151348,81.87360439560524,2.0,20.151542278711393,0.34475665778035264,-25.60547420002878,100,100% Pure Floral Nectar
18.176341473971288,73.58149984786107,41.40780696854404,4.628269449645529,0.33465501488731153,-17.477821024686378,64,C4 Cane/Corn Syrup Adulteration
16.06439338935483,76.76103636538677,12.978201088718347,8.315547905634798,0.3803392375197781,-21.0,50,C4 Cane/Corn Syrup Adulteration
20.378176486751688,71.21556924658938,100.8388110286238,3.0547062954766138,0.42347132485407835,-23.700040754035598,27,Acid-Inverted Sugar Syrup
16.837533036814293,81.02734425686317,19.398566136317697,18.147458119795612,0.41763830948060765,-26.772890761288483,100,100% Pure Floral Nectar
21.71039603041905,78.5681996394187,40.85077631624249,7.92854741099434,0.15011624674007798,-13.690997899202948,52,C4 Cane/Corn Syrup Adulteration
18.720374962645046,79.5,15.125513155946432,12.171566271057866,0.4384234148700421,-25.847187512757593,92,100% Pure Floral Nectar
17.960617240650944,80.24841004858452,6.169009615714381,15.053360429578648,0.3632769266731714,-27.26041972346282,95,100% Pure Floral Nectar
17.151441157658507,80.24780118339257,12.736598455014914,22.823929808178818,0.4597036237280294,-25.728344360083668,97,100% Pure Floral Nectar
18.64556468607832,82.10546643862993,30.04073281780024,13.103497563789873,0.4656403980379059,-25.700433337525045,91,100% Pure Floral Nectar
16.809451897535467,81.59432593079687,14.569558557546507,16.453009434679014,0.31726981535989063,-26.317508971701088,96,100% Pure Floral Nectar
15.0,81.0,43.08535028044244,13.440205586900063,0.28237000887652963,-13.91986251999016,36,C4 Cane/Corn Syrup Adulteration
18.95154204455647,73.8508962383179,50.80086649339466,5.864122387771814,0.40774466236029194,-24.55846365227851,45,Industrial Rice Syrup Adulteration
14.949416189883436,84.35731489222565,15.375049232451467,20.150330283513245,0.36842006122225757,-25.255776141767157,90,100% Pure Floral Nectar
16.61639453535009,78.94338135706889,30.922322619671245,9.060121964847246,0.3764022448996353,-13.773136877518475,30,C4 Cane/Corn Syrup Adulteration
16.048891446206994,82.92972626210421,32.24358062919856,17.278231933671286,0.3289601758148673,-26.032398738848208,95,100% Pure Floral Nectar
20.41446074736403,73.21428772226409,14.944264211362228,10.297035488969101,0.14225275672274557,-23.47750047771688,52,Industrial Rice Syrup Adulteration
19.12482698680746,83.29996398801107,10.49656531529608,16.461218718514456,0.3175720458356872,-25.624908919597335,94,100% Pure Floral Nectar
18.002378938537678,85.0,38.0,9.118231828537855,0.4332041788719419,-26.260434055542195,96,100% Pure Floral Nectar
18.2165797335007,75.08870007814097,82.47896208234518,3.3982050574534197,0.5406662404940378,-23.52470192972395,33,Acid-Inverted Sugar Syrup
23.55925434666671,77.80228508389493,69.30324810169246,5.565924896503804,0.6614421454340703,-23.77398242262236,23,Acid-Inverted Sugar Syrup
17.020915371926925,81.3165110608278,2.0,15.193725225861582,0.5439569081896837,-25.930281792027806,92,100% Pure Floral Nectar
17.049056581283796,78.17735934094254,35.5488004223568,9.889995244849137,0.40043441746293207,-16.53217890081286,59,C4 Cane/Corn Syrup Adulteration
22.96092787028196,73.16670841107754,109.51095204645142,4.123959415641273,0.5397887889949426,-25.33020231961616,23,Acid-Inverted Sugar Syrup
16.707310155056888,82.7458177886783,9.459067864825146,14.944583184570597,0.3903128472063077,-25.231431578316645,88,100% Pure Floral Nectar
15.856785068587127,85.0,16.451241687840202,12.246849079561553,0.3433121600601581,-25.23005214113481,100,100% Pure Floral Nectar
21.501321698920062,80.10442431565944,26.732670122654255,8.145403938204645,0.36740560393430205,-15.572561812531857,68,C4 Cane/Corn Syrup Adulteration
23.082158079522635,76.49680834357505,26.4841591943541,6.5725901939004565,0.28061128687491727,-25.757076235220655,43,Industrial Rice Syrup Adulteration
20.9835882767383,76.03077682044157,66.40469761644344,5.667070182251738,0.5011811195645969,-25.57150812136163,48,Acid-Inverted Sugar Syrup
23.554308850093353,71.77538435685034,47.889253418224285,4.144600505061868,0.45549986415052907,-26.086156946820456,35,Acid-Inverted Sugar Syrup
22.39511485042264,71.06046391270931,60.744779898892716,3.7872414675818815,0.49438827826192344,-26.764936808492305,27,Acid-Inverted Sugar Syrup
17.24165859529404,80.17459387681603,3.317048275940862,16.257264235240882,0.49947673708419627,-26.937143240156715,97,100% Pure Floral Nectar
19.8,79.90711010442497,2.0,13.24916575548279,0.4725542715575706,-27.136766138498164,96,100% Pure Floral Nectar
19.53224569655199,75.04645113336976,75.15760953227775,3.0804550205962826,0.49759510601753204,-25.77132155889964,30,Acid-Inverted Sugar Syrup
15.354499188617023,81.0,14.219561376957744,5.147697397896315,0.3550967717599681,-15.232214984146015,48,C4 Cane/Corn Syrup Adulteration
16.197936015244945,80.02702006678581,2.0,22.98037695474972,0.4404012262776251,-25.940856602238814,91,100% Pure Floral Nectar
19.657884863327446,77.64453735300324,41.41081665490241,10.210101154835838,0.2503644052002661,-24.76577581773583,31,Industrial Rice Syrup Adulteration
20.09755078593005,73.62520015190967,40.233731816446294,10.457697934138972,0.2902972161007873,-26.39076309148738,40,Industrial Rice Syrup Adulteration
18.421536768156518,77.26850165058393,44.13286498231345,7.778120967152689,0.24397867264548176,-25.079810357408437,38,Industrial Rice Syrup Adulteration
16.536781471111883,75.75401764968161,32.21542824832852,8.719553586309928,0.4314985035404241,-17.76305060385312,28,C4 Cane/Corn Syrup Adulteration
21.003797722294134,76.90911805981203,84.84915904856541,3.4050546616896824,0.49274180550952734,-25.79767273007631,38,Acid-Inverted Sugar Syrup
17.762396410938518,79.63128399502034,12.161801456233453,15.613807706815702,0.4838426918727343,-26.109234264245806,93,100% Pure Floral Nectar
18.05279336927005,80.96202991556572,2.8941639701920687,22.188145040633252,0.5225325301368667,-26.666037555420214,94,100% Pure Floral Nectar
16.76885385850534,81.2718556932777,3.392664471004001,23.206338358408598,0.4012567319883365,-26.38487611668582,89,100% Pure Floral Nectar
23.239019907385728,71.89090085382998,104.85156111658583,2.9292796604412192,0.5254263191109362,-25.775939938817572,21,Acid-Inverted Sugar Syrup
20.38196014416692,76.83262739664586,35.128787636525836,4.153736817431865,0.27274406709452226,-26.489552252124682,48,Industrial Rice Syrup Adulteration
18.703741124679112,71.88004098056393,92.53922297298399,4.227516842384424,0.44376971432363516,-24.040812913648523,20,Acid-Inverted Sugar Syrup
19.335661032072473,72.82676934686978,41.52967512204491,8.958696759546363,0.3359155931204788,-23.992070333905097,48,Industrial Rice Syrup Adulteration
15.229550715872822,84.34493131618856,9.055396862722045,15.252174014216152,0.4551610568710386,-25.43019355284053,90,100% Pure Floral Nectar
15.0,77.53473986188446,35.5620806231531,14.90176257982346,0.2874957865399933,-11.0,42,C4 Cane/Corn Syrup Adulteration
17.0,78.6120131033141,65.11187021189907,4.13866787790887,0.8155337889986849,-26.360903128337604,37,Acid-Inverted Sugar Syrup
15.551234261363703,76.55011496713351,16.018977071443945,9.234795913194754,0.41639103275668565,-16.099551761472547,37,C4 Cane/Corn Syrup Adulteration
17.15585250024049,79.0,74.19534504071231,6.019267173166553,0.7852347599105971,-24.958248905015523,27,Acid-Inverted Sugar Syrup
15.904405523516576,80.80078327185828,8.779900455816392,12.526359110663934,0.5786257190591763,-26.766579872873823,95,100% Pure Floral Nectar
19.70507073117373,76.70181380433714,24.306410275299328,9.831115367490346,0.2642523653457012,-19.842994283650103,20,C4 Cane/Corn Syrup Adulteration
17.35153972449015,72.76229294967233,12.0,12.212346794544358,0.2346373327593095,-22.52173346135363,49,Industrial Rice Syrup Adulteration
22.87901546697311,79.0,42.0,0.956702412076845,0.5580642947763222,-22.717351378335632,21,Acid-Inverted Sugar Syrup
16.02510646572539,83.31339142989464,14.863178793850889,14.216628731755513,0.5370402881866512,-27.20728212087268,91,100% Pure Floral Nectar
17.219501008678122,81.8114855470527,20.37123125478911,12.564704587027503,0.4855907670826366,-25.48196342672779,92,100% Pure Floral Nectar
19.141871508641735,77.44621588865327,21.65036336398209,14.75238837644179,0.44091293525995523,-15.34370732160223,34,C4 Cane/Corn Syrup Adulteration
22.629091333563625,69.77608194314062,58.85172152884643,4.510864585184972,0.6492035527691831,-23.05407066865884,21,Acid-Inverted Sugar Syrup
15.982471686215428,82.1973202280254,2.4996665608494455,21.15041576555003,0.49676850080386736,-26.58881842462816,98,100% Pure Floral Nectar
16.978788941989414,81.42244802046244,14.861664066709139,13.897048719253759,0.40791649526193874,-27.018876398720945,90,100% Pure Floral Nectar
19.845246234168233,80.35508648204298,36.79062508685293,12.055578694434907,0.21868378671300376,-24.568659195693808,50,Industrial Rice Syrup Adulteration
19.22108480485634,85.0,11.534117704787622,14.47139035350331,0.4256018080994353,-25.93030514353775,93,100% Pure Floral Nectar
15.286007070955655,79.501993816115,2.0,18.679523580134216,0.48022224592318685,-26.123819175978326,98,100% Pure Floral Nectar
18.418444287701103,74.3983595525025,36.25613467458554,9.830973069395483,0.27825449625040594,-24.807530086957545,42,Industrial Rice Syrup Adulteration
20.423983386934896,79.0,48.99111154881823,5.488934503605935,0.512457439548155,-26.25131522442134,42,Acid-Inverted Sugar Syrup
20.16152193891639,75.81506140584226,32.53536598002284,13.141680311114449,0.2868455792604971,-25.431960130048992,31,Industrial Rice Syrup Adulteration
21.460535962294927,73.37115407873273,107.45299653361323,4.235742568308189,0.630564218791195,-23.58755710905326,36,Acid-Inverted Sugar Syrup
18.4465364289277,80.56521469664514,2.0,14.37872500288842,0.33773345142197936,-25.29124449132556,94,100% Pure Floral Nectar
18.944087096292144,76.36117333523104,33.155609263307056,7.409235423815181,0.3769317237846411,-17.401112200028454,68,C4 Cane/Corn Syrup Adulteration
20.533213045804303,75.18039311277354,36.65114005381411,10.199983056931686,0.30549304737405647,-23.257952125762365,29,Industrial Rice Syrup Adulteration
17.998858196107342,82.925028067552,4.621212699646904,17.17525257400291,0.5062188356780555,-24.68583138598184,93,100% Pure Floral Nectar
18.66760471922268,81.0,22.311533147196066,6.44956888141076,0.46749332426280404,-12.341843940578766,27,C4 Cane/Corn Syrup Adulteration
18.024009766188854,79.94973469320982,8.736599794471731,13.404194517696853,0.33945467098393334,-25.397544977266804,91,100% Pure Floral Nectar
21.68621244300585,76.52811470369622,27.591564697919534,16.52752449903301,0.3593309938060967,-17.145905147934247,59,C4 Cane/Corn Syrup Adulteration
18.312110901965852,75.82541890835154,34.39279645394836,14.0,0.2704326626097713,-26.37842833097146,36,Industrial Rice Syrup Adulteration
17.18146565290463,75.52685166125067,44.62311214505773,1.9923028507311131,0.5566194873089303,-25.47936959926532,23,Acid-Inverted Sugar Syrup
17.622166279267056,82.20235777430482,16.551291412125106,16.37657206380004,0.46035875631855366,-27.157510695079594,91,100% Pure Floral Nectar
17.307592636142275,81.50583377094526,21.169765025627502,12.38388390266901,0.5615309361768513,-26.287514992774565,99,100% Pure Floral Nectar
19.358953933595025,83.17072396838809,4.70431572523615,18.800537118098436,0.6167948018194392,-25.031271648695146,94,100% Pure Floral Nectar
17.447549220995157,81.16428279591781,17.099752147497014,22.499991352328305,0.20580672369697708,-26.795410045944838,100,100% Pure Floral Nectar
17.474362381087314,76.59637670375534,19.35797950737537,5.310083098729768,0.40641169264001975,-12.270940149207881,35,C4 Cane/Corn Syrup Adulteration
17.076405132308242,80.82262777631189,10.225703266351651,18.66508389487588,0.5140392569072049,-25.66077087547901,93,100% Pure Floral Nectar
15.946902220812753,80.32413922424968,7.203244420388262,11.11607059379308,0.3272989672329408,-26.492877245803925,91,100% Pure Floral Nectar
17.716226406244527,82.0818407230203,22.024743649549315,15.01650102495486,0.3470113022322553,-26.11716558342692,96,100% Pure Floral Nectar
20.341422506708415,74.24288102536777,84.04210168325379,3.644183017752196,0.6183549585373562,-24.37874448302004,32,Acid-Inverted Sugar Syrup
21.415085357735794,72.02362100981773,52.16295442450877,2.384906028814666,0.7144620570494802,-23.24034893112159,48,Acid-Inverted Sugar Syrup
15.347674289229502,80.60492274388773,13.353800668275706,14.96215574391936,0.40936726723816685,-26.265990566858772,95,100% Pure Floral Nectar
18.636334200773174,78.68407062729567,28.48438256291368,10.261691883555935,0.2983602515339229,-19.81540345733866,66,C4 Cane/Corn Syrup Adulteration
19.83505440059964,76.71029687682719,35.701064786573426,11.38167292819877,0.3708387875855856,-24.428713610192393,35,Industrial Rice Syrup Adulteration
21.894003963016598,71.08293381559258,47.41244394364472,1.4267761466279518,0.670384100778218,-26.008738647743414,33,Acid-Inverted Sugar Syrup
16.7671026738083,82.12702245056477,3.899237508203392,13.198683330622943,0.37895791850342697,-26.641336605911558,94,100% Pure Floral Nectar
22.17500561692651,78.95458842643643,89.96617358960246,5.603804920968498,0.6075740535663977,-23.147248379957713,33,Acid-Inverted Sugar Syrup
19.106032584949926,76.23197578053734,19.943753081179793,8.618163613181883,0.34377689430275005,-14.2521264582596,57,C4 Cane/Corn Syrup Adulteration
18.174331920897792,76.23889520314688,30.974534487957783,10.54891956967768,0.40091394756715404,-17.4637383575088,50,C4 Cane/Corn Syrup Adulteration
25.000827773232608,76.49245840605506,80.52299684366297,5.004089550039158,0.5192151032447433,-25.522741309792536,33,Acid-Inverted Sugar Syrup
21.53651477907751,76.37002020747991,76.90942082104598,4.591353023697912,0.6437938661725341,-25.15276131077407,36,Acid-Inverted Sugar Syrup
14.937165148188775,83.33254340977322,17.212849487841154,17.26280645488188,0.24544623017074066,-25.90517259635704,93,100% Pure Floral Nectar
22.211241760812882,70.99566668506091,73.82204293955232,5.671382124644529,0.5699423400416,-23.102255350795012,31,Acid-Inverted Sugar Syrup
15.232734214474995,83.71505751801816,2.0,9.94038694456002,0.30988608130724016,-25.78013083938583,90,100% Pure Floral Nectar
17.79624208867025,83.44710488948326,9.848580654454043,16.642740735248225,0.19369624585629489,-26.969780257123357,87,100% Pure Floral Nectar
18.11917505208736,82.30109515818397,5.698263584139864,12.489768197348653,0.46035155414230744,-25.465537290131447,99,100% Pure Floral Nectar
20.672916165770715,80.5,26.35192159851409,2.0,0.28459724397604164,-26.013053770737248,55,Industrial Rice Syrup Adulteration
18.2101875071766,84.41878393892902,8.246545481533651,12.228039631601483,0.43219292624280126,-25.70118680199513,97,100% Pure Floral Nectar
15.946515148691766,81.85038649961919,8.637381067700305,14.95333961113427,0.4419890292550462,-26.157252211784062,91,100% Pure Floral Nectar
18.388885530384318,78.52874453170385,37.052090420845175,4.605212980358424,0.26266431308573185,-25.071165145420853,54,Industrial Rice Syrup Adulteration
17.0,73.88675393000848,59.466592347398176,6.233521904578354,0.5517766459147813,-23.397480058500037,33,Acid-Inverted Sugar Syrup
20.290953329184596,77.79109458850354,37.51252629622269,6.781752134952183,0.30538199522112724,-27.0,31,Industrial Rice Syrup Adulteration
18.455892675641984,83.23787065654268,11.690720960483386,12.820323719636477,0.4513822316070996,-27.318204303037483,90,100% Pure Floral Nectar
20.036259101313423,79.0,69.63238878873467,4.087483700376665,0.838889472266585,-27.5,34,Acid-Inverted Sugar Syrup
19.65671185477811,83.96352428618742,4.2573578735752315,22.162522583979396,0.23962139164804777,-25.26881282405745,91,100% Pure Floral Nectar
16.219605604487764,81.0,27.239663970456636,6.791787449429999,0.2744539279798947,-18.71452522052409,50,C4 Cane/Corn Syrup Adulteration
17.648691672865986,75.5918334526977,59.15057155545478,4.8776734357588944,0.6183722218777369,-24.402974586832926,45,Acid-Inverted Sugar Syrup
17.27272424013022,82.15449355779873,21.149540920844153,15.7346043797075,0.4142016385518787,-26.023776539292356,97,100% Pure Floral Nectar
17.435497916467106,77.02400866719472,31.429569739214617,4.955209573176945,0.20757719823386794,-24.827623980980245,33,Industrial Rice Syrup Adulteration
16.263298165876115,79.5,2.0,10.950850746204953,0.5631890730169717,-25.96878200387663,97,100% Pure Floral Nectar
19.94103942296897,74.5814028876337,67.33662967848228,7.170595681367589,0.5678819976635353,-23.092404549050897,28,Acid-Inverted Sugar Syrup
17.149843545246068,82.12372607427648,33.280733343178,16.408309380271103,0.46454481161640704,-26.59745393981344,92,100% Pure Floral Nectar
15.69815976396427,82.73982671968962,2.0,14.270560562704883,0.34056777840990865,-26.206103968216627,97,100% Pure Floral Nectar
20.390579128889854,79.61142407974238,46.634175399628006,13.311143393914296,0.36137930809514235,-26.623302975605217,30,Industrial Rice Syrup Adulteration
20.55383923436781,74.99967567591382,33.20355285491285,5.381304134267988,0.3402505028475323,-24.646947620636492,41,Industrial Rice Syrup Adulteration
16.85551251661807,80.20891436512034,2.0,17.73251370254071,0.4171658424697852,-26.29945841620826,88,100% Pure Floral Nectar
17.236527470295165,82.0688956895469,2.0,18.098039482435464,0.3807209309913125,-26.63057751917378,90,100% Pure Floral Nectar
18.05175239086378,74.04482923581904,44.448787426539724,3.735728836759514,0.22664653358458015,-24.789127935491894,49,Industrial Rice Syrup Adulteration
17.75087953959045,82.74810763815573,2.0,16.310341114443585,0.39651300250993404,-25.316882311838626,91,100% Pure Floral Nectar
17.973219912751333,79.5,11.729770237961246,13.16313752629928,0.3573803350214222,-26.378042108730202,96,100% Pure Floral Nectar
17.347525708604344,82.43327815793559,2.0,10.905054566259045,0.4209680111293363,-25.89849885743982,92,100% Pure Floral Nectar
19.562735408067738,76.37123403491704,35.077776561576485,8.9361555411077,0.27622121467495336,-23.50626783338947,33,Industrial Rice Syrup Adulteration
18.06759602435259,81.63426103455075,11.910124715982079,12.60027897384898,0.5083472934198152,-25.677206795747612,94,100% Pure Floral Nectar
15.595116449773837,80.0471689778471,7.265316866460024,16.32883235155849,0.4348149067402971,-26.217505686620107,94,100% Pure Floral Nectar
16.914987495856693,83.22730815957075,2.0,18.15020186970387,0.5154281099108619,-25.79561014990687,90,100% Pure Floral Nectar
18.615470961502304,75.42435150108477,14.482927036145668,3.913513500517946,0.27738418908928214,-25.65972787497234,35,Industrial Rice Syrup Adulteration
20.940149959618196,77.30754645374135,71.81648261755633,3.091349933480852,0.5797358164720026,-24.68600575487354,26,Acid-Inverted Sugar Syrup
20.016257528359322,79.35546615915484,25.464018457401796,9.59764316761938,0.3334519503233672,-25.730442814108528,15,Industrial Rice Syrup Adulteration
18.069057165466226,74.20306198273694,63.69506539323431,5.982579291858882,0.5556523523024347,-23.738365891251433,43,Acid-Inverted Sugar Syrup
16.821803554857905,74.466867672421,29.237119669010777,4.501016362615278,0.16486412920100801,-18.992451190224514,52,C4 Cane/Corn Syrup Adulteration
16.400349414304085,84.42940504928725,13.956458269281118,20.721462349990844,0.5099926071533806,-27.413177264441256,94,100% Pure Floral Nectar
22.1924977784106,76.87664517398746,40.51602254948855,3.9365376101125062,0.31165487641600526,-25.86255875135734,24,Industrial Rice Syrup Adulteration
18.187309653001627,75.43270736746186,37.944828622786346,14.225342276420516,0.2429697584285355,-15.066237088839184,49,C4 Cane/Corn Syrup Adulteration
16.0,76.80541931167878,27.007871525058817,6.732600072947724,0.35554579544960874,-23.24079959161071,31,Industrial Rice Syrup Adulteration
17.669081240717762,80.89728611222321,4.568035152601731,21.98850496552379,0.45435280041329307,-26.810768900922156,86,100% Pure Floral Nectar
19.701551566302765,76.7797657925787,42.0,7.805484636922146,0.8398873012756464,-24.71777315122491,24,Acid-Inverted Sugar Syrup
18.830635096240037,84.7128702527069,15.313930115644668,23.458473115150372,0.5730296415506366,-25.30418173802862,91,100% Pure Floral Nectar
18.781821756773894,76.91973775412859,20.369890673025623,18.0,0.5254043050326864,-14.007570361400006,30,C4 Cane/Corn Syrup Adulteration
19.68406361878923,81.0,26.40760573913236,11.718691422737617,0.36411348907452984,-12.68287181911401,43,C4 Cane/Corn Syrup Adulteration
21.068988755070265,81.0,18.19366607374618,10.540280341549575,0.283599022227752,-12.716991716699313,35,C4 Cane/Corn Syrup Adulteration
17.0,74.19776876276093,72.92445480819667,2.1951862984002357,0.6159739079273154,-24.446391234880736,37,Acid-Inverted Sugar Syrup
15.673441291580016,81.93520823310858,4.237193323854409,20.593715957459633,0.35784392409401883,-27.350476244945806,92,100% Pure Floral Nectar
18.86690478470088,83.44017464413083,20.853699670398903,12.414608417156328,0.5139965084506456,-27.350389108807285,96,100% Pure Floral Nectar
17.52670789375998,71.08994137613824,69.69660507269029,3.9709417005322973,0.471693913548202,-26.288817938016166,30,Acid-Inverted Sugar Syrup
21.372891489441347,75.57601116208558,69.48752806366875,4.6496730917467595,0.95,-27.175550540571336,34,Acid-Inverted Sugar Syrup
20.156754653522867,79.5002296726357,52.73415123612151,10.633206369653895,0.3341769530401232,-26.010187693330383,32,Industrial Rice Syrup Adulteration
17.73769162851503,82.03283391642918,24.500819736709033,13.205838577442826,0.24935298033984826,-26.347760393128205,93,100% Pure Floral Nectar
18.85352379731664,75.00447713129329,65.78859809145314,0.5443985714798374,0.32691629386632026,-26.92902725347773,23,Acid-Inverted Sugar Syrup
18.597214153803513,79.5,2.0,21.947807713507935,0.38519635182405687,-25.789604574201196,94,100% Pure Floral Nectar
18.517834813074476,80.18734128731487,38.0,19.369702900454985,0.5171173084717561,-26.43129612973171,96,100% Pure Floral Nectar
20.755482802111295,80.5,29.656729793057465,9.084228395925479,0.17338514838818048,-24.877762038177828,31,Industrial Rice Syrup Adulteration
18.174688910738784,81.11019908867983,38.0,12.787606190348848,0.35744942317726447,-25.73762942986928,92,100% Pure Floral Nectar
15.80226038513639,81.63923884708527,2.2230062704091966,13.772157785454665,0.6289660386344047,-27.077634856884785,93,100% Pure Floral Nectar
21.868766656363075,78.5892932988261,23.944410477922993,9.49188217634073,0.5552395492121206,-13.326218404105456,35,C4 Cane/Corn Syrup Adulteration
17.130573252195738,77.8807676679532,31.955973926862608,10.304793827935532,0.291647800546053,-24.22164201386509,46,Industrial Rice Syrup Adulteration
20.130651413743568,73.65342357869066,28.64007268632464,7.196207845699908,0.28105673160518135,-25.883412990842945,28,Industrial Rice Syrup Adulteration
18.812875325131184,76.30536080108917,42.607424252369405,9.97317546095823,0.39749176116312435,-23.28362769155761,41,Industrial Rice Syrup Adulteration
20.59916319711453,70.7502249938427,26.319349625686925,14.0,0.15338722624205242,-23.460366257798842,43,Industrial Rice Syrup Adulteration
15.653192089712471,82.77973154240402,8.439771497453211,18.939140433615524,0.511974715181965,-26.541710221928334,93,100% Pure Floral Nectar
17.975006279078492,78.4041068360529,27.546707660694093,10.088925078634592,0.32213962967751647,-13.605782436362494,53,C4 Cane/Corn Syrup Adulteration
20.99911030292492,77.55669995988549,90.82527081431418,2.602834865793368,0.37959241031504865,-24.343792233145507,43,Acid-Inverted Sugar Syrup
21.845264461380708,77.22645722196754,33.7765204943531,2.0,0.31247091723357584,-23.527280270533627,53,Industrial Rice Syrup Adulteration
14.830549518399252,82.7543058201308,11.902442281776947,20.93542738655662,0.41126130808915895,-25.533994317164897,91,100% Pure Floral Nectar
16.72023736828751,79.97116910068203,4.9056778421596,19.44128654147,0.6281715351748293,-27.192053710946514,97,100% Pure Floral Nectar
15.02174609531492,81.70797159519125,2.0,18.046021013531174,0.4786787436792054,-25.946139055603144,93,100% Pure Floral Nectar
23.820494227553056,73.29423579106961,39.20002280675193,9.754820105766361,0.21719725786299832,-24.95422098879804,16,Industrial Rice Syrup Adulteration
14.950975151639398,81.22190310085233,23.82487303588993,14.60208546703619,0.18,-25.501382396409014,95,100% Pure Floral Nectar
17.8003431004628,81.49878186386191,32.59156037453563,19.797660746261293,0.4984671132325229,-26.218364823839465,92,100% Pure Floral Nectar
19.9322511377356,76.11697486675826,25.237109654390707,5.1887706713343436,0.27449149667963035,-25.15712853233831,46,Industrial Rice Syrup Adulteration
17.41289987282617,75.16713658000049,68.38624713609389,0.5,0.7055975210934968,-27.5,19,Acid-Inverted Sugar Syrup
17.659413288520263,76.90226605675,59.10743470547673,7.087708851187396,0.3759127560125426,-27.0,15,Industrial Rice Syrup Adulteration
16.907367439799565,83.14896853171719,26.120905768258073,18.48557891248108,0.47509935791742697,-25.05254164076906,86,100% Pure Floral Nectar
18.064941232332902,78.7685531698443,23.92448844623815,12.246572253878298,0.4263512567174797,-15.665550111957385,57,C4 Cane/Corn Syrup Adulteration
19.29906447425498,73.06129107870272,40.77527826900367,6.63553413237038,0.21359386406291192,-24.503329435916843,47,Industrial Rice Syrup Adulteration
19.719718224084648,78.14449667685369,35.90136244902059,5.4383409923759976,0.36592109162768005,-26.642164902109272,44,Industrial Rice Syrup Adulteration
20.783084720314278,74.47853376672104,51.17947359879645,9.317145604221274,0.23723325858756378,-23.67971910967329,39,Industrial Rice Syrup Adulteration
18.80925278738711,74.16859771160648,92.91565568097894,6.95124958205367,0.7246556955125406,-25.16080356344973,36,Acid-Inverted Sugar Syrup
20.376782668119173,79.68752200527071,38.59009650268232,5.264653654983218,0.3479268471984307,-13.542047065667076,49,C4 Cane/Corn Syrup Adulteration
17.484664301580587,79.28839531762037,31.31899919271284,17.58641228832421,0.3402649005709404,-17.187757486670037,53,C4 Cane/Corn Syrup Adulteration
17.887096399977622,78.73081535166975,21.601616498237533,10.874723437642038,0.4707776491775595,-14.960474700442319,38,C4 Cane/Corn Syrup Adulteration
16.179254044665072,74.96637369317533,19.523292130383325,8.640627782329624,0.3362941184586297,-11.261388201067273,37,C4 Cane/Corn Syrup Adulteration
17.59289096628619,79.642916727316,22.69621968492303,19.9875341720957,0.3160115334689404,-25.647083564261166,100,100% Pure Floral Nectar
21.364650123270398,72.63568567636133,80.66080021886482,0.5,0.7752392347748671,-22.37813399947289,11,Acid-Inverted Sugar Syrup
14.731743782492172,83.71559507783236,13.281624048412933,17.621535721482182,0.34293210258672124,-26.992174122840474,92,100% Pure Floral Nectar
22.04670847030926,78.02971870138538,76.17484229345341,0.626289108566501,0.7998278458107053,-23.687609818717842,32,Acid-Inverted Sugar Syrup
16.517440160122515,72.32971376025156,37.39598608582149,9.244467047731312,0.3418442644836783,-25.473728128106632,34,Industrial Rice Syrup Adulteration
16.42688773800664,80.64161546921183,6.888959250442087,10.821798589548294,0.3471643864952837,-26.184310164424446,95,100% Pure Floral Nectar
15.335649777113586,73.21983733794657,28.572265456327557,5.061644674329278,0.3555920660923218,-14.61295669060223,37,C4 Cane/Corn Syrup Adulteration
17.307550647484355,79.5,2.0,19.641986796694635,0.447655185675316,-26.329437290678158,95,100% Pure Floral Nectar
17.120276126790504,81.6298607959499,28.008600400452522,14.96443781503688,0.6069953948126937,-26.38974086309091,93,100% Pure Floral Nectar
17.883021198819502,83.28107553520435,11.776722029486578,11.022901366281594,0.3409128371382551,-26.371699742116572,98,100% Pure Floral Nectar
17.84845871337462,83.18371910158561,3.851926661651108,20.98120000260107,0.3737329224045018,-24.908927013575326,95,100% Pure Floral Nectar
20.827250191805142,72.5111329791857,86.57270301603069,1.98803739522369,0.6503964203790471,-25.465659850806905,29,Acid-Inverted Sugar Syrup
19.04396109427581,84.17113722949846,2.0,17.432894990818387,0.5166287829485288,-26.16520507566374,94,100% Pure Floral Nectar
17.43584536677746,81.2955253515422,19.974377208573188,21.67182547812514,0.39845641992288955,-25.82309334558105,93,100% Pure Floral Nectar
17.91995665842497,82.84942742046013,27.0576853743804,14.611200550024407,0.4728908105326517,-26.468016974460753,92,100% Pure Floral Nectar
22.19681401334046,71.51113039110204,87.08643128076044,0.7008068714938211,0.6460939374232989,-24.09682901290741,44,Acid-Inverted Sugar Syrup
18.4869858078251,79.0,75.92485364328137,5.243590976936115,0.28228381463019525,-27.5,46,Acid-Inverted Sugar Syrup
18.653356291377758,76.1867274349659,65.73442007884665,1.881781580356313,0.6707037257791237,-22.848607010808895,28,Acid-Inverted Sugar Syrup
20.584725169288824,80.5,29.351996706839063,8.367003693819274,0.13704338684583428,-23.958644242205132,36,Industrial Rice Syrup Adulteration
19.787826020592313,74.16910592268657,16.754029792876896,15.627198741965916,0.3663776871192855,-11.0,44,C4 Cane/Corn Syrup Adulteration
22.64651341336578,80.15760226821611,35.49765016465348,8.421202081020214,0.22631068124292858,-15.085000312312856,33,C4 Cane/Corn Syrup Adulteration
24.083206530829948,74.78754538881806,42.47953951002472,0.5,0.43511259690700593,-23.264187507116596,39,Acid-Inverted Sugar Syrup
23.10428543383702,76.22949826458981,45.76604772856462,4.921509358749657,0.6818022475564444,-24.37822373258262,33,Acid-Inverted Sugar Syrup
21.886185954783304,73.70973389594072,87.09162472668702,2.8353396071888333,0.5115916977194608,-27.5,25,Acid-Inverted Sugar Syrup
18.385840193608203,80.85290683093463,28.576406801493246,7.997196472130973,0.36287713183531106,-16.703812563683087,49,C4 Cane/Corn Syrup Adulteration
19.678046159283845,76.68824536225729,53.09348838657819,18.0,0.19324496283089604,-15.368718993949082,47,C4 Cane/Corn Syrup Adulteration
18.42646550954171,84.47750701699677,16.070782330738403,17.333373869901806,0.437194400625843,-27.650997011309116,95,100% Pure Floral Nectar
21.037630590344794,80.5,38.96985719623779,10.744689296611071,0.42648055843817056,-24.74131184086953,40,Industrial Rice Syrup Adulteration
18.02275030317924,80.33940351682749,29.08996024875674,11.31262163501547,0.37408632477081805,-25.252392206987473,30,Industrial Rice Syrup Adulteration
16.3533574696465,79.76647724625235,28.418829809048233,23.456826534358793,0.43776688966689775,-26.173312513570785,91,100% Pure Floral Nectar
17.619009612569087,81.15302081169597,7.768176531095849,17.04498699658961,0.6829965906065985,-26.29796895247064,93,100% Pure Floral Nectar
17.0,75.49068450804421,70.5909558762982,4.320392470669342,0.5333108654407375,-24.40288499640678,28,Acid-Inverted Sugar Syrup
16.280348009440047,83.30846162262412,10.3595355628645,15.353414394957184,0.4943219154521638,-26.096111112921317,92,100% Pure Floral Nectar
17.81666463314456,81.00659492478376,38.0,13.446949758149223,0.39203073695390134,-26.48274591189966,90,100% Pure Floral Nectar
16.74824822562101,82.66545362969758,2.0,15.352031244106499,0.4015429466542757,-25.485603666990258,90,100% Pure Floral Nectar
15.761254802703657,82.64956105914254,2.5128082293772835,18.02956159699422,0.4245693623275751,-26.259266635002813,95,100% Pure Floral Nectar
18.706409994038037,79.5,3.171858635221254,9.0,0.31147193972029563,-26.73508453225743,86,100% Pure Floral Nectar
18.759695660933723,81.0,35.67900369027912,5.744764459943222,0.3282174185168263,-12.654752912881204,41,C4 Cane/Corn Syrup Adulteration
18.107592607381402,82.62250008387964,16.875036206806985,21.571123306683784,0.2799348617262769,-26.997252682699315,93,100% Pure Floral Nectar
18.5763026483992,72.39034554782295,71.03846857863338,6.0721265716982025,0.4219462790530357,-24.018758952170312,45,Acid-Inverted Sugar Syrup
15.490818890040568,82.51499600128432,3.6570160826143105,20.926965353742908,0.33403268475591047,-27.307838829290386,93,100% Pure Floral Nectar
21.230193958765412,74.06778501593557,29.460584527784732,14.0,0.378358854544536,-24.047788271062615,39,Industrial Rice Syrup Adulteration
18.736013796455172,84.4797754766625,3.4731261254132373,24.54084581595778,0.29384051783720655,-26.4995999847116,100,100% Pure Floral Nectar
15.373742699293205,82.91264395928047,38.0,17.048163384671753,0.3228317439132226,-26.897484394726906,97,100% Pure Floral Nectar
22.279366071345102,76.35636119168744,79.63943983332105,4.445856187628814,0.645371954560974,-26.21029708939997,25,Acid-Inverted Sugar Syrup
19.12325764744946,81.0,19.88462701373132,4.0,0.3298086399718925,-13.820673614244622,42,C4 Cane/Corn Syrup Adulteration
17.772113936072937,81.36024751892833,2.0,13.807745214189454,0.50906519549118,-26.401100265161233,89,100% Pure Floral Nectar
21.665238087468104,79.04223091173863,17.54656535484167,12.84771825893603,0.40346365326374684,-17.0103933215639,59,C4 Cane/Corn Syrup Adulteration
16.93167451561336,76.3892310905403,23.69635859980722,12.90760495077743,0.34480368219901253,-13.85108124892984,45,C4 Cane/Corn Syrup Adulteration
19.27776243995035,83.65574394622135,37.78858649587406,11.907767623777511,0.4295043514427572,-25.41993013172053,95,100% Pure Floral Nectar
20.78698162892243,72.4466813873586,40.774129847324794,6.463877669353686,0.21114049562811538,-25.22856275453183,49,Industrial Rice Syrup Adulteration
23.032758522701112,76.99961850944456,71.56321676058525,3.198191446811561,0.5631475337073789,-27.148443546898655,48,Acid-Inverted Sugar Syrup
20.097136253496867,79.61313764064496,30.00435702658691,12.70482224652898,0.3165648173686049,-16.46243543521078,58,C4 Cane/Corn Syrup Adulteration
19.032892151237284,78.30953548207941,24.225243030755962,7.71143618171146,0.3917588381642789,-12.513000907406536,29,C4 Cane/Corn Syrup Adulteration
15.837301117249572,80.55437213841093,26.77246106147589,9.58176472044904,0.3764948601196872,-13.223997243357882,42,C4 Cane/Corn Syrup Adulteration
14.629312477655384,81.06778680105981,2.0,17.232875003970726,0.6011088023793001,-26.046976689104806,91,100% Pure Floral Nectar
20.256634631631343,80.5,12.0,6.5624074800716725,0.2833128231313984,-23.99174700522942,62,Industrial Rice Syrup Adulteration
16.901173987603414,81.58080721689207,21.375100258782325,18.653088163892356,0.21944012788382733,-28.2,95,100% Pure Floral Nectar
17.633289117658723,75.82288666385233,37.109111597497076,10.170444520478705,0.3512943980145232,-19.183104062233042,46,C4 Cane/Corn Syrup Adulteration
19.368628212093263,82.96630591131272,13.975595952973581,16.783806202020166,0.4845580406581129,-27.05865516685002,96,100% Pure Floral Nectar
16.85828733685612,79.5,22.420547921196622,13.930931281884284,0.33288982968074654,-26.610309966179283,98,100% Pure Floral Nectar
17.466889827771034,85.0,3.72246074697162,20.72086205517564,0.6882512921708352,-25.44815967467018,90,100% Pure Floral Nectar
18.550061822548834,78.72720620353259,29.153240350613963,6.955250249864923,0.13024040918854812,-24.40293106341472,51,Industrial Rice Syrup Adulteration
17.166126151052715,80.87772867786424,3.004651650640546,17.296807041583055,0.4718544292780523,-27.321598855021048,97,100% Pure Floral Nectar
22.3956850978839,68.75684463334416,90.97321232739407,3.356914649589732,0.6958991956734497,-22.328453927353607,50,Acid-Inverted Sugar Syrup
18.41981621644014,83.32208999087916,3.696629957762716,18.316543697730676,0.40162995203884133,-26.541533234771332,100,100% Pure Floral Nectar
24.0,70.0,31.569284487849952,3.4328469952966687,0.34635900718853935,-24.726780768381715,53,Industrial Rice Syrup Adulteration
18.92579241622764,79.10157337728394,31.912132432620623,8.656294470349666,0.24796436590855142,-25.54627456995063,57,Industrial Rice Syrup Adulteration
18.46013687668551,77.88302687083515,30.746842787090422,7.344802135445207,0.3512255430631541,-19.11105606223737,61,C4 Cane/Corn Syrup Adulteration
19.231601050913056,84.12148407724673,2.6828210151336176,22.11686065917804,0.27293583333421173,-27.25174994875699,93,100% Pure Floral Nectar
16.88666442625965,78.90378463810745,40.62272247690808,3.975941289635663,0.1,-27.0,36,Industrial Rice Syrup Adulteration
17.518443908445782,83.15483324034639,4.3254478889420644,20.48317507716605,0.5519356525674783,-26.27955875434362,95,100% Pure Floral Nectar
24.867592250484194,79.0,80.64072269444384,3.236584082495858,0.9143230315108521,-22.73027716168862,31,Acid-Inverted Sugar Syrup
17.147311416605213,83.42021985543052,2.76917692665283,16.091961250041827,0.5710663446891386,-26.55701477956055,94,100% Pure Floral Nectar
18.034089973102933,77.25598761735516,24.34665928076219,9.325679183648298,0.42344816559779375,-13.186366857128068,27,C4 Cane/Corn Syrup Adulteration
18.06392319772247,75.79098559037959,60.60478690750783,7.47929192863795,0.4036734120549223,-23.53816640766705,23,Acid-Inverted Sugar Syrup
17.903496028582385,71.8757700840089,35.83239095799,5.55768135129907,0.2878444391935711,-25.65743645867107,47,Industrial Rice Syrup Adulteration
15.705331398864367,82.8913111841002,13.563974332425417,13.50541903171457,0.48948738872336045,-25.787040545740233,88,100% Pure Floral Nectar
19.251908276490177,83.72041879958212,27.773174570616277,22.69449386652276,0.5221179214208118,-26.993856575496164,95,100% Pure Floral Nectar
18.177512639059024,79.61302661875068,38.0,10.777836859743642,0.4553796827051633,-27.343899258946685,89,100% Pure Floral Nectar
19.353104685777573,80.96227841854946,3.6166891911626706,15.33164857994246,0.35510839740273337,-26.02445859101507,95,100% Pure Floral Nectar
17.806143755504973,79.5,2.0,17.80567063367722,0.5900200898566563,-26.99152695820139,87,100% Pure Floral Nectar
14.615336992866668,80.68093673580273,6.0797722107230285,15.948871972191995,0.6219466066737398,-25.6385912740628,92,100% Pure Floral Nectar
23.01625764149312,77.71951303798124,33.9413649667869,8.137379593436867,0.1610620090081615,-25.13810759864641,42,Industrial Rice Syrup Adulteration
17.038092404656464,80.8615499686977,2.0,14.117047265865276,0.38224782630695414,-26.99775024019995,85,100% Pure Floral Nectar
14.814579778442592,81.42168186122262,7.304485365592809,9.231164857278248,0.43653100862088445,-25.58715201831187,94,100% Pure Floral Nectar
16.035603067373792,79.44875199242226,38.36156941520615,8.744516806146748,0.36468632094564146,-11.737627459950023,65,C4 Cane/Corn Syrup Adulteration
19.593048832107026,76.90299989407157,33.50215331037365,12.897471142593547,0.43479975339628496,-19.676419690937742,44,C4 Cane/Corn Syrup Adulteration
16.909126832535403,78.8370480458675,39.207846797544406,8.520921150532748,0.2879824376485244,-14.97921890257311,51,C4 Cane/Corn Syrup Adulteration
16.54797834500164,83.9212746360675,6.915759818929519,12.972589813107216,0.5371004269948582,-25.036870059167,89,100% Pure Floral Nectar
17.062324522487348,82.29116971629797,7.658370798071404,14.338267494249997,0.3880143234863103,-26.951430780334306,89,100% Pure Floral Nectar
17.159032060841028,79.66462302894362,21.034687627775856,19.581472335939647,0.2870190364218304,-26.33152145570341,93,100% Pure Floral Nectar
18.555458524746005,82.6531317086389,2.201617085054559,13.480295100245945,0.4549096081910798,-26.638504540072457,87,100% Pure Floral Nectar
18.153903314620127,79.5,23.008979213648242,16.535820170142337,0.49348939834984495,-25.62089951060292,97,100% Pure Floral Nectar
16.44174064384339,77.39185761737849,21.13530360523537,13.929113419305494,0.3480739243926635,-12.875269581199086,51,C4 Cane/Corn Syrup Adulteration
17.25320486943548,80.55014979499022,4.09625458182077,15.671578601739728,0.5802568677420785,-25.80931985786006,88,100% Pure Floral Nectar
22.332908642032706,79.51409980681774,34.92299976477251,9.87710024674823,0.49027643105807,-11.314032588090146,48,C4 Cane/Corn Syrup Adulteration
19.8,81.16962131001101,11.286033936550186,21.90520723008612,0.6429420181548797,-27.494750485430455,88,100% Pure Floral Nectar
19.060813542185404,84.82470509624925,3.849285466457304,20.583213202873736,0.18,-27.451285847240886,96,100% Pure Floral Nectar
17.7361845786373,81.23875487103751,10.702585398539066,18.857903416576818,0.3812941547728054,-25.937818905305413,92,100% Pure Floral Nectar
15.0,74.2644758859947,28.160010577207395,8.285978478704315,0.42059574073074546,-13.969929284951291,34,C4 Cane/Corn Syrup Adulteration
19.08654275088686,81.0,38.73967911525368,12.874926923421134,0.39683579229637295,-19.607101445521053,49,C4 Cane/Corn Syrup Adulteration
21.826759464036765,71.83159445857817,37.75827104507302,9.282089483321506,0.1612538851291393,-24.03784579861819,45,Industrial Rice Syrup Adulteration
17.86163647537826,81.60470858860596,7.567889277429185,20.38345998922801,0.30976602497723604,-27.394211246049483,91,100% Pure Floral Nectar
18.128033776134377,79.62890308848068,36.723150338747814,17.097916957157697,0.3947570875467706,-27.093602527811697,99,100% Pure Floral Nectar
15.926443216225433,80.23190031705501,3.369105430119799,20.823859548683615,0.39832159415451346,-26.287818499350834,92,100% Pure Floral Nectar
17.646474342322865,77.07469131676527,38.36406065693967,4.36569436861607,0.24554002106215816,-15.236287290659483,55,C4 Cane/Corn Syrup Adulteration
18.051055113603155,81.66010347395651,9.251149751253301,13.295466417117181,0.4987339442232325,-25.928099196416007,92,100% Pure Floral Nectar
21.450206139608294,79.0,93.49056286775136,6.095800177498795,0.3231524188186312,-24.59756293245998,39,Acid-Inverted Sugar Syrup
18.682663782313725,77.02879144551149,50.777885630885265,4.345275780685068,0.381986684582721,-23.816794363525318,31,Industrial Rice Syrup Adulteration
23.209441605237174,73.65160396320536,62.00884527402764,2.510230740829521,0.5460098533941489,-25.740462672648064,35,Acid-Inverted Sugar Syrup
20.910568184073558,74.96467743451129,34.31745274411969,11.398664411035853,0.292471250270527,-24.017224868073033,44,Industrial Rice Syrup Adulteration
16.952516171637903,82.91613915254271,18.647003418011387,14.455812927934067,0.18,-26.10255627832442,92,100% Pure Floral Nectar
19.8,82.37000446192972,31.56210846701473,21.947775075319598,0.3909254282185934,-27.270571179932187,98,100% Pure Floral Nectar
21.334397828976734,72.93989821133398,77.00863579392535,3.222076328900471,0.25,-26.260228177942793,28,Acid-Inverted Sugar Syrup
19.17308641625981,82.23087160412918,2.0,17.988452460839795,0.36888904808189205,-25.91329509133493,95,100% Pure Floral Nectar
15.893424857297525,81.85185122134422,9.697918833225987,11.768427811351675,0.6648415918687787,-26.378801454412923,95,100% Pure Floral Nectar
21.52425228475331,81.0,18.442979174430487,15.881585724394096,0.45213632348996713,-19.806404035010672,60,C4 Cane/Corn Syrup Adulteration
22.151404885013374,74.1984577458371,60.44956894157406,2.7910446888778364,0.5609768071757227,-24.255490693376768,35,Acid-Inverted Sugar Syrup
16.32760326300533,80.96054014869311,37.707053261031064,21.08483574912635,0.3755075284007388,-27.01899322545229,90,100% Pure Floral Nectar
19.159097611220403,80.4184102320561,12.268181718218107,15.272312177827306,0.38971758216109315,-25.130964945538874,94,100% Pure Floral Nectar
18.152812731008435,74.190462289279,39.9891600447091,6.487455391260552,0.4201457424819368,-23.1436165105043,25,Industrial Rice Syrup Adulteration
20.68363929855586,75.49122913812533,14.475367467066935,6.367442028939534,0.3766534974152267,-22.904337463895594,43,Industrial Rice Syrup Adulteration
17.793038691830844,79.84748689608963,29.56518610039709,16.919588578395253,0.30961221954646156,-26.72374940723998,92,100% Pure Floral Nectar
16.493315110280495,84.46456306819765,4.9166659727667295,14.443063439143488,0.5683445973911515,-25.52102573198123,86,100% Pure Floral Nectar
17.4285707340009,76.51030408911923,34.70196980444121,16.85212551284739,0.18904978761082708,-14.516057595401703,55,C4 Cane/Corn Syrup Adulteration
18.85031255165526,77.1636370013681,39.1227534157773,3.632520833596173,0.3134485230557529,-23.994875673427735,35,Industrial Rice Syrup Adulteration
18.50804787573498,79.5,4.675403008268127,15.242107530009294,0.5240588266920223,-26.859603874342845,100,100% Pure Floral Nectar
21.130291839779666,73.15757186793897,127.04539261440412,3.550933598218637,0.5416312569933872,-25.148828019483958,50,Acid-Inverted Sugar Syrup
20.79640956931298,77.60863355089766,32.714267463660775,16.078575546633694,0.4535276566180256,-21.0,50,C4 Cane/Corn Syrup Adulteration
17.52926586711941,78.12415611177082,46.248547613625306,2.0,0.1,-24.1873433409276,38,Industrial Rice Syrup Adulteration
18.662519712821886,74.70067689245546,43.4469887183947,12.347065169473886,0.15493003752803897,-24.178778967334363,45,Industrial Rice Syrup Adulteration
18.046801671970805,80.66090617395507,30.36183792884346,11.029303336774566,0.4178377199644627,-19.362454037133553,61,C4 Cane/Corn Syrup Adulteration
18.87570232728765,74.42065371951115,17.3420269724611,4.129377667435405,0.1903134353653292,-24.41450866966515,47,Industrial Rice Syrup Adulteration
15.228154185091016,80.46092687392596,3.787623478325213,19.25435161924616,0.5979399439663088,-26.736251770743948,93,100% Pure Floral Nectar
19.997687974526265,77.97405568249064,46.05344969426681,3.6436611079357917,0.29856976390467366,-24.596061776362646,32,Industrial Rice Syrup Adulteration
21.699408402096207,80.0181984398429,32.0311029710352,10.77100634938571,0.4187041091888638,-11.0,42,C4 Cane/Corn Syrup Adulteration
18.668043521866185,76.96889654019685,24.593841017797118,5.434823576459941,0.2942929806377681,-14.605254441547753,63,C4 Cane/Corn Syrup Adulteration
18.335955176288227,81.471545568806,2.0,24.07767021479087,0.40045053679485176,-25.446923258006322,97,100% Pure Floral Nectar
16.998277421989737,83.24085292373054,12.37880708826586,15.63400827668983,0.4237019391308327,-26.010899078477813,90,100% Pure Floral Nectar
22.27558236529057,71.09049331810871,54.26693469230537,2.9671908732426804,0.7334784230829394,-23.860855884850295,28,Acid-Inverted Sugar Syrup
22.942682281463306,71.27523104764501,69.70315816012582,3.380090207298762,0.7119867355718483,-26.978828360690276,33,Acid-Inverted Sugar Syrup
21.173634334484994,77.55225314025776,64.20767146312257,6.802802567904321,0.6702587502545063,-24.53680853658244,30,Acid-Inverted Sugar Syrup
19.30475762247401,82.68503865020674,16.179340057186714,12.672659047397483,0.18,-26.76169637660092,96,100% Pure Floral Nectar
20.86636418082545,78.01777757540275,49.41907460031439,3.436611539003875,0.4787315258531828,-25.92341219663584,40,Acid-Inverted Sugar Syrup
19.2867648823023,77.48487376202348,95.49569944659851,1.7748135776260008,0.6221235216845181,-24.682227136451306,22,Acid-Inverted Sugar Syrup
18.59726690210209,75.81824738188672,74.339464363587,0.995176934212127,0.6852827602311719,-26.002186130746587,37,Acid-Inverted Sugar Syrup
20.16780661170913,80.5,14.234056800042694,10.625678585171798,0.339763114139491,-24.66476213612656,51,Industrial Rice Syrup Adulteration
17.919256311968134,81.0,36.384669316575085,9.518095404073215,0.24728355403120714,-19.154850662091285,56,C4 Cane/Corn Syrup Adulteration
17.625346033846824,81.52823622771562,12.79825904762162,11.637338176272877,0.6025021478476535,-27.90299246997622,98,100% Pure Floral Nectar
18.33679615130588,75.45926102578437,41.11305702343627,17.7272073305606,0.5119322076323305,-15.622349159737057,29,C4 Cane/Corn Syrup Adulteration
17.513479787690525,79.5,6.430595568828332,18.286051912737314,0.28766683514156166,-25.052613146544093,96,100% Pure Floral Nectar
17.847007042250954,75.87101996190681,44.37264389275686,7.06672690248654,0.257486953766044,-23.088640616486,42,Industrial Rice Syrup Adulteration
15.766138445939113,82.3573467827938,6.449856373965654,18.568947504204356,0.4362621603350154,-26.74471087868855,87,100% Pure Floral Nectar
17.22983630814072,82.9826887915225,9.183479500056531,18.404142035373333,0.3221054729797713,-28.2,99,100% Pure Floral Nectar
19.63034932443135,81.6734922530167,8.379065026389792,16.491495157398113,0.41072577150404455,-26.180813607964904,94,100% Pure Floral Nectar
17.339511911122695,81.91628883892695,29.52722247088677,12.74741274277742,0.5715092888356981,-25.812542398731846,92,100% Pure Floral Nectar
18.875200102330286,80.84539350622123,3.8586590857596805,11.645740905387697,0.2090655091269513,-28.2,98,100% Pure Floral Nectar
23.10716778642841,73.45388599453722,54.75932158898647,4.0922164629168005,0.6564422828092935,-25.136652844114156,38,Acid-Inverted Sugar Syrup
17.910183643550216,82.73211411009409,4.559408616731452,12.335690918964875,0.5611612867405745,-25.652500325893918,95,100% Pure Floral Nectar
15.902622367613764,82.02319647383594,3.920629849544965,23.361541736841808,0.34987082703741135,-26.433947103084176,93,100% Pure Floral Nectar
20.771433835941995,69.98526286337473,81.06462660377346,3.697666953027563,0.462556461801849,-25.855381986089203,22,Acid-Inverted Sugar Syrup
18.845314250270455,74.9718672298287,99.20838261446697,8.0,0.3190569810681495,-27.5,44,Acid-Inverted Sugar Syrup
18.78881186604623,68.0,88.69607442749219,3.756234440537956,0.7613460308264625,-25.36141932811725,44,Acid-Inverted Sugar Syrup
17.54190005292568,76.44364592612094,34.768095507366134,7.909566897579572,0.219754391600795,-16.769294058863785,26,C4 Cane/Corn Syrup Adulteration
15.236352619480428,80.42903701579552,10.587958452049486,18.03913446625171,0.5110815564698626,-26.189299136257066,97,100% Pure Floral Nectar
18.993773803064535,78.23468018043994,42.83544720413313,7.407873981436145,0.3653005373178665,-11.840182116467085,36,C4 Cane/Corn Syrup Adulteration
19.364017852800334,74.03426167074632,51.93052685216608,5.750560077665982,0.33684082837858387,-24.9331826411253,30,Industrial Rice Syrup Adulteration
24.16222238015473,78.71292472352933,43.373033339775034,6.696578109893801,0.5051646979743697,-27.5,36,Acid-Inverted Sugar Syrup
19.479755272379954,81.67483094550637,12.847215251140803,22.293626666634474,0.4638217248363175,-26.489150367684775,93,100% Pure Floral Nectar
19.19131780637791,83.2566695994969,13.66639303146476,22.02724615137348,0.3820075868516311,-26.010808796416903,93,100% Pure Floral Nectar
17.780811700506675,82.34137190709754,8.83244044758358,18.48367841342091,0.6382892628234966,-26.641596061333612,94,100% Pure Floral Nectar
17.846944863968577,83.96870848176879,26.251554245983556,13.57238576327606,0.4162234355755579,-26.242380347441145,93,100% Pure Floral Nectar
19.403581468606045,83.33072509821704,3.695187462864479,15.005265725673084,0.5027928332275304,-25.87266817975525,88,100% Pure Floral Nectar
19.8,81.81368972931895,10.531326270423596,14.784507516765252,0.3244064916446425,-25.105742967006698,95,100% Pure Floral Nectar
18.66937380144707,81.01876185207753,38.0,13.424482597779456,0.31863872840481,-27.587421364581353,97,100% Pure Floral Nectar
19.57693877450899,76.85326829632969,21.786303273124712,8.71045125830942,0.1916510598886883,-13.908572908620954,26,C4 Cane/Corn Syrup Adulteration
17.977717704879147,83.90481326550416,2.0,13.927357528196694,0.4224032807764836,-26.107627429543626,97,100% Pure Floral Nectar
17.961040216432206,83.33917950251494,14.732268666784822,19.801433685561086,0.3815250628431826,-26.281435771040105,94,100% Pure Floral Nectar
17.362368752094746,68.95091512622227,78.04177959674982,5.443714954951024,0.4165597763646076,-25.480068703614837,36,Acid-Inverted Sugar Syrup
18.126982944329466,81.84805036666253,6.13301334439692,15.661849426984206,0.41221542707359665,-27.045202485537338,94,100% Pure Floral Nectar
17.14608814269901,82.27943630053976,6.38782588496153,21.652060289839703,0.19602622166838296,-25.687542821674825,94,100% Pure Floral Nectar
15.708840871694477,79.99600624167513,2.056587207490927,20.253368360513477,0.5025060863510993,-25.922837544021792,92,100% Pure Floral Nectar
17.14377886909792,85.0,13.583963434594908,18.436151542932805,0.18,-27.847472863534108,93,100% Pure Floral Nectar
15.859988719146939,80.80836459479379,20.302156311802754,12.922750352670793,0.5040266293538747,-25.166948674555595,97,100% Pure Floral Nectar
18.100597984244946,79.32630394925873,47.208257501648646,8.242898319383386,0.23190711542618514,-22.803334313109836,59,Industrial Rice Syrup Adulteration
17.337176414859254,79.55988684290718,2.0,11.659418164490024,0.35582732927306354,-26.470415173764742,95,100% Pure Floral Nectar
22.338185615758952,71.28474654327864,69.13101954699655,2.586374809677195,0.6520190762592827,-25.320272357145363,13,Acid-Inverted Sugar Syrup
18.898336779970855,79.5,2.0,10.035666197784481,0.24598041995559577,-26.26134496807788,96,100% Pure Floral Nectar
17.513437633990783,83.2314355001182,2.0,22.83332038506459,0.506476707762872,-26.393130381722514,98,100% Pure Floral Nectar
17.90507032840126,80.5,35.44862628850523,12.320536970429334,0.190525079697823,-24.601017268803254,18,Industrial Rice Syrup Adulteration
17.298073028358452,81.80259045017111,2.0,16.207911453386085,0.35437938537662605,-26.81330853914229,100,100% Pure Floral Nectar
17.843961000114763,82.62381375372219,2.0,19.43951928358589,0.47063625857201485,-26.45749566448783,98,100% Pure Floral Nectar
19.22712819470798,74.53252216577167,23.52591949583948,3.45844165533107,0.25099694743776385,-22.5051809388896,45,Industrial Rice Syrup Adulteration
16.065646588179867,83.13058685788864,2.0,9.727962688457652,0.5198510422048734,-26.6758633352864,96,100% Pure Floral Nectar
16.786438025805356,85.0,12.037993929977862,18.795570220151156,0.5415531461603738,-24.667280339344728,94,100% Pure Floral Nectar
18.18611038944564,79.82652724026534,18.620707137330058,8.273370195781702,0.4281850357582999,-13.434724888854433,68,C4 Cane/Corn Syrup Adulteration
18.15699705248067,82.06811216928158,10.643295433739242,22.177739209613936,0.42065494131375764,-27.00298891043044,100,100% Pure Floral Nectar
18.435266287252773,81.51952875215358,12.139510232290544,17.97685953492658,0.19924345529252363,-25.38115119554474,97,100% Pure Floral Nectar
18.022069525006444,72.69165313877821,76.79480348741644,2.5684574268444234,0.6794481182973485,-27.5,33,Acid-Inverted Sugar Syrup
20.262722973212245,79.94566384123024,29.784242060681073,4.7285128922182755,0.31143274028781304,-18.093893035640274,46,C4 Cane/Corn Syrup Adulteration
18.057743544171757,74.19829222746004,32.22630665979734,9.297888690713084,0.47135975623022486,-16.28296327568702,58,C4 Cane/Corn Syrup Adulteration
17.187233404698116,82.97112880401575,7.914098889452507,10.415511444516024,0.3993128760228922,-27.763864954712503,92,100% Pure Floral Nectar
14.10441056738896,82.25912936688273,38.0,23.498899315669107,0.5148806782428874,-26.321075743346274,91,100% Pure Floral Nectar
15.7588798885451,81.72598205237385,16.617581869087523,14.846800119103733,0.48745107144991406,-26.69169383851374,97,100% Pure Floral Nectar
17.386957266695195,85.0,4.4696982305049255,18.407220888062554,0.5636986248045809,-27.031690304520886,93,100% Pure Floral Nectar
21.050691130679144,73.41016582883816,43.462932468295946,9.683557907305106,0.24748834450349472,-23.45902969809906,44,Industrial Rice Syrup Adulteration
17.121904991592384,79.86854428514809,32.56442491318492,12.12726764233524,0.39209057891221866,-24.83479482144961,41,Industrial Rice Syrup Adulteration
18.191625386081487,82.70683476189468,17.76714687512928,16.965465516422928,0.5390224440609429,-25.693493530954132,94,100% Pure Floral Nectar
17.75709786992553,82.17057195866894,18.575928454332967,15.694819781446679,0.36036442404953983,-27.53378290586164,91,100% Pure Floral Nectar
17.383036808200526,82.83438326036124,5.873663182948301,12.0625218195803,0.4415634457327448,-26.435976449034765,95,100% Pure Floral Nectar
18.73186812585933,80.78759195218393,18.883256266943818,16.886194203427014,0.2782567752684602,-27.036756418083126,97,100% Pure Floral Nectar
16.951125927945153,70.26358496087505,18.593328688087063,2.0,0.22676924488030553,-23.8098603682848,57,Industrial Rice Syrup Adulteration
15.0,77.75445246858037,29.36460465181618,11.87949849116707,0.3328490841108758,-11.0,39,C4 Cane/Corn Syrup Adulteration
18.097627659698166,74.21521868328999,18.033870687091017,9.630044593093768,0.26470716777041603,-15.209152315377612,45,C4 Cane/Corn Syrup Adulteration
23.301432677781406,77.37808435253133,47.847501431192846,3.8903413741534383,0.5767429734270397,-25.836199346900063,31,Acid-Inverted Sugar Syrup
17.691587363565276,78.92921005956622,51.34399526836957,8.375707284544458,0.22186737621922803,-24.512742931108594,35,Industrial Rice Syrup Adulteration
17.200289890885475,79.5,8.793857667098376,12.431460188616931,0.4880796572383955,-24.929308967130822,92,100% Pure Floral Nectar
16.131092839039844,77.87320212770912,20.404130142010352,11.41306549851814,0.2475682416953654,-25.971132492494213,62,Industrial Rice Syrup Adulteration
15.796937561905938,79.55321669398145,7.446089944552826,17.994521525032628,0.4441240204459885,-25.725383485978824,94,100% Pure Floral Nectar
17.72597722568394,82.51874995405605,2.0,15.185552333466054,0.18,-26.303265076546076,91,100% Pure Floral Nectar
16.22740161647532,82.5985533058204,10.69433141802355,16.95900288350422,0.2393920971715554,-27.315777278797057,93,100% Pure Floral Nectar
18.945727992420586,77.9022853939317,26.655945548403462,4.768703973466823,0.32998243632014884,-16.091779358122082,38,C4 Cane/Corn Syrup Adulteration
17.239512941629513,74.58582279277537,45.76340090744053,4.064086766787828,0.4230683772318545,-23.50922238698472,21,Acid-Inverted Sugar Syrup
17.13191310991981,79.47454477111741,35.60223426790624,11.775852894938417,0.5425927320502261,-11.060402387372498,60,C4 Cane/Corn Syrup Adulteration
20.91855907777799,74.97972317483118,24.542895091449793,9.575008909289416,0.36051210965304403,-18.32606581221333,45,C4 Cane/Corn Syrup Adulteration
16.49513408423732,81.1416109687005,2.808208185527743,19.317015304250074,0.41309964374461,-27.945794613916064,95,100% Pure Floral Nectar
18.169079961462526,78.44101191708177,31.038548791961418,8.274800887318706,0.29069939439849857,-22.984417626304776,38,Industrial Rice Syrup Adulteration
21.36740349977282,79.0,62.02039844562229,4.900620667841518,0.42500640542998297,-24.25035821437068,19,Acid-Inverted Sugar Syrup
14.521407657479083,79.56461090381922,10.012743551165165,17.376704646484857,0.42680479786071185,-25.802822814885182,93,100% Pure Floral Nectar
20.77590127996945,72.50521988059029,74.85821017241912,4.194150556493163,0.820905131285519,-23.91708710452042,30,Acid-Inverted Sugar Syrup
18.724248067585858,83.6308689096959,3.7528341106436605,19.980130370070896,0.3683074069583539,-26.411760921184417,95,100% Pure Floral Nectar
19.347218793883098,79.5,2.0,17.779506722598324,0.41376979694687266,-26.550898622951838,94,100% Pure Floral Nectar
15.522654632436286,81.0,37.2348502892194,8.786160918854863,0.29313576890598736,-12.258549868991887,55,C4 Cane/Corn Syrup Adulteration
20.73450229671907,76.97189721648057,23.32926783929178,10.331273723819898,0.20383256780979933,-22.529532290005164,55,Industrial Rice Syrup Adulteration
18.178359788283547,80.11386320741704,8.595427612790168,16.62260628093076,0.243215204414968,-25.6642147765694,94,100% Pure Floral Nectar
19.8,79.5,13.988299559090954,13.644887215507193,0.4177994320039548,-26.02024703923484,100,100% Pure Floral Nectar
20.732786643476143,70.72663620941114,29.336819428267976,4.621265541013196,0.17233349633086886,-24.857303454590223,40,Industrial Rice Syrup Adulteration
18.179237089839788,74.72553165168264,77.88917900601052,6.09216336930726,0.7012673136986132,-26.70991989322752,40,Acid-Inverted Sugar Syrup
16.41028991696858,80.56389000199002,5.614157182401184,20.061996174163983,0.3382909405037166,-27.084651983864486,95,100% Pure Floral Nectar
22.044288177826783,74.38203905140863,57.12092336750936,4.376578924085585,0.8050498665904097,-24.094555763722603,33,Acid-Inverted Sugar Syrup
16.040104165307653,81.46178523229125,3.7681491271084955,11.134112696000605,0.4606167726374534,-26.344100214961486,88,100% Pure Floral Nectar
21.628028036423625,75.06200471271043,22.256624392411346,5.5378824416947525,0.22011851417355416,-14.589159290811924,24,C4 Cane/Corn Syrup Adulteration
20.221581544609467,73.933748750926,71.699781569704,4.294719133970455,0.4984250992537249,-24.141299007941946,28,Acid-Inverted Sugar Syrup
19.9178617480022,70.71712360395334,61.28786049068144,2.8860585101262783,0.3727096195169133,-25.89442080053825,35,Acid-Inverted Sugar Syrup
19.62541967514512,80.10079828939857,22.29665271805706,11.397647752069949,0.5576796585329546,-16.088422052152197,35,C4 Cane/Corn Syrup Adulteration
15.933956724853827,80.11790414137704,38.0,24.273487281173185,0.39033940653067206,-25.988234243839457,94,100% Pure Floral Nectar
21.847381394642678,77.59204762980725,32.62622815420978,8.542480937169778,0.29499067081439234,-18.540276117661513,45,C4 Cane/Corn Syrup Adulteration
18.93053044529461,83.2870559756653,4.8597201238611945,11.15446615627368,0.5864351868327936,-25.893147464478986,92,100% Pure Floral Nectar
17.819469107792326,71.85001012194398,24.870366336946176,9.647578554284362,0.31402470155910234,-25.480625958335317,46,Industrial Rice Syrup Adulteration
16.688549828163048,83.1434621830899,15.487895403627231,11.106153853128962,0.5592099014878336,-25.884050530567627,95,100% Pure Floral Nectar
18.60339637270495,76.28187731179113,37.56280049741608,10.197436212891793,0.2872383077883613,-25.809986079948743,26,Industrial Rice Syrup Adulteration
16.085563800475114,79.5,6.274246864467819,16.112185715610376,0.49582804069893754,-25.86404982546211,91,100% Pure Floral Nectar
17.479734607206197,82.57809598936035,27.12019723961417,14.764543250164651,0.39050170479467305,-26.61489745001382,95,100% Pure Floral Nectar
18.842863400479455,82.15704488759631,8.726307405527571,20.210725038440025,0.38147046846489036,-26.824664758525394,98,100% Pure Floral Nectar
18.838699880546663,69.60296760382633,79.64207754010064,6.784935784899389,0.6588172415630054,-24.711502918633816,15,Acid-Inverted Sugar Syrup
20.77375413130419,79.0,78.45263306416085,5.002809925270252,0.7359791801421554,-27.5,28,Acid-Inverted Sugar Syrup
19.15641793685753,79.67325451486043,24.67561382845885,18.0,0.22908887110114484,-18.755651979314635,36,C4 Cane/Corn Syrup Adulteration
16.757028170427276,80.07242188595863,7.020429940800971,15.585247644841607,0.3769748966924868,-27.21684246096001,100,100% Pure Floral Nectar
14.15826263558035,82.45541778989438,2.823518557074945,17.863886818214507,0.5423914326513306,-26.449331501714216,92,100% Pure Floral Nectar
18.76421416422338,80.8217836041782,25.630090913320252,14.956780643311067,0.5188028195372607,-26.15684561753871,97,100% Pure Floral Nectar
20.18980719554992,75.89134674896988,13.230264776056195,6.52308798990207,0.14031250683462018,-23.417573236585547,57,Industrial Rice Syrup Adulteration
16.996603272641803,76.20123533637621,27.882979252704853,11.32430412653748,0.3569566930031215,-26.071793228076363,38,Industrial Rice Syrup Adulteration
23.112697888672354,72.15254891032012,86.22839232798275,3.427560840591168,0.6970014015466772,-26.47437583579275,29,Acid-Inverted Sugar Syrup
17.265772831270638,81.6418476780171,7.134201433021788,19.463348834869187,0.2900591365357988,-26.970717780351674,95,100% Pure Floral Nectar
18.930583010528704,81.44852887623846,4.786399123007547,15.172804835677747,0.5200866542219242,-27.413687342693805,95,100% Pure Floral Nectar
20.735811495833985,72.4281405901861,82.66349684232588,2.737678472450495,0.6814841045036965,-24.549314761932525,26,Acid-Inverted Sugar Syrup
18.526537046972,81.9853193395631,19.568116767590855,12.821111328161159,0.39895701907261905,-25.72409850884477,98,100% Pure Floral Nectar
15.532175103916291,83.92582532519717,3.984471429718537,9.869910527099854,0.3216341972559132,-25.543494238168506,87,100% Pure Floral Nectar
15.377314033800223,77.86487808374453,32.02936618769738,10.367205800342049,0.40478752369947013,-17.411381618259874,47,C4 Cane/Corn Syrup Adulteration
17.240242752108745,84.47051124132213,2.4625529099458916,23.29151186549774,0.31376082813383277,-25.70089140094183,85,100% Pure Floral Nectar
18.400723472482827,82.48530670780038,25.33179540370947,18.488630374368636,0.31843220330667743,-26.57484082842827,93,100% Pure Floral Nectar
19.307038669275858,71.5385568680348,54.67069687386115,2.0,0.2735212708439816,-24.332978391290787,43,Industrial Rice Syrup Adulteration
15.870841555635279,80.69239947317456,3.1894231164021614,9.0,0.5334596765591273,-27.12106655354264,96,100% Pure Floral Nectar
17.10391233548034,81.80120881192735,20.82847144407676,13.74741819914685,0.3573761380137904,-27.65954967685153,99,100% Pure Floral Nectar
19.31294988310834,73.67357858943679,73.7154665656681,4.569634008121902,0.4541666851653442,-25.762078479367826,21,Acid-Inverted Sugar Syrup
16.193634657347776,83.80365385913062,26.71994126914244,14.509923725019805,0.4912003919557636,-26.844682969191023,96,100% Pure Floral Nectar
18.738287592782065,82.51915826053168,6.35114661805353,18.19357604691131,0.37618404746450584,-26.959196080812106,95,100% Pure Floral Nectar
16.43439748226345,80.63507664343149,14.289970744526464,20.57238542078424,0.7138304385808868,-25.881766604210462,92,100% Pure Floral Nectar
17.804691562543518,85.0,5.042965200371844,26.276459079129,0.4039769117457014,-26.438038588725654,95,100% Pure Floral Nectar
16.7419662276705,81.0,25.219299016441436,8.097358731024585,0.23814490404581443,-11.604727677500897,64,C4 Cane/Corn Syrup Adulteration
18.988730854103792,82.6512099181151,2.0,16.24370307749031,0.2609811413762686,-26.05313843309857,95,100% Pure Floral Nectar
18.005287022549194,81.00326104509145,12.993036663234655,18.828736222343423,0.2413293292715308,-27.6293611641357,97,100% Pure Floral Nectar
16.683012005055314,79.5,8.122341309667611,16.599503566906034,0.3655975859879294,-26.657000499733062,95,100% Pure Floral Nectar
19.256517964635844,79.65541749184337,27.586996607126643,7.466933211128694,0.2758515274539966,-12.738975888201557,20,C4 Cane/Corn Syrup Adulteration
19.49958346099392,75.12032861460848,38.106912679607355,4.228995296375899,0.37941458838891057,-15.35005229576063,57,C4 Cane/Corn Syrup Adulteration
16.799594089367844,82.18168792603798,6.9761597910540285,15.837785269025682,0.5070708210578786,-25.67778271364016,94,100% Pure Floral Nectar
19.466641357251778,75.2314846128658,42.50771085838841,6.696874899788979,0.3333372891945605,-18.400536401262368,46,C4 Cane/Corn Syrup Adulteration
15.230674464412488,79.5,9.0822238697741,19.961588734590006,0.5063193122195326,-26.839428490730242,95,100% Pure Floral Nectar
19.252734074398216,80.54772235907782,34.73655088302321,6.484470166359336,0.39908416254929435,-14.347263273213226,49,C4 Cane/Corn Syrup Adulteration
18.56765254941072,72.17026260279862,42.0,3.752187989483428,0.611721265715965,-26.235711213286827,34,Acid-Inverted Sugar Syrup
17.044283514111818,82.265435292144,31.027512291500464,15.36702040044038,0.4024986680433372,-28.157155498728287,94,100% Pure Floral Nectar
18.806352646765166,76.62459325120535,62.173752341346145,4.306167078326014,0.8640686252935419,-24.9885460770008,39,Acid-Inverted Sugar Syrup
23.33901799486654,75.54708272061532,58.98536843432266,2.3614430554106383,0.2989136928183733,-26.117090895773792,39,Acid-Inverted Sugar Syrup
17.93698687715846,77.31886824115536,27.016911664184697,10.162513765916941,0.31367364608632825,-17.851381309733316,36,C4 Cane/Corn Syrup Adulteration
16.704343004682567,79.5,22.917436995641964,22.35702035024502,0.4717015206203696,-27.03321384959915,95,100% Pure Floral Nectar
16.756889124519198,80.5,12.0,9.018228896735298,0.33243882597712837,-23.36278493055979,40,Industrial Rice Syrup Adulteration
16.392520137204333,82.49563210329103,2.0,9.0,0.430001442117011,-26.283786806487797,94,100% Pure Floral Nectar
23.18558734937704,76.94922922320332,62.81335598651259,2.0658375008715577,0.6315135413931435,-24.89556003697336,32,Acid-Inverted Sugar Syrup
17.92021436768225,85.0,11.539440807458403,11.266277140766022,0.34019617316352896,-26.682320337125194,97,100% Pure Floral Nectar
21.419491808073744,75.80006744435335,27.541119455659874,8.433510800489186,0.2220945977880446,-25.706454400093882,46,Industrial Rice Syrup Adulteration
20.007914792368435,74.18712897040818,56.520824663300125,0.5,0.49980704430143286,-24.417058579866122,24,Acid-Inverted Sugar Syrup
18.504282748955212,69.91943616529409,59.573445214559136,4.307214982960674,0.7199724305153354,-24.2891579123629,35,Acid-Inverted Sugar Syrup
18.89711544253944,69.72215616598989,85.72497526847646,2.004007640734064,0.740787999338033,-27.5,33,Acid-Inverted Sugar Syrup
17.919300331277093,83.12830689898017,8.706702687462826,21.11573376450503,0.42260556221818113,-27.230991232598324,90,100% Pure Floral Nectar
16.424890972513943,81.83011047958496,7.873123270936567,19.857705786777842,0.2858121672772762,-25.450290056501515,98,100% Pure Floral Nectar
15.315780707137499,79.85347071338286,3.65468761907216,20.51389623823527,0.31058612547976294,-26.37566152633388,89,100% Pure Floral Nectar
17.99044829625104,80.70232038874371,9.925946613131691,9.265714258550545,0.3717540839670252,-27.385896368944206,92,100% Pure Floral Nectar
15.434762463930936,82.76519600091423,2.0,10.810516900960142,0.3780690059237151,-26.835489236249472,94,100% Pure Floral Nectar
17.0,78.26535703513103,63.4530922297279,3.8762815180256562,0.4604340551395879,-25.600763540354347,25,Acid-Inverted Sugar Syrup
15.72521821155688,83.97053341732477,22.389437230263432,14.5707623121191,0.4386295262469935,-25.473918684158118,91,100% Pure Floral Nectar
17.10235182028184,73.76569758423635,34.3662503215139,6.351366638107414,0.2055506144219037,-24.812584914332795,38,Industrial Rice Syrup Adulteration
18.38639034801059,82.37115641482708,25.920011028798605,12.548785746792708,0.48416447395634377,-26.758006270147778,89,100% Pure Floral Nectar
19.346646763030247,81.0,30.6725548972911,10.006403797485683,0.4609578241500949,-16.177440314160513,57,C4 Cane/Corn Syrup Adulteration
18.74462263482313,81.54695384900428,6.984200967639517,22.601576240713328,0.4313617667364876,-26.448618596495713,87,100% Pure Floral Nectar
18.83489488632373,82.35473596416787,38.0,9.982316111327002,0.4889263621360651,-26.442196524319584,94,100% Pure Floral Nectar
18.228828900469743,82.60022885298221,10.164535141665528,11.516132929059395,0.2093877562474606,-25.68797805008089,89,100% Pure Floral Nectar
17.68674707695367,83.86521347859588,15.304098573319138,13.48608827826704,0.3555402885134016,-25.011709140855466,94,100% Pure Floral Nectar
20.18072719910956,75.31231094759966,27.384593953766764,9.53231466564287,0.45656152597083105,-15.112142924143702,50,C4 Cane/Corn Syrup Adulteration
18.66750116020108,74.42244466278193,56.02224325674748,1.4632025644980744,0.6770447137172745,-27.5,34,Acid-Inverted Sugar Syrup
15.912861571779008,80.99802542753565,22.34946694495875,11.210463510171111,0.5300047767106822,-27.118224673288665,94,100% Pure Floral Nectar
15.783053874635765,82.4744737336585,2.0,19.408528192850728,0.5609776869102829,-26.50039625152125,95,100% Pure Floral Nectar
18.15473415981295,81.71375224159081,33.84059928161713,10.08833949736356,0.6542314907420909,-25.743112003288694,98,100% Pure Floral Nectar
21.260137996822298,76.41661850017904,67.40655946265079,2.236129148340101,0.5631858711068182,-25.497280270953475,28,Acid-Inverted Sugar Syrup
18.160472043997814,84.01525127615025,2.0,15.451808152393465,0.4222548613569529,-27.46207770240047,92,100% Pure Floral Nectar
17.872390246515938,79.23115154943295,46.86430463061484,4.167298801028753,0.27829256394616614,-26.492734407342333,36,Industrial Rice Syrup Adulteration
17.765671199540353,82.37826770763697,7.114692151571671,22.342695012330505,0.40505418243762914,-26.65553852296348,94,100% Pure Floral Nectar
16.493055822713877,75.58285510385416,22.377782672063972,10.29361804297652,0.47247245219097556,-12.755508539755843,53,C4 Cane/Corn Syrup Adulteration
20.989764087074622,75.36276105153817,45.22389942220593,7.698363765471399,0.22459468841543323,-23.824159537658733,33,Industrial Rice Syrup Adulteration
17.852901724224868,79.9950999123077,38.0,11.888839231418892,0.5284669680763201,-26.50540848386245,92,100% Pure Floral Nectar
15.8356589734611,81.73801136801673,5.542304286427364,15.320494681393049,0.3436561870557445,-25.85227378468773,94,100% Pure Floral Nectar
17.918574406358697,82.02974069840825,14.036178687439005,19.282174659007996,0.4931411875454928,-27.937512383150167,97,100% Pure Floral Nectar
18.01817817266148,80.45210779179787,8.40867227830981,16.0850662408979,0.5590505801411844,-25.991596501590823,96,100% Pure Floral Nectar
19.38176202278895,78.62550706153385,35.74418165341009,11.839235198598377,0.4409459172497563,-18.388217632179646,45,C4 Cane/Corn Syrup Adulteration
19.568755754554235,78.43440845758953,29.977595512709065,12.07526299762661,0.28220270477429277,-25.574624239270147,40,Industrial Rice Syrup Adulteration
17.12804878697612,82.49520423374608,8.432415882099615,19.97853128784276,0.4547741374389866,-25.51695070643833,94,100% Pure Floral Nectar
18.509652090576864,80.5,21.021589000926674,6.128920875161134,0.27035642657194553,-22.87224172222287,58,Industrial Rice Syrup Adulteration
16.348974635053853,80.32567836251373,3.480834295338038,18.425033152449647,0.5058730881567709,-24.661099143478264,100,100% Pure Floral Nectar
17.00642997836034,80.4233839827528,2.8470353467299865,17.9551024982176,0.6262127538723257,-26.63723598197308,97,100% Pure Floral Nectar
19.00423903393455,72.94600938966718,31.461348720489326,11.391135340608958,0.26875755777244975,-27.0,43,Industrial Rice Syrup Adulteration
16.497124085906343,82.42129920867751,12.915948579427866,19.717991792782826,0.4107333946081889,-25.63844182271201,91,100% Pure Floral Nectar
18.32034382050658,73.57634537448304,66.20381935831442,5.601377289867109,0.6689528014347279,-27.5,35,Acid-Inverted Sugar Syrup
19.8,81.10580245923329,8.11191999867556,17.339198727103337,0.5847299599498648,-26.4408956173639,90,100% Pure Floral Nectar
16.531279574528835,82.76659342334163,2.0,15.14182281695134,0.4675953527065748,-26.751230432818804,86,100% Pure Floral Nectar
19.764917457428222,78.25895912674473,37.11985071183105,14.0,0.3599571267760581,-23.20950531750758,37,Industrial Rice Syrup Adulteration
16.354427123643077,83.76325535527819,28.29377305089251,13.753227778322652,0.5970544957250753,-26.572800524757596,90,100% Pure Floral Nectar
16.102728068179044,82.31194430583226,7.12231289576625,14.752982698760452,0.3855501356261989,-26.85506562871606,90,100% Pure Floral Nectar
14.938815457732286,79.91686061956804,14.53185577406555,24.184261580332038,0.31621246650858925,-26.660622847499337,92,100% Pure Floral Nectar
19.607727993094347,79.0,93.54744768700161,6.983125451866577,0.46194861710379487,-24.769291650393928,39,Acid-Inverted Sugar Syrup
18.111947751828115,84.23718179473961,5.7586478842474955,18.13783683009429,0.3336813975830192,-27.210553589811912,93,100% Pure Floral Nectar
17.095793199259933,79.5,38.0,14.869658457247871,0.37768882835227113,-26.769915698530273,100,100% Pure Floral Nectar
16.830970288855717,74.69125245750378,37.03618743562904,9.718228549435294,0.18311332498059174,-12.7417295626779,49,C4 Cane/Corn Syrup Adulteration
21.268952537289636,74.78897846269804,32.23450291017018,3.970012526369021,0.20239835393597447,-24.908878508656567,27,Industrial Rice Syrup Adulteration
17.41329682084721,80.49948225546149,2.1193513909805666,17.235914705163836,0.4751370070762811,-25.903679157277185,88,100% Pure Floral Nectar
21.247413749785885,76.26346088764492,53.63896965774589,4.971277040088659,0.48996132662461,-25.647647124541134,27,Acid-Inverted Sugar Syrup
17.92231490478574,79.83330624351933,2.675817386765908,13.755079862462889,0.41893548812525117,-25.918157074073385,94,100% Pure Floral Nectar
17.777893297711095,79.5,4.706528164402247,11.017683813189691,0.4675583618409435,-26.388774335890563,97,100% Pure Floral Nectar
15.0,80.96656327284322,35.800352437782934,11.963675311233438,0.4893495297047523,-12.099960327341044,42,C4 Cane/Corn Syrup Adulteration
21.556052956841132,80.5,48.29961186789678,4.106837674256783,0.25205471490524234,-23.164012419060303,43,Industrial Rice Syrup Adulteration
15.884135658447589,81.41970669286242,2.0,15.942799258634311,0.4871226491658523,-26.868549267375204,100,100% Pure Floral Nectar
17.214326285427422,82.95381658007292,7.332844735587178,14.15892938172197,0.49301899784136943,-26.80849238352725,88,100% Pure Floral Nectar
16.26843057722903,79.0988079007008,14.006697585135344,5.882509949437381,0.4822818269150421,-13.340108836270423,58,C4 Cane/Corn Syrup Adulteration
16.665453641955892,78.12208448368618,20.756118743923423,7.467234595529976,0.2930138457248317,-23.386738357531282,37,Industrial Rice Syrup Adulteration
18.989833880397512,70.52625905990814,36.002500931668344,7.259948529215332,0.12157369704381021,-23.401637760445126,52,Industrial Rice Syrup Adulteration
19.92614646457307,79.06633286704812,24.071870907606424,9.015441680665159,0.2562859476318957,-11.899978868696145,56,C4 Cane/Corn Syrup Adulteration
18.851216169009803,84.95606748286369,2.0,20.191366959154966,0.42818481391234037,-26.886148887173633,92,100% Pure Floral Nectar
19.8,79.84336796871109,6.030128872121627,18.627348105546627,0.2759017200197951,-26.510823728816764,95,100% Pure Floral Nectar
19.678938807945695,79.0,54.90649935740261,3.251079520101055,0.7827669878947654,-24.05731867127912,22,Acid-Inverted Sugar Syrup
23.378809379994195,79.0,96.04891381522393,2.4881499909835814,0.6852274771422451,-27.239819626598727,22,Acid-Inverted Sugar Syrup
17.73533559504181,74.2253697291745,53.467182090288375,0.5,0.5077598866757145,-26.892384511052928,29,Acid-Inverted Sugar Syrup
14.862832606430079,82.6043916919853,24.240914059316417,17.787281016665393,0.4055228359044198,-26.5049764038196,94,100% Pure Floral Nectar
14.957247863343964,82.41472331520943,2.5549546363127513,12.130982469602007,0.5329279861742316,-25.37742689719762,94,100% Pure Floral Nectar
19.153957335105936,80.17683243726813,19.575315282318414,14.04427916824294,0.32678713089755274,-26.473374256158323,96,100% Pure Floral Nectar
17.880636435926544,77.25734795704489,25.038287755136714,11.715404916939898,0.41407463809986533,-18.112610592855567,44,C4 Cane/Corn Syrup Adulteration
15.0,81.0,12.891046482258243,10.513738028790398,0.19469630704875499,-18.487606894429142,62,C4 Cane/Corn Syrup Adulteration
17.183075473015524,79.5,8.847684700213033,9.319126762238128,0.3217136828257433,-27.264733785512433,90,100% Pure Floral Nectar
16.27098546381186,78.9646506768801,27.089437390531334,9.81261735619286,0.333419998189699,-15.689905801022071,24,C4 Cane/Corn Syrup Adulteration
14.921440586963572,81.48329963362451,13.728109752596321,12.943841326795852,0.31047854871649594,-26.00010186278499,93,100% Pure Floral Nectar
17.31929322948746,80.83819751572985,16.634907599939947,13.274162305792235,0.3755383972087356,-25.89518672454109,94,100% Pure Floral Nectar
19.81891704887871,77.86728893019828,43.505523766216314,8.14690345282129,0.41176208143407017,-17.58419310960524,68,C4 Cane/Corn Syrup Adulteration
15.686511341360143,83.7491115388068,18.629615992658735,10.867520590026228,0.4185268159797389,-25.061475366635932,98,100% Pure Floral Nectar
19.66152302256177,76.71392883967813,56.92309640592582,3.7464931362888274,0.6057615864075997,-27.497854698932347,35,Acid-Inverted Sugar Syrup
15.0,79.08419898876426,37.906265686845174,12.352917247321663,0.35155845725696583,-16.64896304171992,40,C4 Cane/Corn Syrup Adulteration
16.324212217886657,80.61910866614177,2.031702503704508,23.089359426805952,0.35526842474658976,-26.98362306850338,100,100% Pure Floral Nectar
17.30019273210715,83.50940693391043,10.330265102745733,12.08083184995893,0.5861845312552852,-26.439554287261444,99,100% Pure Floral Nectar
18.251941972720505,79.5,32.547478118685326,18.130078204484363,0.5113408846861967,-25.509812245934206,94,100% Pure Floral Nectar
16.177306258565505,76.93755441248176,34.98739855957861,12.519906307829036,0.2914726610128854,-15.00674549773464,33,C4 Cane/Corn Syrup Adulteration
17.392753371748714,78.8934323788947,36.31705863440893,9.041051652590554,0.4138866696028849,-12.41637919727997,53,C4 Cane/Corn Syrup Adulteration
20.19844388728178,77.7497755995125,30.7020881875453,12.43601317163799,0.3149126934030474,-26.124318751023086,55,Industrial Rice Syrup Adulteration
19.474549841857385,82.58280725612212,4.795287417204942,18.794369584301243,0.44778492825765664,-24.5,92,100% Pure Floral Nectar
16.342678457938895,77.29621693223284,22.0165310249765,10.511137367908457,0.2563765794242552,-12.626625617910783,63,C4 Cane/Corn Syrup Adulteration
21.481247406110594,74.78007933840485,76.2678067829398,4.693479333219065,0.3043039401892461,-25.47420885286806,22,Acid-Inverted Sugar Syrup
18.45305363970656,81.12890439574632,3.684895548273265,15.73782951350808,0.5554748082219536,-27.128327115522694,92,100% Pure Floral Nectar
17.490762762028353,81.14013789085362,37.71288914795277,18.680315017627223,0.5049349936986021,-25.774845795804016,98,100% Pure Floral Nectar
17.580210372073523,82.21151835256948,8.294656582911253,21.811808366719692,0.34086054757938866,-27.14070569472948,97,100% Pure Floral Nectar
17.666760869330478,79.19558097924444,30.880980264807505,7.565408697234739,0.3481128673563319,-22.985149835005153,52,Industrial Rice Syrup Adulteration
16.261131707292698,85.0,8.010128428356822,15.74543708985235,0.5923307215418419,-26.516995258913983,94,100% Pure Floral Nectar
15.839680571642198,79.88325371325237,5.273637208745702,19.873654955199623,0.41820895530684477,-26.398840901064634,98,100% Pure Floral Nectar
18.71867380719469,74.87626606951771,20.695606528026147,8.992616423388977,0.22655778279336636,-13.394316270112835,47,C4 Cane/Corn Syrup Adulteration
20.336726229867743,80.71373830076595,28.112638387716675,8.151881942962879,0.1762671937435807,-13.379355575847699,42,C4 Cane/Corn Syrup Adulteration
14.121671660731884,83.01735464689835,13.457368633194854,12.46046216315587,0.4972877907548667,-26.281121329191418,97,100% Pure Floral Nectar
16.6218735001206,77.77716259832009,36.894826950372995,9.739716780467546,0.2445800972217228,-19.870174916411226,48,C4 Cane/Corn Syrup Adulteration
17.0,74.81849150962564,62.1751815069326,3.551957804878678,0.6001779078242683,-22.46703475192686,32,Acid-Inverted Sugar Syrup
19.41824045153263,75.56222293559841,26.017035916548913,10.029365039247665,0.1,-24.577848611674742,52,Industrial Rice Syrup Adulteration
19.255533507318834,73.32074635540091,41.76453433156487,3.7566081772707705,0.1760841391571688,-23.689043547880438,53,Industrial Rice Syrup Adulteration
24.0,78.23037746377787,24.773421919984486,14.0,0.39333398725791346,-25.16048475022253,38,Industrial Rice Syrup Adulteration
16.89065015663847,84.87751327171992,9.051198536290045,9.0,0.5309228841631206,-25.895990527714623,90,100% Pure Floral Nectar
19.537829643062345,73.30461931049228,42.767068347612465,7.4583047723073115,0.16510304595767145,-24.77784399643619,31,Industrial Rice Syrup Adulteration
20.82042153621419,81.0,19.538968558121553,8.100683514244098,0.3479020042585549,-19.412002235063134,21,C4 Cane/Corn Syrup Adulteration
20.172342052412397,77.4409320193822,66.22833381127431,5.993156730583687,0.7245678573612789,-26.16826246710043,34,Acid-Inverted Sugar Syrup
20.195275630138855,78.47526896439082,31.59620070528169,12.404387933239354,0.246056903709933,-16.03416311754898,53,C4 Cane/Corn Syrup Adulteration
18.289855108744902,79.0,84.68068069088072,4.9230506396889915,0.6495648207974378,-25.612637580268967,19,Acid-Inverted Sugar Syrup
16.766539533332566,77.65571739695628,30.567887754171327,7.760715133090804,0.2517606188898304,-16.47827244537222,49,C4 Cane/Corn Syrup Adulteration
17.679727476458037,77.1791582983858,30.199216904657774,8.447275523210603,0.18229054415278345,-15.88837279537041,50,C4 Cane/Corn Syrup Adulteration
18.530706903511955,74.32500205375999,49.94237283496015,9.350370304727177,0.28937959229547405,-14.768396536382648,34,C4 Cane/Corn Syrup Adulteration
22.6561110232198,74.64217149213962,41.148600341672775,9.222726212366103,0.3794722751874506,-25.28354129074054,51,Industrial Rice Syrup Adulteration
18.482858744583474,81.588529030969,16.35325226428457,18.539868383054635,0.4509843281641364,-26.30324233444871,99,100% Pure Floral Nectar
16.55192502844492,79.84711986528025,30.397133941906677,7.532858406158651,0.16391269113720486,-26.97482873920653,33,Industrial Rice Syrup Adulteration
17.50348578926768,82.95359512464901,21.61950328211616,20.283001428361633,0.40224135029725755,-26.984063418228317,95,100% Pure Floral Nectar
18.01749945945635,79.5,2.4670633717959927,14.84647275774427,0.7042001450880524,-26.06319787646437,91,100% Pure Floral Nectar
22.57436731825261,75.24565099922427,63.87553309072834,3.4970261791061947,0.4015196960627049,-25.351464157377276,30,Acid-Inverted Sugar Syrup
19.428792536955157,75.41967654823688,40.86838133265138,9.74330374295743,0.21314657532953823,-27.0,36,Industrial Rice Syrup Adulteration
18.257547716156058,82.5606890920426,12.768481981454904,15.089221991452504,0.3799943933270801,-25.70247616921091,94,100% Pure Floral Nectar
17.0,75.84846953043656,66.73122812430256,7.5417681645066175,0.5685276193548746,-25.35374953152542,47,Acid-Inverted Sugar Syrup
19.8,82.27452310164848,22.980650398124354,20.712089486546994,0.571624681295581,-25.879893214164944,91,100% Pure Floral Nectar
17.315335590291944,77.97791964788772,26.149421378465423,7.63319587830993,0.36536817631769036,-15.99904117179888,50,C4 Cane/Corn Syrup Adulteration
19.938366761898575,77.4520121245767,32.65850308419586,14.847132805423158,0.380603328236351,-18.90835823475043,23,C4 Cane/Corn Syrup Adulteration
19.8,80.118047952348,2.0,19.117108429308125,0.5950993193026429,-27.85773038369187,99,100% Pure Floral Nectar
15.86731415596887,83.18164518803444,12.991826612896267,21.55223012708799,0.4772755210571308,-27.08667964296825,90,100% Pure Floral Nectar
18.106861931566616,75.38216854079539,25.426397504531213,13.58310025433746,0.39109761650141683,-17.180546990116937,31,C4 Cane/Corn Syrup Adulteration
19.94910451853764,75.02868051412742,83.83914465913873,2.855223536785484,0.44350721492701545,-23.616190290783635,36,Acid-Inverted Sugar Syrup
15.296201402628112,83.92069137455212,4.615900762429973,12.696163730965306,0.40069140740680814,-26.32710662838506,87,100% Pure Floral Nectar
16.359105834113674,80.98430929089459,4.7453796342312025,13.317952999206625,0.3198794176100805,-26.192706487080077,93,100% Pure Floral Nectar
18.942551413031502,79.5,2.2604714322723964,18.817003348679478,0.39511718775671945,-25.452595455964573,93,100% Pure Floral Nectar
18.774094703818704,80.56607952072113,26.892084419151782,19.74145771532529,0.323853556822454,-25.760850435849797,93,100% Pure Floral Nectar
19.8,80.4991770043838,2.0399467323649096,18.667847127102824,0.5607561238997119,-26.581271184337258,94,100% Pure Floral Nectar
18.743100165570308,76.87260088211436,23.113295981774517,10.128557196100328,0.17334354924797504,-13.533271873397817,68,C4 Cane/Corn Syrup Adulteration
19.8,79.5,19.412217283971117,12.3629650401899,0.5989399685136216,-25.52756913224754,92,100% Pure Floral Nectar
16.86354444257861,85.0,17.705344532707837,16.230559622395997,0.5499044410419491,-27.071895211551404,98,100% Pure Floral Nectar
15.287662004319252,83.65961535600907,10.1469026639246,17.265299323118068,0.2366902870373089,-25.943482480419018,95,100% Pure Floral Nectar
18.250764161771613,76.04741691964398,34.22223463700592,4.890018186525386,0.32083653846330007,-24.187814968351148,35,Industrial Rice Syrup Adulteration
16.88391317931885,81.05894182066336,16.66768806345877,17.907293015849614,0.5108765068529696,-26.80834005301494,97,100% Pure Floral Nectar
16.547872203234572,84.02555577280224,25.456304972067606,20.65324462140734,0.32540288822700436,-26.081729081340193,95,100% Pure Floral Nectar
19.785390256030446,82.6580654552275,33.47989322974899,22.873361937871167,0.26434028443611335,-26.166111626863234,91,100% Pure Floral Nectar
17.461252772418902,82.67731140408719,2.0,19.16771522993584,0.5123058332674859,-25.898616252472028,97,100% Pure Floral Nectar
19.557498768041015,82.12761421184285,15.215897130388006,11.947759743105484,0.5232822505642356,-26.468032680676405,98,100% Pure Floral Nectar
15.220799704333027,82.58969632693487,2.0,16.130217627333952,0.407667904621488,-26.769318139805335,91,100% Pure Floral Nectar
22.21329462265732,75.95150082728027,85.33452895095631,5.954703905871476,0.5917158016736518,-25.0455902889241,29,Acid-Inverted Sugar Syrup
16.359696371977687,82.01487439559646,20.75542092207609,17.202462885429387,0.18,-26.764146309417857,99,100% Pure Floral Nectar
16.429248410711782,83.33007200334615,5.997695278539724,18.23145825833666,0.5186533016739375,-25.86655528829618,96,100% Pure Floral Nectar
15.48648362653284,79.5,14.047271505006481,18.91576080047409,0.6202569697560846,-26.40313725746375,89,100% Pure Floral Nectar
17.68130303416984,80.34596852670724,7.182407934952881,9.30059162820525,0.6864386229605859,-26.491009781278592,88,100% Pure Floral Nectar
19.547012237185395,83.8991739817183,2.0,25.01552091358201,0.3513716580228091,-26.401478175989375,96,100% Pure Floral Nectar
17.595611930683617,82.91338214255005,3.5619909240192866,18.412283061223487,0.29813910734240145,-26.08858755832601,98,100% Pure Floral Nectar
21.111722172373625,72.94423652163765,13.875829688673583,12.356170364250438,0.41678539132878223,-13.261298711232143,52,C4 Cane/Corn Syrup Adulteration
16.1220374765179,85.0,2.0,9.381687575087224,0.606862395885211,-26.100513497624767,99,100% Pure Floral Nectar
21.453507459697857,76.82959280264963,24.53029674647182,14.210898200326497,0.28840186569151477,-21.0,23,C4 Cane/Corn Syrup Adulteration
17.02436403599594,83.71285022093873,26.56024852371968,13.267025555213017,0.2814435661338326,-27.07577731142719,94,100% Pure Floral Nectar
18.089240522354757,80.7921847162179,36.04027550770656,17.75794783070541,0.3056566751296439,-26.30642481323366,88,100% Pure Floral Nectar
17.954398043118868,76.04139189180998,60.177359339131776,2.9661748515437925,0.5247829338673421,-25.26270439987978,16,Acid-Inverted Sugar Syrup
17.57150728915948,82.98984284086427,5.891338124773869,14.894515597356751,0.3410521813710311,-26.06553009295554,100,100% Pure Floral Nectar
20.35805980305202,72.38067807121888,46.33958500527282,3.309434911080099,0.5726678318981396,-24.93088373689421,29,Acid-Inverted Sugar Syrup
18.021371322065384,81.6676559617656,34.466916142920695,15.654215276545559,0.3752329598803301,-26.385979175822957,92,100% Pure Floral Nectar
19.090570012212215,76.86993019633486,84.44105642546675,1.6464693103911978,0.4075550321716488,-23.865674255771005,37,Acid-Inverted Sugar Syrup
17.91831958813621,84.4172764898173,6.0678279050495085,10.705057227452574,0.4759280097934324,-27.393877719420296,93,100% Pure Floral Nectar
17.699821680351064,79.86876536342845,3.7620678354072608,25.262597026677412,0.3141817801217497,-25.965346623070204,92,100% Pure Floral Nectar
17.62250865974725,81.70817487519753,2.0,19.52428248689666,0.75,-26.795886933681697,90,100% Pure Floral Nectar
16.12320071029778,81.81405384783703,7.004114077961926,15.847120237549838,0.5856147947502479,-27.2871358761766,93,100% Pure Floral Nectar
18.362470143161943,83.7833344103065,13.572533391409092,15.42748575069173,0.3202454525421732,-26.047837522664334,92,100% Pure Floral Nectar
16.06257779846127,73.27829465479154,47.13162130281674,8.4111154821446,0.36184245459913944,-14.974844589688242,62,C4 Cane/Corn Syrup Adulteration
16.819682845543525,81.94574977000946,15.669131737688282,24.12435282330916,0.43126877779925393,-25.808303786775205,94,100% Pure Floral Nectar
18.205460015991108,81.95652347953268,2.0,15.509688337130958,0.45183460137405695,-26.842707326653322,91,100% Pure Floral Nectar
18.298796649687628,76.50016013810396,37.217867084516925,14.833033123112104,0.23621678492070297,-17.25179254254817,56,C4 Cane/Corn Syrup Adulteration
18.95237305658709,74.68036254180235,51.4310118383136,3.03878519040481,0.45067807721208253,-27.5,33,Acid-Inverted Sugar Syrup
16.052661455878457,74.40724158204223,18.502236722056885,13.362118253701423,0.23041835630959293,-12.783456715620567,38,C4 Cane/Corn Syrup Adulteration
21.988622504846546,75.8443470152651,36.20655626641518,4.0,0.305862638630307,-18.905934938140394,39,C4 Cane/Corn Syrup Adulteration
17.372966774337815,79.5,3.1790020072061282,16.37434159482528,0.3583440296750358,-25.959366452019864,92,100% Pure Floral Nectar
19.279148024793017,73.54410853563722,94.15015040706906,6.273203279638015,0.43655119186509445,-24.87539072278077,18,Acid-Inverted Sugar Syrup
19.147450809945553,70.02925354443164,65.34649897314246,6.120126883400401,0.3300867841555979,-24.45715529483474,44,Acid-Inverted Sugar Syrup
16.51735128629851,82.82486869611964,5.665256905996088,12.366555033656063,0.4360730259542416,-26.42652069071529,97,100% Pure Floral Nectar
16.906960652588893,81.9996033594623,7.004070531958587,15.60637346264583,0.6161835421392416,-26.248246105676852,98,100% Pure Floral Nectar
22.350226247873838,77.811567529455,20.69552209551754,10.97672362237768,0.15,-15.28246791259454,54,C4 Cane/Corn Syrup Adulteration
20.290451968922767,70.0,34.913209230419355,6.771244760423338,0.2753798002198938,-25.0824834935437,54,Industrial Rice Syrup Adulteration
18.588710094254687,77.92366428707389,42.03774322747193,8.197381171104228,0.2867759709370323,-22.5,62,Industrial Rice Syrup Adulteration
17.66477246279662,85.0,2.4156334347537864,17.539908453007506,0.35900818247000155,-26.126660994287963,95,100% Pure Floral Nectar
16.325916454401487,82.47001593620399,2.0,17.93470798478406,0.3894750699568125,-27.07595474772511,97,100% Pure Floral Nectar
18.81338309675959,73.39954359823177,43.48903956062085,11.187095825790523,0.3658463795178074,-25.314570330444813,39,Industrial Rice Syrup Adulteration
17.77374611969992,82.72378164017066,14.785342200798937,14.82457168327875,0.45383211638461946,-27.0586840828979,90,100% Pure Floral Nectar
15.145464627946584,80.74553716017816,4.397141688893225,19.402439134980387,0.5821192686873019,-25.548888506460713,92,100% Pure Floral Nectar
17.951512983047106,79.57575918502273,27.330321142887822,14.088208051695563,0.3136499755634494,-13.57839695283306,41,C4 Cane/Corn Syrup Adulteration
17.131886707801367,84.49523973536552,4.718874461596923,15.891853040398491,0.4927484632195546,-26.370823154948162,95,100% Pure Floral Nectar
20.443480166437265,77.16599878388793,40.965939813546896,7.868672832079929,0.18035220483709116,-23.941686159559517,51,Industrial Rice Syrup Adulteration
15.33627386501911,82.12517752733764,8.170995755795346,19.072577570025206,0.25605460909173283,-26.268064706237357,91,100% Pure Floral Nectar
20.20109346611499,72.746198912262,110.47014720475383,1.9175798133000508,0.6577677769904386,-23.44321436884126,28,Acid-Inverted Sugar Syrup
22.550405508458883,72.77277245411791,42.0,1.9009174686354324,0.462683050827805,-24.335638048657138,35,Acid-Inverted Sugar Syrup
17.354607697883374,76.41536459926746,28.331968689782883,12.409508772037377,0.4013637389000204,-15.97194394242524,34,C4 Cane/Corn Syrup Adulteration
17.37422931588458,77.51546340631282,33.23172298988534,10.007309274033577,0.3397166097441686,-24.228701012266153,54,Industrial Rice Syrup Adulteration
14.0,82.11398550506675,10.143318185673118,12.568527753494712,0.5146504852662537,-25.81612959966295,92,100% Pure Floral Nectar
21.552069404134254,77.1613930474731,77.81890130694097,3.6659487579162544,0.5341025584128886,-27.305247715834664,31,Acid-Inverted Sugar Syrup
17.8975104478955,81.65286914783317,17.43053821747803,20.796001154241782,0.6337679659921029,-26.123625985711474,90,100% Pure Floral Nectar
15.909396261624561,82.1834040291824,7.769465407778204,15.284637396313299,0.3768113355380102,-26.57271609638743,99,100% Pure Floral Nectar
16.765626540769162,80.2283142713963,3.6240721856247617,19.658602192159073,0.42935247558698514,-25.545666526243245,88,100% Pure Floral Nectar
21.04712125053979,76.09890645874206,63.81610972180205,2.5813514033943243,0.5382888913726779,-24.749879316720126,23,Acid-Inverted Sugar Syrup
19.72624499845837,77.60869871148566,15.10105505527613,13.22524516275763,0.2013281530094768,-19.70265244851902,62,C4 Cane/Corn Syrup Adulteration
18.815077473705603,73.47593381499998,29.99602655264219,3.5464606255028084,0.20620922967506505,-24.673538167269808,41,Industrial Rice Syrup Adulteration
18.674413994666065,81.27902231656239,9.276267686618837,16.112376135516406,0.5046178390725812,-26.75777364863015,92,100% Pure Floral Nectar
19.47630852907765,79.18974526735842,13.834781520621805,6.9255763823684395,0.3125337690927823,-14.453043972402979,52,C4 Cane/Corn Syrup Adulteration
17.031466370464962,82.74804849170842,15.508823029761967,12.402402746808935,0.6425984828976787,-26.694653495208634,98,100% Pure Floral Nectar
17.059677960856323,79.93990313825901,34.03755000246864,13.59464380868889,0.35543039033263324,-14.39192288166744,34,C4 Cane/Corn Syrup Adulteration
17.492409033006656,81.25192127862758,2.1598270036385676,18.87620966928171,0.34332179351199865,-25.790427713695575,98,100% Pure Floral Nectar
19.408434591668865,80.4480936982504,6.627878700662638,15.333216304484614,0.27548042073852474,-26.231658645372566,95,100% Pure Floral Nectar
19.420477886455835,76.15814783469273,19.46512126670156,7.703519108532243,0.40056925012974526,-14.467646944836893,68,C4 Cane/Corn Syrup Adulteration
17.68916647507326,79.36210211616866,52.18106207891991,8.564622574854383,0.3464167510431778,-22.770380478196735,44,Industrial Rice Syrup Adulteration
16.575343193499307,82.36907031770116,25.955476997172774,12.94854319938581,0.37398984696372817,-25.592946076117656,94,100% Pure Floral Nectar
17.133204101401226,80.00240954681664,2.0,15.23891352507648,0.2573349766603048,-27.55185857158774,91,100% Pure Floral Nectar
21.315404257019864,75.8925551808894,75.02037720969864,2.7705825058611597,0.5179306652053736,-22.0,29,Acid-Inverted Sugar Syrup
19.339855796977545,81.23864091187764,9.969645473356465,10.619234782282017,0.37574360817733576,-25.893202077318666,93,100% Pure Floral Nectar
17.17008578791219,80.08769349936907,3.7923729472146688,13.329380273278538,0.5816007601681374,-27.073749184443525,88,100% Pure Floral Nectar
21.83830754338098,75.68428889905323,32.99985743613094,12.138651105877138,0.19887800846733317,-24.22993192249952,49,Industrial Rice Syrup Adulteration
20.743061765991115,73.71265018559491,45.886187158289154,4.426715530907369,0.2252430239000611,-24.864822491562187,46,Industrial Rice Syrup Adulteration
14.0,82.94539639150553,2.0,17.40338056604275,0.3944568140692359,-25.981768946272265,92,100% Pure Floral Nectar
21.07497316196107,79.0,80.1699852882496,0.5,0.49653667482897823,-25.302895794351613,34,Acid-Inverted Sugar Syrup
18.42830720680594,80.92287952293316,9.392698154403753,17.139276056498037,0.3963173813598403,-26.553668607712996,97,100% Pure Floral Nectar
16.73877309911407,80.18891622248776,8.867108862018663,15.791021638389614,0.326056018764301,-26.28523396337363,97,100% Pure Floral Nectar
17.23390723934186,83.10236937631639,2.6684384933117196,20.303117891519975,0.322128987453702,-26.738813736237393,96,100% Pure Floral Nectar
17.744010046343348,82.6137733971735,2.0,18.806381911869224,0.5813622207876737,-27.383021491687316,90,100% Pure Floral Nectar
17.883243061532706,80.66809309604814,19.30630483458392,12.147746229599708,0.5289884315550855,-13.747978064906022,51,C4 Cane/Corn Syrup Adulteration
18.149096219874977,82.05140467038551,20.443979040071547,16.051671840491963,0.6567095885336318,-25.362289179871752,95,100% Pure Floral Nectar
17.05167230397421,83.59579874992505,5.094848888307627,18.19388743462509,0.23972816971916627,-25.90543545860556,91,100% Pure Floral Nectar
22.606166174138945,72.93218057114689,48.342903171341995,6.10260872446164,0.600625956922952,-22.81096502623712,34,Acid-Inverted Sugar Syrup
23.0,80.2657253115557,31.795128521248458,15.636550733208075,0.395177538587469,-11.970927889036792,31,C4 Cane/Corn Syrup Adulteration
18.329971635292235,79.82218272635126,6.910286330833056,14.713028278187842,0.45389397168667206,-27.480541365311577,96,100% Pure Floral Nectar
18.693344565424816,80.5200951892769,6.630043161804155,27.019819701378584,0.2673314847321644,-27.202748169038582,97,100% Pure Floral Nectar
20.938496964344633,74.66747733193115,20.500188829782893,6.529809257532197,0.1414557040859242,-24.101269868329158,38,Industrial Rice Syrup Adulteration
22.249123007592605,79.45629541760786,26.03719199614543,5.567956439426505,0.27058164081106856,-26.500107967729452,52,Industrial Rice Syrup Adulteration
18.10676395334097,81.13823114652537,4.50823218747634,22.680436791513664,0.2652388682446733,-25.384761818868654,89,100% Pure Floral Nectar
18.04446240351528,81.92973206864131,3.8071552756841456,12.04020450832217,0.4681846362863046,-26.515557863659687,94,100% Pure Floral Nectar
16.456604262997455,79.50695709676046,5.7748143978097435,21.06854621277245,0.36799793338985687,-25.23152714033645,98,100% Pure Floral Nectar
17.67927296828547,84.0592430056692,6.842824450778439,17.399525059900295,0.36918761001848666,-24.862567435834233,97,100% Pure Floral Nectar
16.131399454149985,82.26966004794983,38.0,14.368006762315382,0.4228062150187417,-25.92214324489519,100,100% Pure Floral Nectar
14.678519172186165,79.76492959821964,33.58397932636527,17.813357309675496,0.3684981251726815,-27.266147583027415,99,100% Pure Floral Nectar
18.066815965407276,81.35592918989512,32.409241031638274,19.116284703333953,0.3074455909386129,-27.501342864724016,92,100% Pure Floral Nectar
17.901182264922237,82.05275889960232,11.311427575651251,21.020642052843897,0.42259984940442763,-25.5167671877235,94,100% Pure Floral Nectar
20.745462921115017,76.8086125130066,92.24763607651963,5.992692314837296,0.49126131744293644,-25.223516939071498,23,Acid-Inverted Sugar Syrup
16.73080710635997,82.72695481561084,28.25641348287434,12.829858270595336,0.5405786030109495,-27.711838851911853,99,100% Pure Floral Nectar
17.22580750629155,82.59499774481215,18.490616768842067,12.105090175144122,0.41912931618412064,-25.566510267711497,92,100% Pure Floral Nectar
18.056346804377213,80.54599436620092,11.6573425787902,14.561756989634887,0.520995870691809,-27.2912788162648,94,100% Pure Floral Nectar
16.753324490066735,82.5778956664991,2.1945947058761126,17.575897124814194,0.44224759877613135,-27.495398097468822,95,100% Pure Floral Nectar
15.254586858512262,77.71771157227154,26.35656536405436,6.948021362360252,0.30829778174216393,-18.300373447824644,37,C4 Cane/Corn Syrup Adulteration
17.745459848319264,82.82188342380847,11.488815729361828,15.414391117249398,0.6623039103253516,-26.182876920972014,88,100% Pure Floral Nectar
17.457368322851504,82.27237212006496,11.30479839008796,11.672144666789078,0.4725606310222472,-27.12108547370774,93,100% Pure Floral Nectar
15.770274056017001,83.79920784112986,6.091067223555135,18.53051941112438,0.5754178253034411,-26.03467613610544,89,100% Pure Floral Nectar
18.558893263256394,77.5191762665709,33.26227136270308,2.0,0.31146485548419545,-22.5,29,Industrial Rice Syrup Adulteration
16.57629647003892,80.72781567927322,2.0,12.92965236443496,0.47436475878864703,-27.141200606200595,93,100% Pure Floral Nectar
21.46951166976238,79.98459870363492,30.68179947509225,6.490233957651323,0.23797119970159852,-24.67031691852673,29,Industrial Rice Syrup Adulteration
18.726041420597657,76.87598987799427,26.077945281324624,5.202812297059413,0.34870063213164093,-15.853448500660637,53,C4 Cane/Corn Syrup Adulteration
16.14521498151534,82.73647909842614,38.0,20.4775083123479,0.3721115352908288,-27.00200173258561,88,100% Pure Floral Nectar
18.084104802251904,77.31419414937726,24.37473685051252,11.458054975210784,0.34440959668487586,-15.380230431438015,44,C4 Cane/Corn Syrup Adulteration
18.154648085476836,81.69747557736206,7.588049063918628,13.435224636665067,0.5311159355822676,-26.149770869905893,98,100% Pure Floral Nectar
15.672646997698722,82.03509647741869,38.0,10.837059411463624,0.5772233827265161,-27.245734720850624,94,100% Pure Floral Nectar
16.551215230062553,81.65018209801732,38.0,11.315010756254333,0.4189967055274252,-26.80624850199691,96,100% Pure Floral Nectar
17.481810698852986,75.58570681509418,28.558878375854093,11.774539506298265,0.346063937518985,-11.119487260550976,62,C4 Cane/Corn Syrup Adulteration
16.00927136410698,83.66054172405597,16.71643324570625,14.018077918266226,0.28798291004747567,-26.61577964082737,95,100% Pure Floral Nectar
17.510987280287196,81.8555419980041,2.0,18.898652556492777,0.18,-27.19376243517746,91,100% Pure Floral Nectar
19.974796866856323,77.87681686489374,42.08576405990583,11.877177896344236,0.19173930219487056,-22.548907132890523,42,Industrial Rice Syrup Adulteration
20.276183437133795,80.29342862864121,17.70806813303195,5.4807837176483005,0.2096952856667273,-22.5,44,Industrial Rice Syrup Adulteration
16.739934133951422,80.08209814573159,2.906161665537811,17.879383673044213,0.2393664988606271,-27.07526031222654,93,100% Pure Floral Nectar
26.0,77.73002086347073,83.70008384327095,3.572963755061082,0.5687659677596731,-24.439252674424274,39,Acid-Inverted Sugar Syrup
21.442476943012007,79.0,65.65458875005945,6.134895463453345,0.5916530720656055,-25.59801537789609,32,Acid-Inverted Sugar Syrup
15.504359299006905,82.29253179602222,4.178355475036428,21.017463716533996,0.3131164697685267,-26.0686611716304,93,100% Pure Floral Nectar
18.192605260623917,83.03014348155023,5.8876558379273805,18.805696170784348,0.4114097168527345,-25.851572325653756,95,100% Pure Floral Nectar
17.177845326973312,77.78309237290077,57.230693272209166,7.602371444171664,0.32795900188545446,-23.56748495637915,44,Industrial Rice Syrup Adulteration
17.47620917188369,82.04224487672278,9.478508920815745,19.506332016552356,0.4429108478106127,-25.87410560640017,100,100% Pure Floral Nectar
15.020719157066534,81.57539990575145,2.0,20.007314747533638,0.5045747330926784,-27.51592342768732,98,100% Pure Floral Nectar
14.345074951135858,83.9539612099244,38.0,19.911091932269027,0.32876586736540875,-26.39988764481504,100,100% Pure Floral Nectar
16.77809073647188,79.10731256462103,36.697843988390915,3.2448244281396876,0.29908038990468766,-23.615516906869743,40,Industrial Rice Syrup Adulteration
18.294552020488233,82.55207069978913,6.648065087679082,18.721567219449614,0.43128838094298283,-26.59761842934745,100,100% Pure Floral Nectar
17.907658222833277,82.66149593154633,8.342929598616262,9.395019684571034,0.5608610424440043,-25.902458182377362,93,100% Pure Floral Nectar
18.035462769015346,75.00385389033805,61.56952465884722,7.115382335765544,0.6007301779715452,-26.921345518316322,23,Acid-Inverted Sugar Syrup
19.8,83.0701095474301,6.360324189997083,21.18284869981572,0.3531262428462536,-25.655594994692777,93,100% Pure Floral Nectar
19.18366064369221,81.0,34.52253508166324,11.789735895423007,0.3083537264539168,-15.246419166015373,48,C4 Cane/Corn Syrup Adulteration
18.355137570534687,82.96650183200379,12.315802380803369,21.335227854703064,0.18,-27.735055399782162,91,100% Pure Floral Nectar
18.81807252946347,78.58195591775059,33.35670152718542,7.8235055601377415,0.35065478917183734,-18.843270458464193,68,C4 Cane/Corn Syrup Adulteration
17.773667914343296,84.54545220981231,23.63727626687486,16.130085318207616,0.2650253322615643,-25.387096767690455,98,100% Pure Floral Nectar
20.28130940151867,75.98746798860965,41.306027791124244,5.42417644891999,0.16267907322032887,-23.996635802651046,32,Industrial Rice Syrup Adulteration
19.583144967406987,73.28479582089898,23.2238103547584,10.212060578232181,0.358050084759871,-25.012363201211866,44,Industrial Rice Syrup Adulteration
19.11799063816426,70.8245683898754,23.08359952197768,9.828049175605013,0.28333207361285695,-23.256417184431438,37,Industrial Rice Syrup Adulteration
19.234281288376962,75.41909544371994,12.0,10.566791761236797,0.1629668090417537,-24.680336184658945,47,Industrial Rice Syrup Adulteration
20.192965871565423,80.21843833123935,29.285457868417986,5.200918925604195,0.2862734158365326,-26.538601326959313,55,Industrial Rice Syrup Adulteration
15.056449496421989,81.51584640838601,25.228356874594034,15.516695234884962,0.321499324937965,-26.176155371211223,97,100% Pure Floral Nectar
17.954258389424915,83.01522381997776,29.881226223601566,13.219879093766053,0.4463709700728172,-27.7510608085264,91,100% Pure Floral Nectar
19.573071456603053,80.24030947852344,4.245517114057866,9.533952283544835,0.31769128935042007,-26.526094923086895,95,100% Pure Floral Nectar
17.700365337850798,79.84478157898191,23.300389801154342,10.00158195536488,0.19923191618437994,-15.100909921634203,46,C4 Cane/Corn Syrup Adulteration
15.189792988348785,80.40326225527407,2.0,12.184583561920249,0.3897865591288345,-26.603715031159705,91,100% Pure Floral Nectar
15.519585030121913,81.52351722016566,18.74263383106134,14.755679641920178,0.4995928057517373,-24.854367766719516,90,100% Pure Floral Nectar
19.440329025359716,70.33295551025004,59.79911895430136,5.305409107546899,0.6863644577647456,-26.43466357325035,21,Acid-Inverted Sugar Syrup
21.378453635844128,79.33105490941166,33.40325175116441,3.8570090306286025,0.26105097065446015,-23.8794915294721,30,Industrial Rice Syrup Adulteration
17.866900877098708,82.96960100285676,7.930321894440874,15.467425848495107,0.349792419432408,-25.764110032639685,89,100% Pure Floral Nectar
20.34688753839179,71.80775943326505,44.6686558764159,6.6794466410128805,0.40693215998748644,-24.683891278502976,36,Industrial Rice Syrup Adulteration
17.475176687116203,81.95627260279733,3.5106064400429453,14.759079438601466,0.46609922135609727,-25.49025810028759,98,100% Pure Floral Nectar
20.97263635941281,74.78016153477165,30.018927393464587,16.804935886827433,0.3783059546508912,-11.0,57,C4 Cane/Corn Syrup Adulteration
17.011080265932467,75.41754845359908,34.12983828902916,3.1615423476085986,0.3040480000983334,-25.837954338184776,40,Industrial Rice Syrup Adulteration
14.675604453241677,81.37960520370159,16.8260455181989,23.225669657091252,0.3038384442492863,-27.168350354505026,93,100% Pure Floral Nectar
17.087340643000513,75.26830403362857,30.169533223024928,2.0,0.4684503175270779,-25.50683705468737,29,Industrial Rice Syrup Adulteration
18.23975538570361,82.85543999693179,26.937977532419115,17.567386281084453,0.38319741413754,-25.68799662793448,91,100% Pure Floral Nectar
16.08434664234133,82.30101142402104,34.380808851420646,13.382751847696625,0.2622301367627492,-27.726384057307545,91,100% Pure Floral Nectar
17.94307057256323,79.07049707116113,17.266222053149487,13.561368720907083,0.35586706033696375,-11.0,53,C4 Cane/Corn Syrup Adulteration
19.531664222247606,81.20706758015875,20.002427666525413,12.735631751166421,0.4756467669068537,-25.97913424829383,97,100% Pure Floral Nectar
16.89524631548189,79.90900139932671,2.0,17.28845743183829,0.42200410407210603,-26.683911149723375,93,100% Pure Floral Nectar
17.03509224805736,80.65140814747885,21.810792705058205,14.555642050660953,0.35695333298962256,-17.329313417637092,46,C4 Cane/Corn Syrup Adulteration
17.7906890559294,81.8036606978296,10.721257870522237,19.26323835778998,0.5095027821718293,-26.142984216469866,94,100% Pure Floral Nectar
20.88659436867699,74.88619105162807,52.14524756049906,5.573858442660422,0.5696079567567173,-26.79145649047104,27,Acid-Inverted Sugar Syrup
17.4547967820308,76.7459076139915,35.8062576940508,7.696407083569456,0.3056816930036351,-26.362028873160227,50,Industrial Rice Syrup Adulteration
16.924946783200664,79.5,8.635604617704509,11.395804315781177,0.4876579871263805,-26.151658991960392,93,100% Pure Floral Nectar
18.70308444980368,84.76880530367082,13.674938636595877,18.127741072331506,0.4494983066179667,-26.400092180358854,99,100% Pure Floral Nectar
20.121061525579098,78.27295939513853,10.561750464285986,4.0,0.27638132899113804,-19.455293662364888,26,C4 Cane/Corn Syrup Adulteration
18.15708413871832,81.0,35.058060076864614,6.00181416207277,0.27514367799061223,-15.932413807983899,36,C4 Cane/Corn Syrup Adulteration
15.340539531542197,80.25962789554461,8.672669789391326,21.63897767451937,0.46560809286885985,-26.87289797001385,93,100% Pure Floral Nectar
18.348928688002648,78.04066683815634,15.613701013559186,7.438937637403268,0.44076317206376925,-24.937930262714335,19,Industrial Rice Syrup Adulteration
17.6805520973505,78.31510542243531,51.762860693279166,13.21803997300498,0.2222441826924223,-22.5,54,Industrial Rice Syrup Adulteration
17.60421312795503,82.42866161687715,11.797074981193319,17.457729123752532,0.33650040643292695,-26.44509553970403,97,100% Pure Floral Nectar
20.76261911866072,70.20622787161676,42.73056612708528,3.200646511606217,0.6304322682238425,-23.839957721312665,41,Acid-Inverted Sugar Syrup
15.474467359324088,82.94654294361544,7.8525814711613116,20.2641539442826,0.21402029074273607,-27.522884708729226,95,100% Pure Floral Nectar
19.499585350957997,75.14565907576873,37.83825221578172,7.140158587565457,0.3207682854230912,-14.921856410644047,50,C4 Cane/Corn Syrup Adulteration
18.48564324840324,80.44582444818084,27.13871151203952,14.115347989572523,0.3820444156362186,-27.0187929292454,91,100% Pure Floral Nectar
19.8,82.9085692093085,2.0,15.33246434248542,0.2604769129279123,-27.23591105926392,97,100% Pure Floral Nectar
20.336985155894318,76.75162420075776,70.23390389010488,4.831244069117144,0.3912930247483619,-26.953801534904223,50,Acid-Inverted Sugar Syrup
19.537866306091967,83.16012693186808,5.544404295367512,14.769698792047812,0.4006457479606626,-26.61022269979583,93,100% Pure Floral Nectar
18.684711779038135,72.49073721898775,45.31287106358727,11.672725519718922,0.3650157921066517,-25.682588108831066,25,Industrial Rice Syrup Adulteration
21.848038854874474,81.0,35.57549745564166,9.321512637073582,0.3494256404484083,-12.87480852305912,38,C4 Cane/Corn Syrup Adulteration
17.816020230074663,81.89613759138426,19.5716871421326,18.100740039025723,0.44724756637729796,-28.10178481478014,95,100% Pure Floral Nectar
15.342939020364483,79.91342685701945,26.796253849232745,19.982956932355265,0.5517882964228111,-26.747993816708956,100,100% Pure Floral Nectar
21.470908791005737,71.09422691063605,90.272474883245,5.261895035920601,0.7859637580210243,-24.35157593343195,27,Acid-Inverted Sugar Syrup
17.663433516094432,72.89205520459157,32.240216685432294,5.438863585150713,0.17305298762701857,-23.95872998179253,49,Industrial Rice Syrup Adulteration
19.411401004022995,79.91812266151234,38.0,18.848660276934158,0.4513039409666371,-26.32078799202505,94,100% Pure Floral Nectar
18.01493678485606,83.51893280763238,36.09171827078532,15.225039838274348,0.42139820492222946,-26.452372894245407,89,100% Pure Floral Nectar
18.416816429495654,80.25327697487575,9.924370905381435,13.445850088600196,0.3783631856273859,-25.169521170348634,98,100% Pure Floral Nectar
20.373784713420957,76.9065728925876,25.676037916667376,7.856503824575955,0.31556013548243456,-23.59846168391985,36,Industrial Rice Syrup Adulteration
17.27801487720417,79.5,14.55770857186324,16.426590443767026,0.4741617057437559,-26.61274585333076,89,100% Pure Floral Nectar
21.01448152691913,74.2041776001412,38.86772291522161,2.0,0.32727133807008585,-26.850790413509497,38,Industrial Rice Syrup Adulteration
18.756215203986994,75.90047346712274,15.534161211457038,11.571937365436426,0.3165453971076377,-17.149887050312987,52,C4 Cane/Corn Syrup Adulteration
15.942219460112298,79.5,28.688808031294926,14.610194843840855,0.43140334623264875,-26.010136482361645,94,100% Pure Floral Nectar
21.97277211303743,75.80786731757469,14.335369376947472,6.119161921662767,0.3047010256829402,-25.09571894309929,57,Industrial Rice Syrup Adulteration
18.183565837182577,70.25375764952938,65.74918017699446,3.0242467109343494,0.6306761610491173,-24.329688478117472,35,Acid-Inverted Sugar Syrup
19.29480806577369,81.0,39.45162416630284,8.228268070213248,0.15,-12.419151076903775,57,C4 Cane/Corn Syrup Adulteration
14.967801277687887,82.58628712435231,14.190835426664226,20.35938595917899,0.39747580729511556,-26.283244434828305,95,100% Pure Floral Nectar
20.482094093854904,75.45326046232867,12.811029234497443,11.589641910780408,0.33536513298318027,-15.780310966021261,50,C4 Cane/Corn Syrup Adulteration
16.555105720656297,83.65451850392944,16.751736356485424,12.48022084928111,0.46826373898948215,-27.000933123820847,89,100% Pure Floral Nectar
18.378043694776697,71.10113102311186,65.12052153677215,5.826101852799015,0.5687281256492354,-23.71808436883628,25,Acid-Inverted Sugar Syrup
17.0,68.17636362959699,71.98205433454298,1.3771780194056609,0.5550610605907824,-23.480499412212158,35,Acid-Inverted Sugar Syrup
17.875010243717476,79.12316383664047,31.173645532111333,12.905712421283688,0.2896106348854295,-13.478445039459526,58,C4 Cane/Corn Syrup Adulteration
16.34331041512796,76.02455882468651,39.883204188563376,6.318606602345598,0.40757899772517825,-14.637172652489026,55,C4 Cane/Corn Syrup Adulteration
20.08003829390933,79.0,63.5785322395959,1.718288839834604,0.6272277521673889,-24.921497688661265,39,Acid-Inverted Sugar Syrup
18.83742598939888,79.89534762292081,13.38546956242536,16.19290082197848,0.3562728995545589,-25.547716384634498,89,100% Pure Floral Nectar
14.0,83.56629367472304,23.1182545758072,18.18944958127789,0.6293394659231866,-25.80720237977407,93,100% Pure Floral Nectar
22.43005674371346,71.41750198940143,96.42801654291118,4.707755526977632,0.5917888502255524,-25.73332180209148,37,Acid-Inverted Sugar Syrup
19.833275261782852,74.47177647907729,20.977337620310102,6.354727563660985,0.1938908826730268,-24.336688451655835,51,Industrial Rice Syrup Adulteration
20.4447264715779,77.65640888733546,20.7317286113298,6.935150770107575,0.25560483528997163,-25.33413744638111,39,Industrial Rice Syrup Adulteration
17.778104035985873,82.6044550830323,11.768151824079915,23.12838223602382,0.4816331153298266,-27.4628953902065,98,100% Pure Floral Nectar
18.262556908690573,84.6508782540337,15.604893571888052,14.150934840019358,0.47535968556425057,-28.2,95,100% Pure Floral Nectar
21.081021995255988,77.89485076157744,28.832043385188555,12.178686077792099,0.2981598024745222,-13.235212423172047,47,C4 Cane/Corn Syrup Adulteration
17.20426442821478,82.10703637739685,10.323438393367208,20.271986791321833,0.26001395352588047,-26.857727965962372,88,100% Pure Floral Nectar
18.18343056597622,74.3291511955971,79.53047340683574,5.413977468877974,0.6634301215991631,-22.92670140486949,37,Acid-Inverted Sugar Syrup
16.310038763775434,79.41658989036203,43.42907040715171,6.525222556319756,0.2036181415848958,-15.533845373545613,38,C4 Cane/Corn Syrup Adulteration
20.401255746253025,76.17520785802705,27.97811555127109,14.77009127801658,0.39197676302302736,-18.266658347993157,53,C4 Cane/Corn Syrup Adulteration
18.07968371296999,83.1356021221198,10.561266865193955,19.941726881889988,0.2983672989174637,-27.790403428309293,91,100% Pure Floral Nectar
18.744184192902168,81.0,32.44685161241485,15.542805579818856,0.3705077579983797,-16.937480044125138,51,C4 Cane/Corn Syrup Adulteration
21.621644560769592,76.1193586556362,63.735447844830865,2.041818520945349,0.621628846168959,-25.77733750033991,11,Acid-Inverted Sugar Syrup
16.867871623016477,77.08379103601393,33.4741596452862,12.978182207832731,0.31416490676444475,-15.94615301529601,35,C4 Cane/Corn Syrup Adulteration
17.0,79.0,84.12849222190125,4.009251586209717,0.6787577046151776,-26.898415189181375,34,Acid-Inverted Sugar Syrup
17.84088201261264,83.53471719046966,20.79462276785364,21.103424513803237,0.33970838878347437,-26.147397573304023,95,100% Pure Floral Nectar
18.705418330124136,76.19933295186539,42.20197245376302,8.57298174145722,0.3953159122727138,-25.548551710451036,39,Industrial Rice Syrup Adulteration
16.52171583983876,80.69355234531088,37.3817694385849,5.987019359464513,0.27875714100634025,-13.419347454856347,44,C4 Cane/Corn Syrup Adulteration
19.005653855715842,79.5,3.506678133118226,15.830690048699042,0.3545263012405497,-25.175163445883417,96,100% Pure Floral Nectar
16.057865601048384,82.77319390669595,8.763170454509815,22.950970362895497,0.44244092657696643,-27.04282129612988,97,100% Pure Floral Nectar
19.115216925791618,72.26958607494755,43.152873254932814,14.0,0.36967163399958963,-26.05537280090921,27,Industrial Rice Syrup Adulteration
22.146680217149473,75.69209117454155,57.96604051075603,0.6652227774584238,0.5558259442971651,-27.5,42,Acid-Inverted Sugar Syrup
18.783553121598977,80.65981727301556,26.838923335829268,6.93887868243551,0.4955328934882197,-12.014281367737615,43,C4 Cane/Corn Syrup Adulteration
21.25089904513185,73.60591707812885,49.18020034046745,9.320734660821216,0.13663604912452737,-25.838886474076332,52,Industrial Rice Syrup Adulteration
20.662217310812444,78.0497560739375,24.629297156406693,3.9144420492866185,0.38707320612112334,-24.369730581958173,51,Industrial Rice Syrup Adulteration
20.919024282201708,73.31299642698676,55.51541063695006,7.6402433700176156,0.27456300910681464,-25.241599928140882,31,Industrial Rice Syrup Adulteration
17.541320999279677,81.24089707645287,19.497392000097264,20.281637127602703,0.3193610834975298,-26.006096097942542,92,100% Pure Floral Nectar
16.529156067016594,82.30792521800028,24.572300907606802,19.655892909146615,0.18,-26.70822797927333,93,100% Pure Floral Nectar
16.669221162617518,79.5,6.9370380375067455,9.0,0.45495403988283073,-26.228781351245548,100,100% Pure Floral Nectar
18.763028146549974,77.67374846343911,49.27918313421587,4.340211656142003,0.5808674367221613,-26.710184021744038,26,Acid-Inverted Sugar Syrup
19.8,79.59104207056056,2.471972161827173,15.578973259200577,0.4878886205344741,-26.733207000014595,92,100% Pure Floral Nectar
16.678910513500526,83.68820507798644,8.828037096627197,21.25740032715,0.5378413183345908,-25.68096590797171,94,100% Pure Floral Nectar
17.525155176025404,81.20028470940511,2.0,20.78962045268768,0.3859576534887392,-25.742972244962154,94,100% Pure Floral Nectar
15.862243383159404,79.5,25.875370715599665,16.961552043958275,0.26280281347500006,-26.168895035425642,91,100% Pure Floral Nectar
21.725460169548356,74.3976326924814,41.33203672240365,8.969253821215082,0.29284616302674255,-25.403397072582354,30,Industrial Rice Syrup Adulteration
17.651846813266044,76.35019067871123,13.293842124820888,18.0,0.2873016226228362,-15.18112935277707,60,C4 Cane/Corn Syrup Adulteration
17.30560709446223,82.8751113725032,18.212454006943535,17.131334329697655,0.2601903018722188,-25.39545421159852,92,100% Pure Floral Nectar
15.907473455444734,80.86251572269158,2.0,22.629317048253604,0.440363178956554,-26.645471375561016,87,100% Pure Floral Nectar
15.159427900749098,81.31102301735392,15.578517062174269,13.25242636133075,0.4502655604035436,-25.592670565622175,91,100% Pure Floral Nectar
18.88890967978245,77.3778217245168,25.2905644933526,9.261432199968308,0.36796667561684393,-24.44868797490219,40,Industrial Rice Syrup Adulteration
19.34531481454936,80.14217028483968,2.5406508381227493,12.479043561081237,0.48715938843892426,-25.84170406411983,93,100% Pure Floral Nectar
18.32618348150575,80.5,27.77997980772085,10.455276323661934,0.2762122336195368,-23.441516484033837,31,Industrial Rice Syrup Adulteration
20.044416638756555,78.60634241753026,21.27917645696158,14.0,0.18450982295139773,-24.304995686163032,38,Industrial Rice Syrup Adulteration
19.287016591589932,82.11907837757883,5.932855586213341,10.840719795127171,0.3571388195623926,-27.112626370345968,90,100% Pure Floral Nectar
24.01784253062046,74.28981275240142,94.56736450716429,6.965413117970481,0.7648055842836259,-23.069078988836278,30,Acid-Inverted Sugar Syrup
18.90514281322778,79.58945325045826,38.0,12.992324894000806,0.5158377848629372,-25.485956395198734,99,100% Pure Floral Nectar
17.862532674402964,79.8851381657179,15.585170087631166,18.502529287182263,0.5611213182237248,-25.245566073665877,92,100% Pure Floral Nectar
18.865258684494496,81.71052728236445,8.721601967239875,17.167181522718124,0.3289843292482962,-25.23605589757437,88,100% Pure Floral Nectar
17.567585860602694,81.57838040862843,2.0,12.873133220094338,0.5429728560798013,-26.331343684804143,95,100% Pure Floral Nectar
19.428447293648635,74.89626470047482,68.17462324936824,2.7508818034034377,0.44298372380077444,-23.708291980087584,32,Acid-Inverted Sugar Syrup
17.930718191863654,81.62293541030827,3.6463066450525012,14.857255493923745,0.4151955350974681,-26.51474818372886,90,100% Pure Floral Nectar
19.195791783933768,80.5,40.83129245060022,8.945166580297407,0.11597648859801829,-25.129850527149486,54,Industrial Rice Syrup Adulteration
21.03360721688667,74.66770600146282,16.194570014478735,10.849599626078355,0.460511354327409,-18.7420249465441,35,C4 Cane/Corn Syrup Adulteration
16.025979882173875,80.7485840603551,15.017578268414326,17.231952760830357,0.2699969213294875,-27.182526037104143,91,100% Pure Floral Nectar
17.27653992716291,73.46248276600556,14.983984617747621,13.304011439738904,0.5133870278278204,-14.035143433919208,68,C4 Cane/Corn Syrup Adulteration
19.022437805158315,80.70195338279186,4.212839774237821,12.412528162415427,0.2782120105077105,-26.041911130034595,92,100% Pure Floral Nectar
18.782912271884822,75.07025299788582,79.94679728974212,3.8330845117365864,0.4664809032223929,-26.98243702604298,36,Acid-Inverted Sugar Syrup
19.255460007355165,72.06235423666527,31.511066803447704,8.596661563642238,0.1,-24.485089386797235,55,Industrial Rice Syrup Adulteration
17.618416607976172,80.95097956013866,17.929035549037977,14.85893216845326,0.28943316182414874,-16.487126699244325,56,C4 Cane/Corn Syrup Adulteration
19.35364847006978,75.23949209335143,42.312223563133145,5.498900339256783,0.6087985427686817,-26.048143010592135,31,Acid-Inverted Sugar Syrup
17.1359563702719,75.65207344674525,33.13920338037691,7.1925730241202634,0.39259831217850366,-13.697922980541243,36,C4 Cane/Corn Syrup Adulteration
17.578080301747992,80.8524146482995,27.853671930742088,12.797080319080875,0.5502806291020366,-26.343971111549315,92,100% Pure Floral Nectar
20.94531913203892,76.28550309741482,44.14645253117875,7.893384532762552,0.7529434183839064,-27.5,26,Acid-Inverted Sugar Syrup
17.014312755064395,83.32843077953153,19.618157508858843,19.98751915162152,0.42083818995071265,-26.30238327377956,89,100% Pure Floral Nectar
19.32940871802313,83.09535109755501,38.0,13.469555110093603,0.5865415164415168,-27.79452989644445,99,100% Pure Floral Nectar
16.457639334278582,79.5,35.63003781687805,17.947140389711965,0.3544600674938376,-27.443345006015825,93,100% Pure Floral Nectar
19.294462036084855,81.13565797135156,4.511476171085405,13.028857397397553,0.2549820729551636,-26.63394489864651,94,100% Pure Floral Nectar
19.322575476965568,76.97414136555486,18.221133769736984,6.791490056967524,0.3964114348234756,-26.31267921277988,46,Industrial Rice Syrup Adulteration
18.57685967197323,73.14106942020383,75.15114840904545,3.8789287386554805,0.7601569761992026,-26.517186867289773,31,Acid-Inverted Sugar Syrup
16.335287346391908,82.12135214898514,4.5054947261736675,15.29045614640353,0.5727492260696908,-28.2,100,100% Pure Floral Nectar
18.467884757061462,70.0,37.16916986988398,6.755861681904669,0.32356147601173035,-25.978750691884915,41,Industrial Rice Syrup Adulteration
21.14917823019359,77.71762177710775,43.215169693346944,2.773078227260049,0.2457223929322708,-26.526428497774628,40,Industrial Rice Syrup Adulteration
18.486920508405284,80.38027286583076,7.753839946621209,12.772402437349196,0.3644844868088531,-26.2078402087547,97,100% Pure Floral Nectar
18.518877249668236,70.0,34.49249935919674,9.645933557522689,0.42423675643780145,-25.382038489857987,49,Industrial Rice Syrup Adulteration
21.329859396020893,75.51042534359574,42.0,2.721965365281661,0.6145770219293227,-27.5,33,Acid-Inverted Sugar Syrup
18.233853211993573,82.77634587134276,4.620706537259872,24.297878583403353,0.3275258459849593,-26.137564619589455,93,100% Pure Floral Nectar
19.233454548259044,80.65826452814852,16.327638005981356,14.63468299940445,0.43814594656050565,-26.109035639222974,93,100% Pure Floral Nectar
16.283967212038466,78.98312814950427,42.55709257289254,8.799487313929752,0.2497612355383515,-18.266002087099483,50,C4 Cane/Corn Syrup Adulteration
19.8,84.68228815882638,33.345595047741426,17.199653713647045,0.4681715591240954,-25.314035595293355,100,100% Pure Floral Nectar
14.0,80.62714720716161,11.451120794431837,13.476510491461932,0.41765635326394773,-25.52084407198901,94,100% Pure Floral Nectar
17.73297643652544,77.15988230977523,57.67524637436344,4.533991569919871,0.6035941837552329,-22.09935262095908,27,Acid-Inverted Sugar Syrup
17.0,77.19719736504516,63.38238864007184,2.3911327230860615,0.3443299883970656,-25.662516049011302,40,Acid-Inverted Sugar Syrup
18.44634650117111,81.7290216711815,2.0,20.005428446885816,0.5433460669720092,-25.898894759300195,93,100% Pure Floral Nectar
18.94979158977264,81.0,30.220431761278896,7.404388471902781,0.3448878211266956,-11.362728999473665,39,C4 Cane/Corn Syrup Adulteration
18.062079609679596,81.8660599289399,9.687668326960932,16.169342151391078,0.42749180439929313,-26.152424436876267,96,100% Pure Floral Nectar
17.15422735266827,80.81740389598669,2.0,16.38718259691328,0.4458038331532147,-26.838925556404888,90,100% Pure Floral Nectar
15.986017698004739,82.36186474820333,20.396242813589947,17.326142240362614,0.2932430243429096,-26.54124206340941,92,100% Pure Floral Nectar
15.43809312505453,84.47187645024742,5.958696564442244,17.779085424736234,0.3682798673000473,-26.333683066916965,95,100% Pure Floral Nectar
18.58885928935113,79.61501215329575,38.0,15.046181397654752,0.3811222979159307,-27.87420434096819,96,100% Pure Floral Nectar
15.0,77.05308292583452,34.909039284631234,12.40739032257004,0.34970186001613,-12.557181244153277,47,C4 Cane/Corn Syrup Adulteration
17.951113780998565,79.70820834843046,24.712167726019747,17.21100698047535,0.40639742470712403,-26.737486999025027,96,100% Pure Floral Nectar
14.36480037867935,83.41191035711232,20.626737736283395,26.3267056675988,0.2872387011507469,-26.168144068098083,89,100% Pure Floral Nectar
19.3370403969116,78.93658932752065,43.04920149659134,7.117701206944534,0.28810289064706535,-24.598752411061454,41,Industrial Rice Syrup Adulteration
16.511336573491313,82.53439040267887,2.195481407576907,15.853149590509519,0.3991422179436755,-26.939083375062225,97,100% Pure Floral Nectar
19.92952298124192,74.81003653624198,24.51894655877335,7.814366819946966,0.21498442201467566,-24.102718179861668,48,Industrial Rice Syrup Adulteration
17.129713536141555,81.2007453587996,7.629881663949199,19.007428525997348,0.44937415435241995,-26.627567530029648,95,100% Pure Floral Nectar
19.09685579896564,81.0,14.399422680173549,9.45625833544825,0.26838635099489094,-14.313236877786395,46,C4 Cane/Corn Syrup Adulteration
19.30432911314559,77.74249280094024,34.299001105791945,4.0,0.44153183002721513,-17.644647913840974,30,C4 Cane/Corn Syrup Adulteration
17.620563281244753,77.5483778752627,16.929369568603185,14.004281406955634,0.3548163691137194,-13.490867019409572,54,C4 Cane/Corn Syrup Adulteration
16.4769984985574,82.1281205427754,2.357993912725644,17.185287024522772,0.4392674541956903,-26.38816566308692,95,100% Pure Floral Nectar
16.0,76.73157610068012,27.399242668993566,8.955782934533241,0.1,-25.60340427191219,41,Industrial Rice Syrup Adulteration
15.939130971492983,80.1520443603569,7.863607159641309,14.611283375469547,0.23358526396040816,-25.962340070388827,88,100% Pure Floral Nectar
16.83117249748485,81.00218576673848,2.0,19.765774168085922,0.3260950456408266,-27.077658512407677,97,100% Pure Floral Nectar
16.07395793647601,82.62663111349754,11.186509540516475,12.373339951181517,0.25642763033020877,-26.35649436573999,94,100% Pure Floral Nectar
20.680249690406786,79.77544060096336,40.898494276585424,14.0,0.33933256661626077,-24.43772472387024,41,Industrial Rice Syrup Adulteration
19.386115675417592,79.50772593641655,8.681532339421414,17.77901557274433,0.44641550249853307,-26.144197710022702,94,100% Pure Floral Nectar
18.692943378192183,76.25068032938141,83.9974409878209,6.512788404430765,0.6759602001983722,-24.27524843882479,18,Acid-Inverted Sugar Syrup
19.323993266788968,70.81502078471586,42.0,4.487717342236648,0.25,-26.320940281614828,28,Acid-Inverted Sugar Syrup
16.767236950116498,82.38235300936438,14.372586028977523,15.387519908664672,0.6134773833484257,-26.369737817248577,96,100% Pure Floral Nectar
19.181871985274224,79.0,72.49622780216194,7.045218473755705,0.5932003140809894,-27.5,35,Acid-Inverted Sugar Syrup
17.71431170954265,81.31925448204687,5.517075164924987,17.362341386440942,0.46862880306589744,-26.785316310882447,94,100% Pure Floral Nectar
21.24945512395412,76.75561570912477,64.21224909352662,3.677058538307966,0.6776030987034485,-24.98594538620702,35,Acid-Inverted Sugar Syrup
17.392707030898414,79.38812482251458,38.99449296523391,7.409348615947762,0.3466589079902073,-15.99357398168655,40,C4 Cane/Corn Syrup Adulteration
20.371474194137306,75.92943060480201,32.38177240713668,2.0,0.2718149931562419,-22.913448396233427,53,Industrial Rice Syrup Adulteration
22.46872385321795,76.7879374897093,30.307751168145025,12.240674034576777,0.27606241998494285,-25.68971309826385,41,Industrial Rice Syrup Adulteration
22.488699048316498,71.74210126696359,63.003713480469834,1.75916945566527,0.42886280147003863,-24.962225763469547,27,Acid-Inverted Sugar Syrup
17.52259605953575,77.76193758342365,33.72382745426427,11.214272912551383,0.3453820787340731,-16.878295055164468,26,C4 Cane/Corn Syrup Adulteration
14.428980265473896,84.46197253142955,38.0,16.144285711207807,0.562115931738807,-26.877778032307482,93,100% Pure Floral Nectar
15.929410873141762,79.5,11.895570899920891,14.035817039927277,0.3451683743600833,-26.73333941227929,90,100% Pure Floral Nectar
16.857868561448583,76.76349039177822,30.591804079414906,6.20142327241494,0.3518159074795209,-24.397407617420733,20,Industrial Rice Syrup Adulteration
18.720253792164208,81.48492510720497,8.660552510840954,18.877246949524928,0.2297704787124171,-26.917100685879667,87,100% Pure Floral Nectar
17.066586254658265,79.5,2.0460859147203596,20.84555097072873,0.6667902984849114,-26.201742528972495,86,100% Pure Floral Nectar
21.904294647004352,77.90403040663944,45.264152086857564,9.511191341682958,0.20002851890914405,-19.694255869770572,39,C4 Cane/Corn Syrup Adulteration
16.684684583517072,80.35960523409696,22.522552859898767,5.496560917651021,0.32169844722955876,-16.381361582272454,43,C4 Cane/Corn Syrup Adulteration
19.941001190788626,78.55418507590873,37.21962087133946,9.960687569043944,0.2620350425862013,-24.372365042007964,31,Industrial Rice Syrup Adulteration
20.139998271834518,81.0,39.63731433108037,4.678606585064247,0.3750352608451054,-18.476749365111488,68,C4 Cane/Corn Syrup Adulteration
16.301918327337965,80.44570511766563,16.109858590941787,25.2398826726686,0.3382378072277748,-27.411927140543593,89,100% Pure Floral Nectar
18.070533947104074,79.5,13.048730452340019,16.493837475539156,0.28126471594187613,-25.99663989628306,99,100% Pure Floral Nectar
20.033573458336246,77.65367868191515,28.53948619902971,10.852121110680688,0.1,-22.523175087129417,32,Industrial Rice Syrup Adulteration
17.061153790708865,79.5,2.0,20.42307971288031,0.6476266497446497,-26.713057051774264,94,100% Pure Floral Nectar
19.8,81.72817115180393,2.6639651973112044,16.16102746877166,0.24863193886734658,-26.21571415869722,92,100% Pure Floral Nectar
17.930113442250327,80.5,32.081735456132535,12.563106656394162,0.19374198195223558,-26.14893930814456,55,Industrial Rice Syrup Adulteration
18.54872658094205,79.95301973082722,3.4352931604946013,13.14854909578474,0.2738188719831217,-26.62289179760281,96,100% Pure Floral Nectar
19.252525189219813,80.5,39.16082778635524,13.608203740714057,0.30609813885762366,-27.0,41,Industrial Rice Syrup Adulteration
15.910052051807828,79.38510489140415,26.322383149635577,4.046868231477455,0.25308806557016933,-15.983905323859569,33,C4 Cane/Corn Syrup Adulteration
15.45599567297506,79.8281100173376,18.385572014631066,16.186448628136702,0.24152522481510855,-26.76357392546338,96,100% Pure Floral Nectar
18.28719894624569,73.61803070651379,42.0,4.550301640178237,0.6505453532010517,-25.543390458517397,14,Acid-Inverted Sugar Syrup
18.3448728188804,79.5,10.151469851142487,22.539876877534454,0.479224475304452,-27.07123986300419,91,100% Pure Floral Nectar
21.053913848045443,73.44280817792071,81.46231593302178,1.5976173276992713,0.759033355743636,-25.19214427628982,35,Acid-Inverted Sugar Syrup
19.19816057603515,77.44478540533326,29.744426413502804,5.627615309806803,0.16468020235970388,-25.441308274014922,55,Industrial Rice Syrup Adulteration
17.75111124986234,74.83701484083284,85.68186913937728,4.434861616646121,0.32642958949980205,-26.229358075979153,35,Acid-Inverted Sugar Syrup
17.270941321652934,79.67197219305788,13.630682726651349,11.65091826626388,0.473237920001729,-16.666813566023304,32,C4 Cane/Corn Syrup Adulteration
17.360204161175787,79.7197008327994,28.539264680486557,7.216945023557335,0.288251368891999,-18.39737842248503,68,C4 Cane/Corn Syrup Adulteration
18.30832777154811,80.8571653571371,2.0,16.045676724819696,0.3637043140647045,-25.723735001250574,92,100% Pure Floral Nectar
17.180627155468066,81.14236010159492,3.3123116285081347,17.71622112767433,0.3013014578408416,-26.534612228997137,93,100% Pure Floral Nectar
19.906586995845313,72.22987900006811,45.79424710218514,0.7290565363520649,0.7669419560866071,-22.752699408985375,30,Acid-Inverted Sugar Syrup
19.495206288551202,72.75577214223055,24.140800342496952,7.6913260099159935,0.3286510043017087,-26.104395304582084,30,Industrial Rice Syrup Adulteration
15.794202926547104,83.457740241674,3.777490063166351,9.0,0.3181946635341434,-25.219979065618226,91,100% Pure Floral Nectar
18.803638185487518,79.75218853976688,23.965193168477942,10.72034774504695,0.4352053781810024,-13.411132904884273,34,C4 Cane/Corn Syrup Adulteration
16.635827172885286,75.54625589698453,31.677008297726946,17.432896036596592,0.4494693151321471,-18.196711665498793,54,C4 Cane/Corn Syrup Adulteration
19.091723668309413,77.6091449733611,48.24301363684325,1.9898094444246959,0.36125610692138344,-27.369348854856298,32,Acid-Inverted Sugar Syrup
18.64339933149433,84.57589852133889,18.05432607391567,17.591635553304222,0.4421060675436112,-26.30458209310543,95,100% Pure Floral Nectar
16.935335889272416,70.4395456524667,17.291872385747308,8.528446077589816,0.2447011003941972,-24.985730808724128,25,Industrial Rice Syrup Adulteration
20.161100580660268,79.23055173391361,23.11633387417779,16.802083612351893,0.22220868934435292,-17.790083143686633,66,C4 Cane/Corn Syrup Adulteration
16.732652714341587,80.17157710547687,2.0966563082799254,16.026070998701353,0.5121412433601733,-25.62608479829736,90,100% Pure Floral Nectar
16.678033587071525,82.25728525887158,11.365907253473482,17.453613878705763,0.2795539682274792,-25.301291153603245,95,100% Pure Floral Nectar
18.616603650601615,74.6066448786197,34.762403304227284,4.786604875857271,0.2821874395416715,-24.239497262899985,41,Industrial Rice Syrup Adulteration
15.989063980615166,78.95104024887817,29.35805143629497,7.310983710414812,0.21952142485414722,-11.0,49,C4 Cane/Corn Syrup Adulteration
15.064264760705365,82.6602078447198,6.2428248920517895,20.596876504020134,0.3193703208622197,-25.380028721640816,99,100% Pure Floral Nectar
22.729086924602605,78.01983947374872,17.31882710671313,8.365789359475205,0.5112390622157559,-15.3259215732092,38,C4 Cane/Corn Syrup Adulteration
17.545106689804808,79.5,2.387615142442053,12.903054829594303,0.4950132655498737,-27.01572441641479,100,100% Pure Floral Nectar
17.0,75.44868278621644,69.44151463746891,4.30215897702024,0.7352250950520962,-24.92717849214142,28,Acid-Inverted Sugar Syrup
16.155653905947123,80.99542353723803,27.478585864621984,10.7560527242359,0.4156120456368646,-18.797352122445535,29,C4 Cane/Corn Syrup Adulteration
16.322246119097127,82.86352439253297,2.2469520256411664,10.711944636139378,0.37404009426198503,-26.148884699202366,98,100% Pure Floral Nectar
20.94687792083122,77.10044510322926,75.58813224506098,3.0535639421636693,0.6338727150517356,-27.5,30,Acid-Inverted Sugar Syrup
18.677006947635764,80.77579173868418,23.403176627727877,13.803457762195976,0.377364598746979,-19.057071520500813,55,C4 Cane/Corn Syrup Adulteration
14.467077080668497,84.20547172548639,6.990738699128171,18.633595993339306,0.3839356817785478,-27.20850594817993,97,100% Pure Floral Nectar
18.458184933618053,77.7809110615431,87.44605966858609,4.267895456920931,0.840044905378358,-25.672973309639573,32,Acid-Inverted Sugar Syrup
19.42913619070668,76.34474028212186,41.608736809468034,14.0,0.27187724998115864,-24.05177557354601,48,Industrial Rice Syrup Adulteration
18.594704488491086,75.04775533538823,94.17599994296975,4.8502368917318766,0.637282009500944,-24.302416639823416,33,Acid-Inverted Sugar Syrup
15.074976754646865,82.20987296911085,33.48133049881439,18.480620006517153,0.3045885095072158,-25.652287275586808,93,100% Pure Floral Nectar
18.439324076184587,81.38118673564625,3.329780979342251,14.866032647263612,0.3455972461107946,-25.460076677678263,98,100% Pure Floral Nectar
16.569735029208022,84.1649150373703,4.246589406814218,17.249790966703014,0.5813320689699605,-27.605905737095746,96,100% Pure Floral Nectar
19.632241893899817,76.60701320685111,18.559808687211948,7.880960493103909,0.4589368288958371,-19.92441808438673,29,C4 Cane/Corn Syrup Adulteration
15.312540409052001,79.5,16.368206014902846,16.001776913014165,0.5683131842673723,-26.788587609062528,94,100% Pure Floral Nectar
17.692877555120013,80.4651491039446,21.137982387571586,12.710393159720022,0.47009364412929594,-26.572403099826158,100,100% Pure Floral Nectar
23.853526530205897,72.94718142581638,81.22315472814694,5.91434966582138,0.5661174130751527,-23.22687014788645,28,Acid-Inverted Sugar Syrup
18.930095068551015,82.23587423464578,4.043477113740523,20.037372054608984,0.4730762587362409,-25.393379894688714,91,100% Pure Floral Nectar
17.237640174592343,80.56061604797027,5.1282980180640845,18.333628097320503,0.48806614865206466,-26.68536240499615,100,100% Pure Floral Nectar
21.573311657479955,78.06338263808883,28.791891896322007,7.320745796026918,0.4511368257190179,-14.38201140854743,68,C4 Cane/Corn Syrup Adulteration
19.040880235017667,82.95504557670102,19.652865148822045,16.016642340866717,0.18,-26.387946292088607,89,100% Pure Floral Nectar
17.892943614574826,78.89672301837538,13.739765515234907,8.536856737235532,0.4374375557439415,-22.5,37,Industrial Rice Syrup Adulteration
19.40672902454745,77.10489881202044,16.009707219610817,8.133688124021194,0.3329212164343105,-24.26153253272893,48,Industrial Rice Syrup Adulteration
15.890385817137567,81.6705322597397,6.983587488784364,14.83237003618295,0.36583497227023876,-26.29911854605422,89,100% Pure Floral Nectar
17.541162096088676,81.41170995710074,3.9232622879065056,18.054735506548777,0.4946854942167742,-25.448197250899373,89,100% Pure Floral Nectar
17.702007711555407,72.88636600513965,25.739100879930895,4.0,0.30799139950657833,-16.053515471295455,39,C4 Cane/Corn Syrup Adulteration
20.616890732432708,77.68813789320664,24.66109865987967,2.0,0.3510205267034811,-25.730772377826344,47,Industrial Rice Syrup Adulteration
18.195343955484887,83.84062518079843,11.538425726642306,9.870775023296995,0.3997994838915371,-26.540761554920255,95,100% Pure Floral Nectar
17.171774570740574,80.16888351701262,33.16307737405505,4.0,0.36773283631411435,-16.393636098536717,27,C4 Cane/Corn Syrup Adulteration
16.25305077711702,82.2977759858291,23.68481074580511,14.316950519418153,0.48076640966794737,-25.338838397594035,91,100% Pure Floral Nectar
17.0,74.741187570537,47.899766929065954,4.3484965986133925,0.4375168381087182,-25.102565713484573,36,Acid-Inverted Sugar Syrup
15.38941785898037,83.03320033539006,21.142230737541766,22.691410366278127,0.18,-25.218290062968045,95,100% Pure Floral Nectar
15.240971355277281,82.43687714641482,3.5042233486112875,22.436947135618272,0.5002757378061818,-25.969816933644392,93,100% Pure Floral Nectar
19.24360654990884,76.77328202974118,48.26497272718582,11.868719335297207,0.29036373641760777,-25.831466928742692,26,Industrial Rice Syrup Adulteration
17.920967345668267,73.01711993410943,59.25422981505813,3.276497607401911,0.3819909067003814,-26.712853059912636,29,Acid-Inverted Sugar Syrup
21.24715538288591,71.66427484776851,80.80128082867255,6.80083750993062,0.5426140720239054,-24.40781141905328,41,Acid-Inverted Sugar Syrup
16.378536752088934,79.15797596344332,25.754900165492344,8.738329115599113,0.4536432355745167,-11.0,49,C4 Cane/Corn Syrup Adulteration
19.091572972155134,77.83769395441996,40.16055678631176,7.526221813836447,0.26966413521677274,-24.988398848741635,49,Industrial Rice Syrup Adulteration
18.320573335318755,79.5,3.323371086008641,18.399322216700476,0.3573653321428924,-26.979698096329027,97,100% Pure Floral Nectar
24.0,72.42521164361932,37.00946604859159,10.473260371152957,0.2404519904040449,-24.269075704543145,45,Industrial Rice Syrup Adulteration
18.137921931700745,75.44890246675259,38.288158876017825,12.772570123631537,0.10605258186978594,-23.61006410892516,57,Industrial Rice Syrup Adulteration
17.235146724281037,74.13335539399334,31.694000879578653,3.4619728479587746,0.3664696622454427,-22.5,33,Industrial Rice Syrup Adulteration
19.922402737909273,73.83786087370467,84.05175703846317,7.969123228679587,0.3297500715539031,-24.42328793724557,47,Acid-Inverted Sugar Syrup
18.936041606935266,73.57313185318628,70.21537462399239,5.026080551432442,0.3988322207492453,-25.22175222420634,34,Acid-Inverted Sugar Syrup
18.28403306650946,77.76546621777071,27.58349167040601,6.800496299530389,0.5564494389843675,-18.118588141032763,68,C4 Cane/Corn Syrup Adulteration
19.48166151063103,76.1813281485875,62.88123485583759,3.8935381900703674,0.5857138967016997,-22.0,41,Acid-Inverted Sugar Syrup
19.418039974962653,71.22037997249629,81.60545000439284,4.202472444483066,0.2525644350062695,-22.52654537557034,31,Acid-Inverted Sugar Syrup
20.186945401612366,80.5,24.17516096663818,2.0,0.296335797489127,-26.955734335891538,31,Industrial Rice Syrup Adulteration
17.41055130106669,80.8976840191068,4.537254932255607,18.554240258886516,0.5969396841084618,-26.503008713651802,93,100% Pure Floral Nectar
21.68927769508451,77.17146119268581,51.130958314845074,0.5,0.447164227219477,-24.899109631383368,25,Acid-Inverted Sugar Syrup
21.488308229006986,68.2250881306811,42.0,1.4665419158892807,0.45202507242822987,-24.17392705281954,19,Acid-Inverted Sugar Syrup
15.995421288602467,82.88631518041957,36.17686555066626,12.788842799718488,0.18,-26.75115267515752,90,100% Pure Floral Nectar
22.498752711093918,75.94747658406003,59.357277381169716,8.0,0.654699766644043,-25.633091531722172,28,Acid-Inverted Sugar Syrup
18.158945903422644,78.13327911745647,45.881190566564996,9.131086004278771,0.4237124684127717,-23.656027628280786,38,Industrial Rice Syrup Adulteration
18.93484128487259,78.59791315080348,28.740251133928616,14.230125609954161,0.3267358563317855,-17.378835727014934,38,C4 Cane/Corn Syrup Adulteration
17.985098336915527,82.48071178269467,2.0,18.504427165505376,0.3902500769108389,-26.091426140765996,92,100% Pure Floral Nectar
16.90117998069771,83.00757327690849,7.446825355627347,21.07359660722715,0.2536212695170508,-25.578269347898054,92,100% Pure Floral Nectar
20.09262016570707,72.15217715481062,21.956132851704666,6.452930269667958,0.3733914916373389,-14.703913405786109,51,C4 Cane/Corn Syrup Adulteration
16.708020070000774,80.56247064954651,7.798226812588723,14.00975541183698,0.6915082570002382,-26.5657724901258,92,100% Pure Floral Nectar
18.407036527527158,72.07243883179076,34.98485097019462,14.0,0.2539083482161806,-24.76464113762478,29,Industrial Rice Syrup Adulteration
17.290489243886903,79.35883578213485,23.669149495445097,6.836491377792688,0.40466886233105087,-27.0,50,Industrial Rice Syrup Adulteration
18.60081524526017,83.69050834627063,15.965442366121398,21.50146910981408,0.5468076516930813,-26.376888886145597,96,100% Pure Floral Nectar
20.56594966738467,68.0,61.68550619378378,2.833982579300728,0.3856526426613436,-24.345533531710377,17,Acid-Inverted Sugar Syrup
14.278162173957103,82.37658994544778,3.476417956218703,17.121101437146415,0.5392802447407534,-26.78305290818618,96,100% Pure Floral Nectar
23.0,73.15992445121432,24.359930034230896,11.478003065662074,0.48365551717522337,-15.800659357761393,48,C4 Cane/Corn Syrup Adulteration
17.256828367685436,80.79789555810719,5.100657789346441,14.36786130227221,0.4520563555754077,-25.139268362422463,100,100% Pure Floral Nectar
17.799629936090707,84.38608006835506,4.351544523843306,19.735357759698086,0.30026906608087744,-25.864995193005697,93,100% Pure Floral Nectar
19.634483413613808,77.39184435153128,10.0,13.455362282602755,0.3561781823193521,-12.617503517707135,54,C4 Cane/Corn Syrup Adulteration
18.68512123434287,75.55673853117172,40.88387788258563,15.894524727274053,0.3732013088408028,-11.167422597246265,34,C4 Cane/Corn Syrup Adulteration
17.877427311663254,83.76484833537302,8.908998795115286,22.20714070842601,0.39193444760239576,-26.229465984957123,93,100% Pure Floral Nectar
16.975814086206704,81.61657466318977,13.935842640429264,18.40967573652589,0.2346480327713252,-26.2937067152509,88,100% Pure Floral Nectar
16.708060065526592,77.58228375824179,37.15364126926345,14.084873652770032,0.34232409872372704,-18.446980205260264,55,C4 Cane/Corn Syrup Adulteration
20.70973990939742,80.15098898646296,26.484457779790567,14.45582338018339,0.4283779450308963,-15.567597054252026,44,C4 Cane/Corn Syrup Adulteration
22.55817971989813,79.40873675491073,28.94360136714033,10.423158514466214,0.3725325179540505,-16.310402778002526,46,C4 Cane/Corn Syrup Adulteration
15.775940635997998,77.80609511111555,35.620118068767184,4.0,0.30036368705039984,-11.0,55,C4 Cane/Corn Syrup Adulteration
18.000503807681678,72.19456974796545,67.67298260764161,3.2585995064824904,0.44184226043924846,-25.293678341686718,29,Acid-Inverted Sugar Syrup
18.71100149959256,78.075454172735,20.431778032083095,18.0,0.4418230880477741,-11.285526007933633,35,C4 Cane/Corn Syrup Adulteration
19.09789300232693,81.80109251033197,17.163421871213746,22.173219966464544,0.18,-25.94829212909827,90,100% Pure Floral Nectar
19.458154110994904,80.18757948446259,42.11898968362007,7.141608517778343,0.4132506976061805,-11.0,53,C4 Cane/Corn Syrup Adulteration
22.969209479662478,70.2921548458811,57.28878522587246,1.4937959739848705,0.6654436428581938,-22.0,35,Acid-Inverted Sugar Syrup
15.813249144817036,79.5,2.0,16.06999772106688,0.4471851301117195,-26.89701756077057,95,100% Pure Floral Nectar
19.114055035858726,74.19000596311261,22.327727107770382,16.242771729352697,0.33867252467218445,-19.29588031050795,43,C4 Cane/Corn Syrup Adulteration
19.261738946051373,82.50679477820408,17.494943573203155,16.63412248483182,0.3291863559574959,-27.10597156577685,96,100% Pure Floral Nectar
18.48561573921998,73.13201529900056,51.90856013445921,5.283251826378896,0.2220166144508959,-25.07729568429553,50,Industrial Rice Syrup Adulteration
18.8150349946656,76.9316370100399,20.98452334500379,8.62975329056964,0.44386107696939836,-15.418575145345343,42,C4 Cane/Corn Syrup Adulteration
18.92322431841663,81.56819430088338,5.178078792544339,11.533026291283297,0.5024130586857197,-25.90511717487058,90,100% Pure Floral Nectar
16.467995961985423,82.58009647533875,3.4002561204712904,17.8168026695894,0.515986474764718,-25.84375115749844,95,100% Pure Floral Nectar
15.705453920044018,79.5,7.1798314443700715,13.570039802863423,0.313600195837875,-25.12707493513288,99,100% Pure Floral Nectar
17.194956445273203,82.18861122104043,6.187847759478199,17.734170057618435,0.3422816692346345,-26.673887400435277,93,100% Pure Floral Nectar
19.5167373534439,79.72321279103966,10.0,8.384404875492553,0.22746923264850377,-11.0,53,C4 Cane/Corn Syrup Adulteration
23.754055646571192,78.45722338800823,52.51253210779034,0.5115627051474232,0.3536600874778919,-25.792639134808674,19,Acid-Inverted Sugar Syrup
16.599057811581872,80.33123823262282,31.204083643811472,20.336426677986537,0.23927005075175178,-26.165411706848435,89,100% Pure Floral Nectar
17.169979627767194,75.43182566858657,66.57992456804918,6.105978388245944,0.46092414118987657,-25.65495273329906,33,Acid-Inverted Sugar Syrup
18.16559092734327,80.93438901474735,7.398826066318318,18.43044670600748,0.5347125672213973,-27.373300304052865,95,100% Pure Floral Nectar
17.0477357921604,79.5,38.0,18.069960408619966,0.35998167825423244,-26.1483598421583,94,100% Pure Floral Nectar
16.651182304113217,81.85444733815469,16.961762528413843,10.730020344451006,0.18,-26.49453122130394,93,100% Pure Floral Nectar
17.52486991230069,84.40554968763571,2.0,14.779777435663773,0.4252877561895525,-26.79448722687409,96,100% Pure Floral Nectar
18.644582355256087,79.77680254887206,3.106209670417442,16.138437132306183,0.4200647235154654,-26.679531016030147,91,100% Pure Floral Nectar
16.0,73.99830394479966,38.78927241169107,9.876122258656864,0.16750598509861642,-24.724937045416958,31,Industrial Rice Syrup Adulteration
17.634611078783454,80.44077546444666,35.561714498003056,8.716077162138637,0.5091308811184674,-15.663224292668037,68,C4 Cane/Corn Syrup Adulteration
18.83134000476208,74.5809830987916,56.517228553840056,6.147355272506547,0.6462388404396218,-26.26988740247537,31,Acid-Inverted Sugar Syrup
18.235292291608374,76.22480690998842,49.00164763803329,3.991100329505338,0.5624591886115883,-24.158325925426936,25,Acid-Inverted Sugar Syrup
17.9637459387443,80.63953663400633,30.629275985378516,14.506301260977036,0.325372558858246,-11.0,33,C4 Cane/Corn Syrup Adulteration
21.237840646422555,80.5,35.78010525925907,10.077847579512536,0.2946797210162115,-22.5,38,Industrial Rice Syrup Adulteration
16.87996011852397,84.47738231384403,2.0,11.4168380928668,0.5928132144083008,-26.297276769456342,85,100% Pure Floral Nectar
16.342587675503385,79.5,3.2540869498411484,17.608584356437575,0.4400361148000996,-25.419455906663043,92,100% Pure Floral Nectar
15.412551993851567,81.41493572075166,32.17719997392126,21.026457570772365,0.44045816168362967,-26.126391064538627,93,100% Pure Floral Nectar
18.524744474255847,68.85718590499452,62.6442987464554,2.752583387812911,0.4292966442213257,-24.64056849660201,32,Acid-Inverted Sugar Syrup
15.788023442293309,79.68965040271598,31.168197722666143,14.576860693470824,0.31652316766035826,-26.59152458957392,92,100% Pure Floral Nectar
16.65104858561498,80.41778726305637,12.418188052023787,13.648441514532307,0.4906123416288369,-27.19450846873025,91,100% Pure Floral Nectar
19.87200396966589,75.49077039211843,19.97183713428413,5.822351768408893,0.3009308798853991,-25.702811003849106,35,Industrial Rice Syrup Adulteration
17.54008646182995,79.92960451002214,27.04896989488146,6.592127446486584,0.44605613534832284,-11.962874956811042,47,C4 Cane/Corn Syrup Adulteration
14.217206928269919,82.94478895483117,2.0,16.519779995200796,0.5674473666274704,-26.415669259547766,100,100% Pure Floral Nectar
16.432397784913157,79.99906061754885,12.069749927175462,12.698972013448206,0.5540375313168154,-27.037999206276574,97,100% Pure Floral Nectar
17.97655560733447,74.1148437305716,41.63203619275656,6.098822603323054,0.21773648149937086,-26.428552903605077,41,Industrial Rice Syrup Adulteration
17.85381281119678,72.10079400519503,42.0,4.05595678061227,0.35751067394889946,-27.418282042718836,26,Acid-Inverted Sugar Syrup
18.506127274881347,81.0,40.482934540039054,10.594048884318765,0.3122653816920068,-11.967704418600999,54,C4 Cane/Corn Syrup Adulteration
20.654313756250296,78.79349327291003,74.65519660573999,5.562011907412049,0.43684852138547986,-23.816731109551434,26,Acid-Inverted Sugar Syrup
17.508757997819412,80.23425857601815,8.939614900752497,15.044239299592784,0.5919585932051493,-27.189252972960546,98,100% Pure Floral Nectar
16.176661213998337,83.81219049017497,9.167726652671167,18.119394926655502,0.5085033676159846,-25.37882660490047,90,100% Pure Floral Nectar
14.872511216750055,79.5,2.7829774213590164,11.949377217192385,0.4403283689894483,-26.875092892478126,92,100% Pure Floral Nectar
19.444488302232877,73.87374448666472,23.137567132103804,6.154793029932973,0.34201028210167705,-22.853809038144497,42,Industrial Rice Syrup Adulteration
16.849934879561467,83.31810095435459,37.11687428851794,18.135378037724692,0.400363959497101,-25.986097287494566,97,100% Pure Floral Nectar
16.101333328621216,79.5,6.187838673850354,16.00866966326507,0.6503137560173351,-26.494250864277355,95,100% Pure Floral Nectar
15.010061743604528,82.84708964336899,38.0,13.946714220233035,0.25738967210699926,-27.390663751606528,91,100% Pure Floral Nectar
17.900932009933694,80.97994542296551,4.0989435165255035,14.898364610767821,0.30855164213606584,-25.766416571781427,92,100% Pure Floral Nectar
16.86226951900114,82.62447091459914,17.742588862871106,15.4178002438415,0.6391976495174325,-25.342799344108798,97,100% Pure Floral Nectar
18.939203363627097,73.53983793736072,26.57329290004225,8.247449103766295,0.38808246958379095,-16.265687767803115,41,C4 Cane/Corn Syrup Adulteration
18.747736306141178,80.82776584740245,5.280089658283846,15.884164012260069,0.4551788670387562,-27.48123481802519,87,100% Pure Floral Nectar
17.49579716919126,81.35732516524936,2.7557180386855977,17.608303946118376,0.42973725982195443,-26.726798787279943,91,100% Pure Floral Nectar
15.860989072454787,85.0,3.4818753669137505,9.477181572923561,0.38470521835485966,-26.143570761521243,94,100% Pure Floral Nectar
17.294525873974152,80.94853029899649,3.099538228000216,17.35597539153768,0.4477977685933107,-25.779133174768777,94,100% Pure Floral Nectar
17.386157543805627,81.24571759038896,28.836217017975933,16.57646029240727,0.3801272758499894,-25.210180080460947,90,100% Pure Floral Nectar
18.918736589462608,82.17415684126335,23.68013772615437,17.877309550059202,0.36198262380067475,-25.83887638819154,99,100% Pure Floral Nectar
17.63575021636095,79.5,12.971416135639991,15.408983881523097,0.35683309618671866,-26.06876239174234,98,100% Pure Floral Nectar
19.8,85.0,2.0,16.201364106925443,0.3026694718749542,-25.98206073018302,93,100% Pure Floral Nectar
17.371216504245197,80.22313663884651,2.7238701289766505,24.694128600571332,0.21936330338489377,-27.65692925444962,94,100% Pure Floral Nectar
19.164717958175267,82.3244977177186,19.28800018910337,14.24024264878376,0.4914387945471197,-27.280738103018848,97,100% Pure Floral Nectar
18.845193063118344,73.20445726873304,69.23242538726915,6.258753539727337,0.3433334811404009,-23.764126931658183,35,Acid-Inverted Sugar Syrup
18.030979411193204,84.24599656086545,2.0,13.377612860040916,0.3969598475686296,-26.223691386177382,89,100% Pure Floral Nectar
19.76743180145039,75.8112030789519,27.937800444376197,10.840443562558388,0.4626723636778634,-12.25204120037073,68,C4 Cane/Corn Syrup Adulteration
16.746048738772306,78.33169289516776,38.79684940547613,3.6335914825546327,0.16974250371840233,-23.47684842994065,35,Industrial Rice Syrup Adulteration
19.526058232019224,80.43644057120427,10.282690796721031,21.335436657225287,0.3602169695158273,-26.0059145726666,90,100% Pure Floral Nectar
18.825268939800353,77.7439782481602,27.355069081479343,12.23866910185439,0.3940944019922617,-18.13671354681157,34,C4 Cane/Corn Syrup Adulteration
16.0,80.5,41.98730512161165,3.4107965764573045,0.13289871740697798,-25.819180405549414,21,Industrial Rice Syrup Adulteration
15.965375488281195,85.0,17.84325244576466,11.778496819706328,0.31596318522809375,-28.094965826314095,90,100% Pure Floral Nectar
19.231027563005526,75.24222015788703,12.0,11.323075034760414,0.4064757145563337,-25.45363182478587,32,Industrial Rice Syrup Adulteration
21.666456735116967,71.94838442352076,77.44515609497482,3.745191603002922,0.49701040384250206,-27.403394004924692,22,Acid-Inverted Sugar Syrup
16.447876338215217,78.82426790305635,26.900891204665793,18.0,0.453767954073026,-17.898155640336118,42,C4 Cane/Corn Syrup Adulteration
17.527300276507045,82.58877833362313,2.893732316783935,14.788600873224661,0.4290490954709599,-26.94139044863051,92,100% Pure Floral Nectar
19.8,82.68963535494767,18.438877627193367,16.1099354208876,0.4970454110272273,-25.798213464091564,85,100% Pure Floral Nectar
17.89980977323652,83.17077987435273,9.65811387616137,12.027279800478329,0.3529420449915846,-26.606640877171888,93,100% Pure Floral Nectar
16.853951664471165,79.5,6.502905638997648,14.998821961755644,0.35326025166936004,-26.93840169586463,94,100% Pure Floral Nectar
14.962625907362753,80.78334419163401,6.428302969114478,17.541347594467354,0.20747318371953813,-25.365271245052696,88,100% Pure Floral Nectar
19.807030042501758,76.59878510027085,24.254688985381094,10.45546781325892,0.3439961943772913,-24.323183928153355,25,Industrial Rice Syrup Adulteration
17.614418124144304,77.69053107645813,24.760650474372003,16.254165742409185,0.281860008730039,-21.0,50,C4 Cane/Corn Syrup Adulteration
19.977216132186832,75.93685960055889,25.85065106872767,9.335172328866696,0.335687360252866,-13.941099246930822,44,C4 Cane/Corn Syrup Adulteration
16.35293788729518,74.87227226722248,46.81077544716494,6.052413344801991,0.14529201576263454,-25.177848882407673,48,Industrial Rice Syrup Adulteration
16.346682916977002,82.0471898649524,10.805319948417816,13.536734632197119,0.31277028384263866,-25.612024047513575,94,100% Pure Floral Nectar
14.752055237466546,79.63911045705123,14.050170774945412,13.386787436080386,0.4950571200364861,-25.970524709570366,92,100% Pure Floral Nectar
16.463551220265387,80.90185920569247,13.403036226839397,14.392545686356303,0.49549024908168005,-25.790052426988286,94,100% Pure Floral Nectar
16.233242526757238,79.54889055917893,17.910037199349194,15.211464480798057,0.2949735681027158,-26.716355296604192,97,100% Pure Floral Nectar
17.34259881336678,82.56721207680258,3.7006553351335634,19.455393179541847,0.5120475227387642,-26.886951815084135,88,100% Pure Floral Nectar
15.632462147523398,80.78739156018433,2.8922730219024926,13.3457321185089,0.604561953823396,-25.9894393896674,97,100% Pure Floral Nectar
22.85861801555103,75.6589848603098,44.40395408050101,8.0,0.3106578206452977,-25.708877943838925,26,Acid-Inverted Sugar Syrup
18.209112390638186,74.03138678058107,31.76582751870339,10.68269553593552,0.23763108877980255,-23.833038543020116,59,Industrial Rice Syrup Adulteration
18.304679362325725,79.5,3.641719735598558,15.820913838658717,0.5529387938900161,-25.954673657921173,91,100% Pure Floral Nectar
16.781389709347785,82.68486413736377,17.53683880018759,11.51611327598501,0.47128512545649565,-25.55091125001544,87,100% Pure Floral Nectar
16.797573472839503,81.86006694637891,7.239636055100534,17.70184036498691,0.4600734057598847,-25.329629295328726,90,100% Pure Floral Nectar
20.581269890207654,80.5,41.934432954943105,7.067268258579821,0.4566726216050985,-25.35683745950635,45,Industrial Rice Syrup Adulteration
17.214493667780733,81.14510644144684,11.460843282118551,14.989314953126044,0.47744174167811243,-26.939158888177097,94,100% Pure Floral Nectar
18.47996076419071,68.0,65.77342400733261,5.621021425254623,0.5813044456125509,-24.173143661289096,24,Acid-Inverted Sugar Syrup
15.268953080779662,80.04421068964629,2.0,13.314224855996931,0.5405916352881459,-26.785600229230063,92,100% Pure Floral Nectar
21.3832923666844,81.0,33.42213252944643,12.59652840549957,0.41514480508711066,-17.070052239181084,62,C4 Cane/Corn Syrup Adulteration
20.330323069601018,79.0,74.16502701014309,2.058219131854678,0.5603990357350821,-24.849215384274345,25,Acid-Inverted Sugar Syrup
16.837603839482234,82.00144222143193,5.2484063177374916,17.79997802991805,0.39288221455871253,-26.825707486134284,89,100% Pure Floral Nectar
18.273714926738048,79.28572865328933,34.567856739335284,13.290491943872132,0.38529283432901296,-13.590639089367036,48,C4 Cane/Corn Syrup Adulteration
15.780545666790447,80.12715282292152,8.273465326985324,13.569176216625573,0.18000161276276505,-26.940577149618235,91,100% Pure Floral Nectar
17.81180358802962,68.90042462378837,70.12212065348808,3.4617549512000676,0.741715525593444,-27.5,28,Acid-Inverted Sugar Syrup
18.700160413128838,82.93125177537725,4.595790714990135,18.1448315295759,0.39469983376145035,-26.272505590292177,95,100% Pure Floral Nectar
15.53630899783741,75.84786617604455,34.51989963837012,10.556016442213927,0.3691765633102492,-14.741163380300502,37,C4 Cane/Corn Syrup Adulteration
16.12571341195673,80.16155425458179,2.9772716865475806,22.276348615766185,0.40591076395861564,-25.51886713216795,96,100% Pure Floral Nectar
15.528504991041322,82.22854982058612,7.605750512461599,13.609717475184471,0.4362339010262781,-26.0868295924686,95,100% Pure Floral Nectar
21.294937024216722,73.8572730474102,28.517849313045403,7.083363463607206,0.3125002386185735,-24.422814265021938,53,Industrial Rice Syrup Adulteration
20.504775863831075,69.52017705994837,80.96024580309513,4.160911956425498,0.547957276038037,-24.789525821188477,18,Acid-Inverted Sugar Syrup
19.962301770223846,71.30418271846149,86.27537483279917,8.0,0.43259102604487343,-23.907168486388166,43,Acid-Inverted Sugar Syrup
21.875094560937285,78.83965606299624,34.73302029353185,8.494622658073697,0.2473484381848191,-26.162891471474087,49,Industrial Rice Syrup Adulteration
16.524159068945153,80.05257345051402,2.0,13.032164846925019,0.3975510876092735,-24.957760919314218,99,100% Pure Floral Nectar
17.481538665400954,81.07232845219569,6.206370682735349,10.830012334847618,0.2925311619188059,-26.10056173895457,97,100% Pure Floral Nectar
17.767254305467073,77.91439021474469,19.70789895393128,9.405674706432704,0.3148249198191331,-11.0,66,C4 Cane/Corn Syrup Adulteration
19.140923243023163,75.4298666829264,29.684566018671536,10.315626373303175,0.40081906548516805,-16.294506628456542,60,C4 Cane/Corn Syrup Adulteration
24.523012892235663,71.11189646613046,79.23302117448236,5.317450486466377,0.37389378321973943,-23.977226086818334,36,Acid-Inverted Sugar Syrup
18.78986820605612,81.086959515152,22.789362574295744,18.2466218086843,0.18,-25.40967932644813,92,100% Pure Floral Nectar
17.692027490558214,80.74820391360844,2.2496238321074857,16.831958215989,0.39903467544840304,-27.070914566878365,97,100% Pure Floral Nectar
20.522018362978784,76.18113235480139,76.52908302019567,1.0605924985126456,0.7714054764090512,-27.5,24,Acid-Inverted Sugar Syrup
22.572338691703003,75.395782670755,57.9184671963064,0.5,0.6547249402642854,-24.626610575177523,27,Acid-Inverted Sugar Syrup
16.69632389589528,85.0,24.519672821014257,13.359811915989699,0.33217689481703233,-26.374604495153164,90,100% Pure Floral Nectar
17.81171343764489,84.9173482316637,3.8514679482964196,11.389274409152346,0.75,-27.256957505848906,90,100% Pure Floral Nectar
17.335794350989804,82.11381033443826,17.768452199674684,12.239690751519896,0.5536634877578664,-26.726275739680926,92,100% Pure Floral Nectar
18.807823992875456,81.63068998800368,26.52035066438488,15.007640293981893,0.19168485162822696,-25.784515266383405,89,100% Pure Floral Nectar
16.60769283774064,77.4600712402845,28.022585596264776,16.2537799015566,0.4411213103795376,-13.887424408082675,68,C4 Cane/Corn Syrup Adulteration
18.39125714703516,81.31169784723079,14.69959962998736,16.34722200876176,0.3003527607164085,-26.70222582252179,96,100% Pure Floral Nectar
16.854164018955604,79.8816777632098,9.230578860610732,11.684348584183624,0.4825172248190126,-28.180165232632344,97,100% Pure Floral Nectar
15.908625741702096,80.11182771923127,34.35808564105008,24.04557036185639,0.5806223410297526,-26.465970690467326,98,100% Pure Floral Nectar
15.902297339790683,81.41902330190071,5.315035073380407,15.209785404669251,0.3313513529634087,-26.707777406242915,99,100% Pure Floral Nectar
22.951855836914355,76.77369175376566,86.32535267346091,5.402667148403468,0.7828417086411312,-22.88742887302984,20,Acid-Inverted Sugar Syrup
14.723293733155234,82.41306910361423,9.079450646900872,20.471213351878582,0.4326091165449954,-26.355325142476453,87,100% Pure Floral Nectar
20.34403896622027,80.5,36.89853204876838,4.297813275683831,0.3375000994485465,-24.367239982751983,45,Industrial Rice Syrup Adulteration
16.649325662741695,81.5919035303142,4.075017688538065,9.181284289908614,0.4955470039279003,-25.404947700336834,97,100% Pure Floral Nectar
19.041513047099688,81.0,33.900854115815704,11.57855575788617,0.4451564925058104,-15.837370101355948,48,C4 Cane/Corn Syrup Adulteration
19.720715654115196,80.14885394584451,4.045508030146136,20.640592187054814,0.47451977197826745,-25.33668629922831,98,100% Pure Floral Nectar
21.994588317264235,77.07069460277009,26.577323092077236,4.7817245145519305,0.27212865383135826,-23.684938612079343,51,Industrial Rice Syrup Adulteration
16.33081336244844,81.19898613477514,7.409464968281714,17.386483156133913,0.30530947706128264,-25.97864463402773,93,100% Pure Floral Nectar
17.061976614802035,83.27761378567578,15.516632087226867,15.228505352784877,0.29958414890408513,-25.11996231629072,90,100% Pure Floral Nectar
15.300785473527233,80.86487153303929,6.288651392006381,9.237594564010147,0.5787141409512926,-27.25428994756776,97,100% Pure Floral Nectar
17.512181909895233,71.46481787357054,16.353689062255494,4.847447114900902,0.2234600272827758,-24.644087129535425,58,Industrial Rice Syrup Adulteration
17.682012564193258,76.92588653222752,37.934950735039756,7.921040729317453,0.20424117764243088,-24.272101746501047,42,Industrial Rice Syrup Adulteration
19.281313649663563,78.66069056285329,63.16718252560886,1.6139858459943697,0.7216340935440966,-23.708693600843606,33,Acid-Inverted Sugar Syrup
18.17437464816051,77.67646307372651,44.00548325701538,4.435851608970392,0.22210952029515366,-23.49443255904908,43,Industrial Rice Syrup Adulteration
18.422520655186155,80.5,51.12902650310804,9.189555005441699,0.1432073244517035,-26.898725787865217,36,Industrial Rice Syrup Adulteration
17.73031123971445,80.27454932475509,21.679915460268237,3.8271478868054727,0.45494407979545815,-26.366655953586147,29,Industrial Rice Syrup Adulteration
16.539295387894793,82.2540016378584,2.771125920384534,22.028339461757273,0.48773978448569966,-27.33492466665245,98,100% Pure Floral Nectar
18.2405697316318,79.5,11.593497113425467,14.30536979672699,0.18,-27.909925707656345,95,100% Pure Floral Nectar
18.57866068160837,77.51254841042459,48.45907389642788,2.4285675978266417,0.623635196367561,-25.245759999360985,35,Acid-Inverted Sugar Syrup
19.125989538636265,84.4213755716335,2.0,19.26325078622901,0.3668137569086765,-26.58177457445527,93,100% Pure Floral Nectar
18.45349760306764,80.22987850157206,5.450041557161633,13.83525173126451,0.45446644142103354,-26.504519395310172,99,100% Pure Floral Nectar
17.604836101470944,83.54537867296591,34.801746068955076,21.11008091588804,0.18,-25.84655089127863,96,100% Pure Floral Nectar
16.868959093274565,80.5,38.25640512886822,9.042876379361449,0.2947965295928932,-24.492641487608996,48,Industrial Rice Syrup Adulteration
21.23640533252539,74.17326226657462,112.36463571779896,2.0148121035574738,0.44293445881213594,-24.355010071012007,30,Acid-Inverted Sugar Syrup
14.568105860805336,82.45059525475628,21.543182519141304,14.497148750688858,0.2466430496317903,-26.300316593360307,91,100% Pure Floral Nectar
19.409365280587057,83.68958384848908,4.817072662335114,9.768594304513393,0.42809640303086677,-26.537975591556176,93,100% Pure Floral Nectar
15.563850747332655,80.59073359974661,2.0,11.465586032455587,0.3623796498951319,-26.153572970929314,92,100% Pure Floral Nectar
16.81818700235326,80.01752567974081,11.697888688243612,11.56636142925817,0.5145051989192237,-25.311526090591965,99,100% Pure Floral Nectar
19.332241798971236,84.8203002517443,2.364463265377465,17.396963642532604,0.5704481743463681,-27.18550539304049,86,100% Pure Floral Nectar
18.56144672466807,76.68404629599371,62.51407645284945,2.0,0.2973188285190277,-26.588271410792252,46,Industrial Rice Syrup Adulteration
18.260510794066228,82.01108474683512,3.451528587199726,20.085671549837194,0.22755246299641255,-26.06637054508613,89,100% Pure Floral Nectar
16.872208260271147,79.66322948944017,6.073776694198203,13.02013084369247,0.20448207184991718,-26.938136779992483,97,100% Pure Floral Nectar
17.47172599005763,81.704935709964,18.243737297738853,9.0,0.49281540300715615,-27.426226741014208,93,100% Pure Floral Nectar
14.054354932421552,79.5,4.6537859971105,11.690581508658719,0.46321571415330753,-26.083596241992286,91,100% Pure Floral Nectar
20.06717287633256,70.0,55.33126076520104,12.473328569396752,0.3421729908741146,-24.590170044489316,45,Industrial Rice Syrup Adulteration
14.76440070971066,82.3096336076782,2.0,24.20190504096109,0.38722414275368966,-25.56806752344753,93,100% Pure Floral Nectar
18.932413388557794,80.91491640744437,2.6996651018080695,9.0,0.24848797443946258,-25.029307869288758,90,100% Pure Floral Nectar
17.906982190572638,79.5,4.335418871511429,9.0,0.26622108325574106,-26.578644294107736,88,100% Pure Floral Nectar
17.6496193924285,75.60202039520533,44.363325439130925,2.9402564121529604,0.3314024639802442,-25.15875545010669,29,Acid-Inverted Sugar Syrup
14.0,81.82052582966989,6.101126510039684,11.982023751397275,0.2914566170557217,-26.47218964364596,88,100% Pure Floral Nectar
16.307769154159686,80.78313424189511,8.015592295028945,11.508594366254822,0.4619151326825049,-27.465003086640014,93,100% Pure Floral Nectar
17.975929556317123,76.69622121307536,18.666293818151665,4.654483711136864,0.3243946209604748,-16.044724787135298,57,C4 Cane/Corn Syrup Adulteration
15.794459679085902,82.97288685034559,24.092238772092355,22.58345036917788,0.3902751361878603,-26.687654553601703,95,100% Pure Floral Nectar
17.718496460190764,78.70923069619116,27.038413251300508,6.166928968534619,0.23030620733318957,-13.651768701781164,30,C4 Cane/Corn Syrup Adulteration
17.367980542959952,76.71814067647013,31.52883587493617,14.475673660952134,0.3347789048994395,-13.215328548224925,57,C4 Cane/Corn Syrup Adulteration
17.557537257944045,82.99516934416754,2.0,15.706111761990687,0.4143529751070736,-25.88782937136536,98,100% Pure Floral Nectar
15.865339948437802,81.39411827593219,6.1774121810691955,19.1652815964761,0.5198880646308671,-27.147632996856366,99,100% Pure Floral Nectar
20.599285647974288,73.39358126913031,87.84393137207175,6.413141262412088,0.25,-23.685317482428097,37,Acid-Inverted Sugar Syrup
17.192165573639333,82.11742962748397,3.0966754490909736,14.559401034856528,0.6562141547232349,-26.70990194867252,95,100% Pure Floral Nectar
19.388778702364952,84.83797597016837,3.0354157697791773,17.24087728276488,0.35943414457978184,-25.900691276365556,97,100% Pure Floral Nectar
23.27190315927607,74.15990253677643,81.78504284746474,5.418238083283843,0.5841929107017022,-25.38256946852285,23,Acid-Inverted Sugar Syrup
19.146290568624238,82.59152904604005,8.985718529438916,17.578862023198248,0.5446472471330619,-26.913397616772066,93,100% Pure Floral Nectar
20.480772473222707,79.31369793671882,20.50801349293791,4.50512872518426,0.28810918753784487,-18.7330917869036,41,C4 Cane/Corn Syrup Adulteration
16.003450487940547,78.06351683471821,25.79243379125355,4.0,0.41297187241189237,-13.336949207366978,47,C4 Cane/Corn Syrup Adulteration
17.0,79.0,71.75998609359002,0.5,0.5785722803624757,-24.228064805962138,45,Acid-Inverted Sugar Syrup
15.068697139294951,81.8990133646194,2.0,9.0,0.4538400651065413,-26.32385056589744,94,100% Pure Floral Nectar
16.65607416567556,79.60186428016215,2.0,9.0,0.33300967885300775,-25.425605896673066,89,100% Pure Floral Nectar
18.289029265684448,78.14803204027275,43.62925398381378,6.914852817119316,0.47614608039888046,-14.858413673879404,44,C4 Cane/Corn Syrup Adulteration
18.23897848750065,82.87014420887395,10.449114961816091,9.0,0.3606602431422027,-25.60098179517511,91,100% Pure Floral Nectar
18.395566367173114,81.95829405924621,31.47725950484928,9.375510509093498,0.6933226711237117,-27.29946126336838,92,100% Pure Floral Nectar
21.022622357816427,68.36087241926029,54.27153273209462,6.700829162914849,0.5420162537437602,-23.725018509079224,48,Acid-Inverted Sugar Syrup
16.099619554311023,81.20261051999506,10.653417661327325,14.413319372239606,0.40215244946191275,-26.310330780948707,96,100% Pure Floral Nectar
17.721116989247136,74.37104938446954,18.134024386789033,5.3171059644286505,0.19710010761454202,-25.39495943766115,41,Industrial Rice Syrup Adulteration
23.257084649329634,76.55267351274985,29.760408425564627,6.918173492506674,0.18972349679591904,-25.38123912036145,35,Industrial Rice Syrup Adulteration
17.45837182447585,81.06617818223826,18.842786746390306,24.305551277456704,0.2519932155403944,-26.404523115855326,93,100% Pure Floral Nectar
20.30559044787089,75.48620005319317,33.73043632642596,6.046934869392118,0.2946456088090878,-23.599523704011595,40,Industrial Rice Syrup Adulteration
18.994301313005277,81.50536669490687,12.06326859786543,17.368232275329127,0.3330103015481404,-27.02961358338177,95,100% Pure Floral Nectar
18.39478178229243,80.66084283638573,3.146334133859317,14.722593001337389,0.23599294932975234,-25.036887039777227,95,100% Pure Floral Nectar
21.941360573787513,73.278430487794,44.72458529912317,2.0043798949239315,0.39249632879546936,-26.022643686178,44,Acid-Inverted Sugar Syrup
17.26380057586534,80.08663613010489,10.08082487292694,12.439621134486732,0.34917424653594126,-27.532335021038303,90,100% Pure Floral Nectar
17.099185829787533,84.60789291463558,8.748521625720478,14.07998818577252,0.18,-25.387224011921926,100,100% Pure Floral Nectar
16.081131190689643,83.89870951883626,34.165977741462356,13.732116809681502,0.4489291294563954,-25.70000629645827,91,100% Pure Floral Nectar
18.377608517784193,78.31111979693877,39.007267354391786,8.077846726829272,0.2352748008825348,-15.140453808393348,63,C4 Cane/Corn Syrup Adulteration
17.675888690478846,78.19693740422936,25.821403120041904,6.625647500406334,0.2056586936981426,-18.78323687074164,30,C4 Cane/Corn Syrup Adulteration
16.139883095547656,80.5,15.076431754937268,3.025323977310137,0.3172346472064624,-23.719879759709574,45,Industrial Rice Syrup Adulteration
19.8,82.98344504275947,19.937625581861646,12.809964289390614,0.44165617701974474,-26.47728081473111,90,100% Pure Floral Nectar
18.486707076182874,80.11185701091729,11.198788609318795,15.189063984563145,0.31172194144865484,-26.248586212126177,91,100% Pure Floral Nectar
18.773757807980417,84.0055514039384,34.54369008836076,14.025107633063909,0.3527576212728188,-26.71247894917086,93,100% Pure Floral Nectar
20.209640644305427,76.46678354397417,71.94229048677113,3.702520809481217,0.496983884036615,-23.833956462385625,30,Acid-Inverted Sugar Syrup
18.562664323809432,78.3109928696945,74.16542117092162,4.207019151066001,0.5437757181361175,-27.5,46,Acid-Inverted Sugar Syrup
16.75749800156213,81.9612657162317,20.568794190123715,14.441841099425087,0.4124282936454784,-25.465182856808777,93,100% Pure Floral Nectar
16.62430622048092,78.8010923834537,30.44768973144723,4.725568007451563,0.321853821199132,-25.650589717092675,51,Industrial Rice Syrup Adulteration
18.369378576655212,79.52924683497466,26.90705046817942,9.75438345839091,0.4284288125727707,-20.228131198518106,55,C4 Cane/Corn Syrup Adulteration
17.290361800061387,73.77743069617804,80.14521169598885,1.0004495588655975,0.6722227562487267,-24.967222892928103,30,Acid-Inverted Sugar Syrup
17.317251553216124,79.09463600276165,19.913490631061464,11.316951017101404,0.23752723605800585,-18.19710195310298,61,C4 Cane/Corn Syrup Adulteration
18.28393893405437,72.46530218528326,48.168643675215314,3.9219513631687843,0.8858081643850031,-26.43275614944201,35,Acid-Inverted Sugar Syrup
14.699786911292243,81.38691977914971,2.0,25.466534184580393,0.616205720474335,-26.99193994159258,95,100% Pure Floral Nectar
16.57499293962926,83.31935131418318,7.046283025287899,17.25116715442613,0.40324858474610975,-27.278604347043608,100,100% Pure Floral Nectar
16.937998028993633,79.5716232445328,17.67868385034642,11.499969848771064,0.2697693287431857,-27.26890949091867,93,100% Pure Floral Nectar
17.0,73.27212644658314,82.11156693827812,4.793810633602198,0.6332604759291547,-25.07325033940853,25,Acid-Inverted Sugar Syrup
21.303528605040302,72.41914514032834,88.95404342680825,8.0,0.7089865607958367,-26.493557249485914,34,Acid-Inverted Sugar Syrup
18.10185916077485,74.27491800333266,36.93359642563835,7.106810745337063,0.20843441219307665,-26.198891663373157,38,Industrial Rice Syrup Adulteration
20.220194426226982,75.85144960741881,36.579957967916464,11.534496561512752,0.21680409144801643,-23.72384481996336,36,Industrial Rice Syrup Adulteration
18.166201588395555,80.66556646779121,2.1156591073882938,14.78536845761327,0.2963896734114684,-28.068178526760146,88,100% Pure Floral Nectar
18.97527280602149,77.67124498287448,24.280695395551817,5.203057921709469,0.39254086294185847,-16.940779354972705,56,C4 Cane/Corn Syrup Adulteration
17.965966761245294,80.70618514834177,18.330655440170833,16.822897258016145,0.5111330608587099,-25.79787035245271,100,100% Pure Floral Nectar
19.240408055469768,77.07725421245229,43.29896444629616,3.157617105700683,0.3422028617863353,-23.652104082778745,62,Industrial Rice Syrup Adulteration
19.720011258417706,77.95305510441835,37.595188815332385,5.873010787904901,0.11795685350950566,-23.364000274058917,48,Industrial Rice Syrup Adulteration
14.673165059069673,79.92179205694563,5.6133020323490195,18.517295215855164,0.6637390455687877,-27.657338428734185,90,100% Pure Floral Nectar
20.699708466757635,78.98967570006027,32.376658139737856,6.8022470931428645,0.37026472436501373,-25.17186887211241,46,Industrial Rice Syrup Adulteration
18.50379216676268,80.42916464987712,8.326369899550148,20.08611892187297,0.49319416647983727,-27.031566741900335,93,100% Pure Floral Nectar
15.394054740362524,81.60202771184039,2.9222340435143517,15.909394756394514,0.42190903900795573,-26.92305211594072,96,100% Pure Floral Nectar
18.246211047172565,82.14659996064739,25.50839717546266,17.96287238098101,0.4082887331814703,-26.706475486003153,94,100% Pure Floral Nectar
17.152942409414802,82.80229547592631,38.0,17.877663746153253,0.5831149709203812,-26.390969093102186,92,100% Pure Floral Nectar
19.8,80.84249987107032,19.956147588308866,17.505030402815223,0.3916954242559587,-26.78195877605381,93,100% Pure Floral Nectar
20.58414940541733,75.76234571330018,25.57836236048513,8.822597725337394,0.29125885811415736,-22.91676086517365,51,Industrial Rice Syrup Adulteration
16.0530389963899,80.00555176411996,2.0,18.010605474977986,0.4511303989515791,-25.617021013464836,95,100% Pure Floral Nectar
24.062118018401474,72.42901319664816,116.47848176137914,1.2893973608225755,0.5796969870062297,-26.18018785999546,33,Acid-Inverted Sugar Syrup
18.627564169189892,78.8287079654485,47.817197241311376,5.558044292284492,0.18505828658783358,-25.997436258965298,26,Industrial Rice Syrup Adulteration
18.949181266499984,76.19789770959304,27.318591261831987,9.237071353023698,0.2934868628207593,-12.986472480369379,44,C4 Cane/Corn Syrup Adulteration
19.804357188932293,74.44175313166704,32.52126852220237,10.531366106367432,0.18839822097939546,-26.493281129201115,44,Industrial Rice Syrup Adulteration
17.60906981965692,80.49214698493705,2.0,21.429730628917074,0.5026123823849602,-26.149011878077125,91,100% Pure Floral Nectar
16.0,78.35090651836975,27.907765197364377,9.551720934605216,0.24752091187481517,-26.04873281586141,39,Industrial Rice Syrup Adulteration
18.296746712995635,79.85296526345573,15.694530305796807,15.027192613228834,0.5811547597957472,-26.26486443792932,95,100% Pure Floral Nectar
17.766012656946376,80.55356892556802,2.302413104951487,13.786641373645672,0.5887478831115063,-26.737960482079462,93,100% Pure Floral Nectar
17.785757509244156,81.92731765590746,29.91752596678797,20.10863769474283,0.6070353620484104,-26.228881885276113,94,100% Pure Floral Nectar
14.63711394440096,81.148983608793,21.281155778666864,12.232924225699232,0.47794184948977303,-26.968666948283026,93,100% Pure Floral Nectar
16.927128407506245,81.32887078785915,15.187498949867873,17.260128391786846,0.5403975975377882,-25.911341574557632,100,100% Pure Floral Nectar
19.218470089001602,70.4592840652046,77.6218604196059,4.695928454674639,0.6056541816855288,-25.692149205011436,21,Acid-Inverted Sugar Syrup
20.498299189234373,79.35928469818862,33.28910410670429,14.660497261979874,0.30889441927215255,-16.712968902865658,57,C4 Cane/Corn Syrup Adulteration
16.28996649183034,82.03894705769581,4.858001423904054,13.067486179039385,0.40785628472189617,-26.579713662436035,89,100% Pure Floral Nectar
17.99883813603042,84.40666618384151,11.255431790074503,15.498990186545885,0.3342403059790809,-26.7708447764215,99,100% Pure Floral Nectar
21.796825215388974,76.45035860085561,31.833500246295685,4.016785294697534,0.31729923373480934,-14.325791269297303,40,C4 Cane/Corn Syrup Adulteration
17.0,79.0,53.435679825836175,3.1868015656149247,0.5854499514719063,-22.0,50,Acid-Inverted Sugar Syrup
18.554517812582745,75.42912539332103,36.54456144686826,8.195764615937325,0.29980554251108293,-25.84425474078456,46,Industrial Rice Syrup Adulteration
20.846392061574182,75.00842526278403,66.68995853140154,1.652694329211247,0.7216799318291227,-26.42122757327774,17,Acid-Inverted Sugar Syrup
18.67837539447709,76.05526310664257,21.64574522291972,7.28141439175368,0.4072490880452137,-11.0,33,C4 Cane/Corn Syrup Adulteration
17.77257601177772,79.12572965273016,23.00513117924044,5.812050032216957,0.24531385465104596,-24.509031169238714,54,Industrial Rice Syrup Adulteration
18.78727813561389,84.12440887220188,16.29581866572274,16.24536184144416,0.5718627505702248,-28.2,90,100% Pure Floral Nectar
14.29725367462859,83.19570460804552,2.0,21.618376728678182,0.18,-27.33498406518515,96,100% Pure Floral Nectar
17.57884845363938,76.76757453092574,36.32988667481424,6.647952448558444,0.12339229649515665,-26.661458735457234,29,Industrial Rice Syrup Adulteration
16.843031895610803,82.97020840411999,8.824025139102794,18.358877732423615,0.40508388733458006,-26.010079264258536,97,100% Pure Floral Nectar
23.15749764731567,70.20457122845028,69.58420487887881,2.0528043274451333,0.7101703746858556,-27.5,35,Acid-Inverted Sugar Syrup
17.793685462249726,84.37523306524156,7.489552785464307,13.579945035766727,0.36933591782343067,-25.866998563157374,93,100% Pure Floral Nectar
16.701253597316207,75.47199105396194,31.171053780074697,12.887401228700774,0.46617423005057657,-18.273537248939032,47,C4 Cane/Corn Syrup Adulteration
17.358924283351747,80.42127508758999,4.5681420254612215,9.0,0.5576355441906203,-25.67991089887707,94,100% Pure Floral Nectar
16.590319081202217,81.97887865312542,2.798698814408679,17.167560107468763,0.3693592923949104,-25.50311124821906,98,100% Pure Floral Nectar
14.0,83.66546643240835,8.557503811158039,11.527000302241273,0.3922981238515547,-26.220572742921803,93,100% Pure Floral Nectar
20.662178144062764,77.49727413306137,25.654703499081258,5.119200152307388,0.36652475048104416,-25.00938100324625,50,Industrial Rice Syrup Adulteration
16.05629006061787,82.40742343741755,10.88151186310321,19.059196625401277,0.4375457755653071,-25.115898066801936,91,100% Pure Floral Nectar
23.815365608071172,68.64453907413038,55.03092334776329,5.589237173117079,0.5938665386792538,-25.071871067928157,13,Acid-Inverted Sugar Syrup
16.394107043267116,82.31533169722718,11.558899733981965,18.669593639494718,0.40372785121189403,-26.083916756132343,92,100% Pure Floral Nectar
15.0007733871041,81.00554922322884,11.730725317588533,23.981277775849044,0.5809596083459616,-27.2410747763175,97,100% Pure Floral Nectar
20.980532791156865,75.82001339101167,35.22248553196003,9.093478126720706,0.29953668759096685,-23.273742033913333,48,Industrial Rice Syrup Adulteration
17.49966180525219,75.85991871737956,51.989872844019715,8.295104477180152,0.3613602025977884,-16.572515503924855,68,C4 Cane/Corn Syrup Adulteration
18.51638412958198,78.9318203282874,50.03965047869026,10.80342892750587,0.28242590974799775,-24.011052047973003,28,Industrial Rice Syrup Adulteration
20.87719836106887,78.61754494529241,33.248348537623684,11.339859660650788,0.37676210525626647,-15.25853949624438,64,C4 Cane/Corn Syrup Adulteration
17.1860213746024,76.78861829970131,43.83137101305657,6.424810676979298,0.34715431353581555,-24.905583280893673,55,Industrial Rice Syrup Adulteration
17.28123182873175,82.41224568236399,2.2663527222815256,17.00729779243321,0.4247759344939219,-25.817133969483745,96,100% Pure Floral Nectar
20.733498801113274,78.52626981552379,18.453788762241263,3.6704416974197516,0.36046628965273664,-25.78854665022247,43,Industrial Rice Syrup Adulteration
19.812770601682644,73.085942772636,36.694544240551124,12.13793695651896,0.4032128571575234,-14.032591342576302,57,C4 Cane/Corn Syrup Adulteration
19.12281670237866,73.73252747547302,37.52031002565634,4.0,0.379433304513651,-16.259059502017998,68,C4 Cane/Corn Syrup Adulteration
19.388044275911476,80.03490499002704,14.199901261358452,18.338596275100553,0.43209153874819184,-25.843197105234797,85,100% Pure Floral Nectar
16.785730579130917,79.90495292330662,49.29054921406268,12.206865296936787,0.2746222541442388,-15.269120345304234,55,C4 Cane/Corn Syrup Adulteration
16.749113877312052,80.16614006790351,10.978417192378583,15.499987166172659,0.5711140453723402,-25.897356569313956,97,100% Pure Floral Nectar
16.0,76.811304749016,12.0,7.440117472050713,0.21955214013248012,-24.54457727940478,39,Industrial Rice Syrup Adulteration
16.933945350997906,82.14985489081167,8.36903491316515,17.84637564977167,0.28996841463929546,-26.834794359157367,98,100% Pure Floral Nectar
18.201533841617742,82.03935673203006,13.91436614460969,13.818128863536648,0.45357859151331326,-26.2530517633109,90,100% Pure Floral Nectar
19.358176807221863,77.35314247057147,27.59265815728626,4.221319119223082,0.366643839737082,-11.0,52,C4 Cane/Corn Syrup Adulteration
18.61119091867689,79.24483578758493,29.99571939491393,9.994800744666012,0.20966965056103015,-24.931251403703968,37,Industrial Rice Syrup Adulteration
17.584631985092365,73.26860753930434,35.496689109246915,11.04642569704888,0.17055616326258288,-25.192819952387115,36,Industrial Rice Syrup Adulteration
18.043510735953525,78.0612193901158,60.50529468794752,6.3117031537889146,0.7597871193877265,-25.84043825464255,34,Acid-Inverted Sugar Syrup
20.35749866946564,73.55702397835474,58.77979684801998,5.731406050984344,0.7399908065917159,-24.804259834195502,34,Acid-Inverted Sugar Syrup
16.82551451691804,73.50500359028258,42.903085873913994,14.0,0.34833179765973726,-22.5,33,Industrial Rice Syrup Adulteration
19.109586567738113,80.5,24.72726581604488,12.442432067475506,0.14313535069456187,-24.432733560737272,43,Industrial Rice Syrup Adulteration
18.90626659237624,79.95409234985623,4.51150609059604,18.836852681777742,0.4039931613466053,-26.98492086848142,97,100% Pure Floral Nectar
14.394592689830544,85.0,4.8110007705423605,16.879955022309098,0.5314066414963405,-26.210276022997128,97,100% Pure Floral Nectar
18.219941234803454,78.61696709771476,40.725496745679365,6.07911840319545,0.42432032788710894,-23.6162376872108,36,Industrial Rice Syrup Adulteration
19.8,81.93243664605667,3.0011922635379875,15.427925216076607,0.4376413000335436,-26.070323051150385,94,100% Pure Floral Nectar
15.12952380371622,82.74630744280296,10.755340001891446,13.647618076488328,0.5025316618274123,-26.29017088116104,96,100% Pure Floral Nectar
18.039900221994685,81.15712795689339,26.87922089103555,13.471450658507266,0.5530409303946868,-26.54472808240049,97,100% Pure Floral Nectar
24.589483196048896,79.0,55.518273632921336,5.975831062493507,0.5989506491971411,-26.267846741185423,18,Acid-Inverted Sugar Syrup
16.9538038337951,85.0,2.6388416784501185,12.212302032990024,0.4743928850559811,-26.550833701315035,96,100% Pure Floral Nectar
18.335535082456502,71.78895260536558,45.6109269999174,12.407154387332648,0.34054687295934816,-23.115657020300674,35,Industrial Rice Syrup Adulteration
17.173035468371847,81.3878072231824,2.0,12.754214472975598,0.4519554427728748,-25.570510886679777,90,100% Pure Floral Nectar
17.773239010474846,77.60419481324082,35.21957023376046,10.373805892544809,0.29743179119176427,-23.710683202436897,47,Industrial Rice Syrup Adulteration
18.663793350401583,77.5647282210041,22.734978195546518,10.971560047540324,0.35300413645212847,-15.711424754699038,60,C4 Cane/Corn Syrup Adulteration
14.408770100399963,82.13525476842047,8.456378814781157,20.402829622117466,0.4680441947355073,-24.631092707169977,88,100% Pure Floral Nectar
20.844503025969683,81.0,35.20732609428247,10.031295574013438,0.1795084919271034,-15.383443022101636,53,C4 Cane/Corn Syrup Adulteration
15.122815598745186,80.18636199553329,24.92831838372128,4.0,0.3338687277226462,-12.402931257339905,57,C4 Cane/Corn Syrup Adulteration
19.765579860870883,79.5,11.02630464068261,9.0,0.4430392546346721,-27.694585604114884,89,100% Pure Floral Nectar
21.419011689846023,75.08456843539093,16.05308341084123,13.379007424098663,0.18968814969152187,-26.621474435560632,52,Industrial Rice Syrup Adulteration
18.55724008073743,80.90105264103728,5.740204359308793,9.229306728053349,0.35322410665800286,-27.192825103364875,96,100% Pure Floral Nectar
19.25579238538063,78.4486159184747,12.0,13.633352371693759,0.4010746733385108,-26.158427826261516,47,Industrial Rice Syrup Adulteration
17.4528925147451,80.69337664137882,14.049730826036848,11.925328745412187,0.4196223682562848,-17.013302214198575,53,C4 Cane/Corn Syrup Adulteration
18.53059337346047,83.1786177991967,2.8213673017111827,14.006830503178563,0.34807731539364034,-25.688218377691,91,100% Pure Floral Nectar
18.087486631245216,82.10316771395372,7.498899211911902,13.603892895646428,0.47835447656890734,-25.078498708428953,93,100% Pure Floral Nectar
16.60063877464772,79.5,10.56778056637378,16.80240227691493,0.24723536440583574,-26.094087664548606,95,100% Pure Floral Nectar
18.53437506352652,82.7037477737602,16.118453553104985,17.036235087481252,0.30330592347755936,-28.19730958255363,93,100% Pure Floral Nectar
20.533231207062475,73.39352441411121,33.13444517649037,7.635937232850119,0.2660665867775211,-23.667007930146614,51,Industrial Rice Syrup Adulteration
15.0,76.66396129934697,43.711993887907475,11.231258821019955,0.1726761421737587,-14.617449114032212,55,C4 Cane/Corn Syrup Adulteration
18.190852709637664,83.4029197658911,10.282148069448134,15.766288118774872,0.4148572502807594,-26.776184465232667,91,100% Pure Floral Nectar
15.778868131440984,83.35779559908455,6.56524841412161,14.499367051779293,0.524407226028898,-25.502615146336318,88,100% Pure Floral Nectar
18.340446264602335,77.64272650092481,31.747286918822017,4.99250390816658,0.4038654164306731,-24.476432614954,42,Industrial Rice Syrup Adulteration
16.67998278760589,83.11225309880878,38.0,16.471572972385164,0.29154381083759145,-26.388950658647545,92,100% Pure Floral Nectar
17.766974395345336,79.5,3.157414506254127,12.78351251061424,0.4237906807383094,-25.366279430448195,91,100% Pure Floral Nectar
17.853001975406936,80.60102769692355,2.0,14.343700331332265,0.4312150190119623,-26.700021565864095,95,100% Pure Floral Nectar
17.433725464520478,75.04998025586936,22.19293070623357,4.0,0.3560242031343706,-19.506627244871204,37,C4 Cane/Corn Syrup Adulteration
18.04168944850076,82.01747930754935,21.663295787959687,12.50642356848195,0.3104634616078566,-26.457813227791558,90,100% Pure Floral Nectar
16.289996386847157,81.77744165454932,2.511926064384397,24.543851608862642,0.41833654385948743,-25.8851031711882,100,100% Pure Floral Nectar
21.370344308046676,76.77840203512169,42.0,7.686289045078942,0.8259215810681759,-26.240692231552842,35,Acid-Inverted Sugar Syrup
21.091031781637025,75.42238362760274,79.90433680697252,4.2984816770198435,0.5499764844029097,-27.480255153839558,33,Acid-Inverted Sugar Syrup
18.172307280913213,73.57771933654418,29.96967035365423,6.359011220848758,0.33953775193015434,-23.695584787577687,48,Industrial Rice Syrup Adulteration
17.359918708126855,85.0,2.0,15.961681998885476,0.3231341187018672,-26.37493817997491,92,100% Pure Floral Nectar
17.794575273228396,72.70438927267276,90.1076688744057,3.232107932616634,0.8325275609492975,-24.89856540317074,30,Acid-Inverted Sugar Syrup
18.48558545888225,68.49531633563751,92.42853622696661,2.8605664034285305,0.7111653504213806,-24.940466329598685,42,Acid-Inverted Sugar Syrup
16.740947396881914,83.5949784076708,34.79359878418577,16.513613886964578,0.4047412764651923,-26.10646068927686,91,100% Pure Floral Nectar
17.59239438309228,80.08397973037461,38.30774176197596,7.267734309657094,0.2373211791883323,-25.87929558389328,56,Industrial Rice Syrup Adulteration
20.72597018041862,80.5,29.678060965046946,14.0,0.25248775511645527,-23.465734298063385,36,Industrial Rice Syrup Adulteration
19.8,81.08326185848004,2.0,18.365814994639464,0.41811744398916745,-27.788889646730325,94,100% Pure Floral Nectar
20.29907741050008,74.3711443469925,92.64063224850548,1.7786157682746642,0.5839284489918443,-26.293768578264988,28,Acid-Inverted Sugar Syrup
17.006161622422717,83.70175491693921,2.0,10.085469564248823,0.43959067515505984,-27.19472139686714,97,100% Pure Floral Nectar
18.376868037106373,80.4301282549412,4.114679211601185,9.0,0.6683937286883614,-26.79414633985657,96,100% Pure Floral Nectar
17.473034977639376,82.71267387737727,2.0,18.99782016145425,0.5281334137274606,-26.483196737414538,100,100% Pure Floral Nectar
16.254750415035865,81.12198450876367,2.7585167639964245,12.64047972265666,0.37824125404853,-25.68834975487888,98,100% Pure Floral Nectar
19.208752058880464,76.50495515139731,36.53403665216267,12.127299465351634,0.10900410348801651,-24.461374507398908,34,Industrial Rice Syrup Adulteration
17.576074265937283,76.77894558661497,31.123856881250756,7.664243089333629,0.24381977834328772,-23.27916778211414,30,Industrial Rice Syrup Adulteration
16.569908339929057,82.49756062320007,12.15008203666467,15.074585819214455,0.18896853448950174,-26.68082122022317,100,100% Pure Floral Nectar
16.13721427382482,83.56944067897169,3.8426578885843776,19.848036312046528,0.49755841957629904,-25.585968199219103,94,100% Pure Floral Nectar
20.279122706114748,70.37804616210448,55.50014847284433,3.5005077809209206,0.6299800220134832,-26.480796401628947,26,Acid-Inverted Sugar Syrup
17.229241083614347,82.62896272324795,31.125623530882947,10.571350864506213,0.7428378008746432,-26.501210737128513,90,100% Pure Floral Nectar
18.641945144613626,83.14042275447454,14.26855549987188,18.948676123445093,0.27228258038336883,-26.004359848040778,93,100% Pure Floral Nectar
20.208007729155995,79.0,76.18360241385372,3.128649330646872,0.770750411953487,-24.437201556050184,36,Acid-Inverted Sugar Syrup
16.48952508118662,77.17868864284655,33.8799176336316,7.388130634191711,0.26464422756537725,-25.748962546708615,50,Industrial Rice Syrup Adulteration
18.549555492993523,76.17213996312384,35.261804157669594,12.61572371472133,0.3198490660299872,-14.31915172053657,48,C4 Cane/Corn Syrup Adulteration
17.6318580831876,76.9523966719023,12.0,12.412978376035948,0.2677194298680712,-25.328580179073015,47,Industrial Rice Syrup Adulteration
20.616090788476132,77.33735527425222,36.854942032863434,5.968939216701208,0.2280342329754708,-23.749508689498686,28,Industrial Rice Syrup Adulteration
14.942197780334487,82.9123246401344,6.4022909257364065,15.70437266941473,0.303869719254348,-26.2844823162929,97,100% Pure Floral Nectar
15.291556393570065,80.85394433791697,2.6778564332078574,21.68170772175886,0.48064720514645554,-27.16763753090312,91,100% Pure Floral Nectar
20.26363656040133,78.92441786089134,33.09278702006934,9.644331452100307,0.41256228953496077,-14.063854770610567,21,C4 Cane/Corn Syrup Adulteration
21.925460054590094,72.84743150276965,15.49164236868581,5.620393727565573,0.2831846002518308,-23.72159912985307,25,Industrial Rice Syrup Adulteration
17.436116540753417,81.69976284460509,14.493405940082027,13.32245956732415,0.31617491353773036,-26.059039408619082,96,100% Pure Floral Nectar
22.09489077780264,68.25831496019518,94.00831593562854,5.645836127118607,0.5867210872190458,-24.325483861094565,14,Acid-Inverted Sugar Syrup
21.30630802504968,79.0,78.56030865582359,3.0782026636672253,0.6197714225948733,-24.59233672586684,47,Acid-Inverted Sugar Syrup
18.717332368902262,75.87009328122551,43.885557325118114,4.432409528204964,0.3697625722840117,-26.643295612445872,41,Industrial Rice Syrup Adulteration
18.154100976321672,82.13934936491867,2.81785406406857,20.558391556624095,0.4267809209315121,-24.935530999867463,86,100% Pure Floral Nectar
17.841741384972078,82.13331601380095,5.270186590199775,16.650364951707864,0.38746618219657086,-26.027182458670154,100,100% Pure Floral Nectar
17.95958406102035,81.0462005570914,16.370602646690493,15.717808532298893,0.2182347729941683,-25.85163069309203,95,100% Pure Floral Nectar
18.07020064579847,84.59701931059334,15.86233830974665,16.87625490805158,0.34939919312307766,-26.27297869514022,90,100% Pure Floral Nectar
17.153478013097754,83.9613637291184,38.0,16.4976877671753,0.5096470593388948,-26.34499874532721,94,100% Pure Floral Nectar
20.84896992363086,73.49166733008757,32.76330428417296,11.560686304962246,0.28726024377299747,-24.676844444758796,41,Industrial Rice Syrup Adulteration
16.522072297987247,82.03694307167724,11.842438350104354,19.132697799143507,0.5790600263665507,-24.83735777676998,95,100% Pure Floral Nectar
16.0,74.79997323019016,42.96278558373278,8.051560403092942,0.28168701085061415,-24.6090275859109,42,Industrial Rice Syrup Adulteration
18.13061930238967,74.11661445716787,83.97524933504562,5.1629376830676,0.5046153599920136,-23.374223650707634,31,Acid-Inverted Sugar Syrup
18.8080922892002,80.22474551922885,20.197579669862257,14.166654986112238,0.30309990861933334,-26.08822225952,94,100% Pure Floral Nectar
18.50506818996454,81.60298170343637,2.0,17.042215966366197,0.6315958560359483,-26.75830788076546,92,100% Pure Floral Nectar
18.873065280494778,81.37974476749413,9.771515192974716,13.944904379559292,0.36459059503846475,-26.910997670106052,96,100% Pure Floral Nectar
22.12612991288304,78.10558340407893,103.19946953917633,2.7112719553863327,0.5260858530051202,-25.197384205383795,39,Acid-Inverted Sugar Syrup
15.30849588730877,81.43663038755052,2.0,21.89244477075858,0.4355335971056933,-27.961091177040228,94,100% Pure Floral Nectar
17.0,76.20303637145275,74.2575845861875,1.895150901820371,0.3210018262371477,-25.872675136454646,37,Acid-Inverted Sugar Syrup
19.241411134231168,76.37835214741554,33.81691010670994,13.310561751903768,0.4624176785112353,-11.04993445627793,34,C4 Cane/Corn Syrup Adulteration
21.275460147923305,79.66690127051947,33.6210574288394,8.8540825274831,0.28577586858730275,-24.979984965623295,45,Industrial Rice Syrup Adulteration
19.126934694728583,77.56703173537427,20.776347439449175,8.463182917762808,0.30937026552426905,-26.399571482618754,21,Industrial Rice Syrup Adulteration
20.394456526558372,78.13525726923363,14.136542544888755,5.393786812324304,0.34272551815666646,-25.18349193031542,47,Industrial Rice Syrup Adulteration
17.87121812532049,82.91675844820816,38.0,19.913549688818335,0.1882257253084534,-26.152503697281674,99,100% Pure Floral Nectar
16.39235138266759,81.54342387032827,30.47024864375051,13.590677603285286,0.7296350278428929,-25.606930684635703,94,100% Pure Floral Nectar
16.78474955730228,82.38679425262761,20.651845647274733,20.17127623701518,0.3636050552192218,-27.63244551033625,94,100% Pure Floral Nectar
19.908283468604537,72.63923375253214,63.305581466336974,4.407724459714882,0.5475610116474585,-23.781346970634402,27,Acid-Inverted Sugar Syrup
20.026340912013055,78.65356451199862,88.36067680593962,2.391058222311803,0.349310167138814,-25.067731795711836,24,Acid-Inverted Sugar Syrup
17.221810666614054,79.5,2.287711851364994,12.624754931960544,0.43410211429897155,-25.219890893444934,97,100% Pure Floral Nectar
18.38290547586151,79.0,68.59075123273642,5.610306585478748,0.6007572548116733,-24.508216712638323,22,Acid-Inverted Sugar Syrup
18.41588115824522,74.77333893327602,46.61250581399549,6.217246889933862,0.4836306230732148,-25.096357722070678,31,Industrial Rice Syrup Adulteration
19.305590184015763,82.74467529800233,16.266901234095783,12.016848352376869,0.4105496536506431,-25.179192836146985,89,100% Pure Floral Nectar
17.59019866378973,79.46878218020582,19.350492175688068,9.075425095941867,0.3866686773855075,-18.44188992660864,24,C4 Cane/Corn Syrup Adulteration
16.795877905511805,79.5,2.0,17.71671384870312,0.26394597252937035,-27.660539491345844,87,100% Pure Floral Nectar
22.627185580347195,74.87861209333903,73.62901664217141,2.8254370551726593,0.8439537250891225,-25.32200336466262,24,Acid-Inverted Sugar Syrup
15.905747616618623,81.60860860100996,5.066966549909155,23.253720118515723,0.36703469960464447,-25.274346005182515,98,100% Pure Floral Nectar
15.741137822859656,85.0,9.362430458719963,19.96144673312825,0.4426334810370014,-25.76267722828371,86,100% Pure Floral Nectar
18.262817224423706,79.5,8.795182927824497,14.169794808591213,0.30701592956787077,-25.869202329717453,91,100% Pure Floral Nectar
21.21028750837258,74.08092484975666,89.7430202555413,5.23379298470679,0.6238691396007199,-26.94049838655707,25,Acid-Inverted Sugar Syrup
16.814927623987696,81.65376070798541,5.5394324754559,14.425344676963274,0.4173229753305082,-26.214320083493718,95,100% Pure Floral Nectar
18.633193364549772,80.83382571002088,3.9630675404001634,18.052720840742886,0.31000335679637436,-27.42445217231308,91,100% Pure Floral Nectar
15.0,81.0,17.720250029584363,5.139657607607065,0.4404657481909841,-17.391714603848374,37,C4 Cane/Corn Syrup Adulteration
17.45528014829177,78.3716286426857,35.81586246129565,17.65765465543999,0.3497473339152212,-15.385612293287924,47,C4 Cane/Corn Syrup Adulteration
15.314023194658425,80.35892578798003,11.932148766339049,17.253225845339117,0.3495906287123986,-25.427839927466295,90,100% Pure Floral Nectar
22.323788328994887,77.73624117740952,26.834420802227562,4.0,0.29266950777686,-18.93298797553285,53,C4 Cane/Corn Syrup Adulteration
21.253246779716854,70.5436499461717,47.46614961801131,4.356126086864629,0.8069880355534005,-27.19204283554719,19,Acid-Inverted Sugar Syrup
23.25990849164957,79.0,59.047505744460466,3.041793669010459,0.3491640577376014,-27.5,22,Acid-Inverted Sugar Syrup
20.317182190375103,81.0,35.182442251562605,8.750662166900547,0.32801972943922664,-14.338272498514817,59,C4 Cane/Corn Syrup Adulteration
19.541601341572783,80.46230055663996,2.0,17.192248385305987,0.33413846806527014,-26.478584637033908,85,100% Pure Floral Nectar
15.378244587038385,78.4242764227983,19.53550626167586,9.541215810168298,0.31336566794104875,-12.84313071360725,56,C4 Cane/Corn Syrup Adulteration
17.66323232510024,83.52054944313103,10.248062766872707,20.35849084896585,0.6211102545131252,-26.67088938721471,97,100% Pure Floral Nectar
22.245782795685535,75.65530876902852,82.54360775500795,4.900149316835096,0.652826369109457,-27.5,36,Acid-Inverted Sugar Syrup
17.76071716509691,73.18627011369703,26.800935953192326,6.411607608560817,0.28721427973540525,-22.66124568338007,46,Industrial Rice Syrup Adulteration
21.385156344504885,76.24756176788928,38.06190774002928,13.757883785806996,0.33362572527087847,-21.0,36,C4 Cane/Corn Syrup Adulteration
18.537420781532852,79.5,11.376148225154527,14.801485299337045,0.7093968230146283,-25.31665145848331,97,100% Pure Floral Nectar
24.0,72.07473233559212,58.85031975996529,8.22682722715707,0.29393447055698163,-27.0,54,Industrial Rice Syrup Adulteration
21.181867398576323,71.8905079532382,57.70912918420846,2.973507290673659,0.3565457266119406,-25.416622747135175,24,Acid-Inverted Sugar Syrup
18.513748290587333,72.32434373631743,35.22757821409358,2.3326509867744045,0.2887806084794692,-22.985002078989353,27,Industrial Rice Syrup Adulteration
15.528908435540927,82.64964175183073,13.812752549456977,21.0122231763916,0.40553987301320105,-26.962386621854705,96,100% Pure Floral Nectar
18.381714368486215,79.0,61.55249000642574,5.2183339869407,0.7275253035312925,-26.47708046226625,46,Acid-Inverted Sugar Syrup
21.41485098248397,79.0,73.59147498091629,5.010255000214632,0.5953037691290927,-25.016113832519995,27,Acid-Inverted Sugar Syrup
19.499742134558346,82.1226446482068,3.0808632578396895,16.852423649962297,0.18,-26.118097267511125,93,100% Pure Floral Nectar
17.863029402889254,84.19190116392518,2.148539948778967,20.54384866889597,0.367915997481168,-25.926727453191994,95,100% Pure Floral Nectar
19.936424514402546,78.71562986534109,62.282471632764306,4.566635382804619,0.5135662149524219,-26.850264306875484,41,Acid-Inverted Sugar Syrup
20.565158692134936,79.0,47.58915889155048,2.156542208078182,0.38814459532810586,-23.513373797780005,32,Acid-Inverted Sugar Syrup
19.391733640928077,79.91300940538781,2.0,23.921626843051605,0.537360357119809,-27.900776782135395,93,100% Pure Floral Nectar
16.692026015384478,82.09200164895874,10.632142432544484,22.61911332583491,0.31103196350880413,-26.402061787932816,96,100% Pure Floral Nectar
19.539972925804133,79.0,63.7585024491606,7.096423794941021,0.5420778628274545,-26.721968680041556,34,Acid-Inverted Sugar Syrup
14.724184888212008,83.31233845537837,11.527747861507272,15.472972602836485,0.3976622137241221,-26.968809159978687,93,100% Pure Floral Nectar
16.78707045039116,81.8727863621292,2.0,22.072481086516603,0.46177143501448137,-26.432637335650266,96,100% Pure Floral Nectar
16.28910040322944,80.99714529150154,38.0,20.520250712587412,0.6210763552614674,-26.171217453361535,91,100% Pure Floral Nectar
16.0,75.57195248399525,37.91015834843584,2.0,0.28904800625984145,-23.778669953248496,42,Industrial Rice Syrup Adulteration
17.162870237051315,82.93825692714479,12.72535263747061,17.432108622020355,0.3208210349147718,-26.91188268132893,97,100% Pure Floral Nectar
19.07948805382807,81.0,42.08035012107886,17.748664246684992,0.3510051572234199,-21.0,44,C4 Cane/Corn Syrup Adulteration
18.67847953269247,81.71756331436056,11.637330830380149,17.192664849443904,0.4878296548769676,-26.641957559623968,100,100% Pure Floral Nectar
18.238933520813028,80.8280443398075,4.993184416961453,14.65841145451969,0.2480351514458575,-25.64684611410944,91,100% Pure Floral Nectar
19.135022587452536,81.17111558870175,3.9526464798432652,9.182844030735067,0.1863192152805692,-26.9088225682433,95,100% Pure Floral Nectar
17.318534358277823,75.63495819672701,40.56074965485495,6.406980154989961,0.2643648648750781,-26.43743477964324,46,Industrial Rice Syrup Adulteration
16.08997803483272,85.0,2.2324638539807538,21.602343073134506,0.25026443863604153,-25.589004155024373,85,100% Pure Floral Nectar
20.36127317353847,68.0,84.26916613063017,0.6559332410932752,0.35719142808954063,-24.317372835725187,37,Acid-Inverted Sugar Syrup
20.92421342543561,78.74489543909351,31.310873597422283,11.869597110146115,0.3974691224485004,-18.056200511526903,43,C4 Cane/Corn Syrup Adulteration
23.237791340467478,79.0,42.0,3.0233786308981,0.46803624286883844,-24.69908104016113,26,Acid-Inverted Sugar Syrup
18.411876877597173,79.85042893306004,24.688405982498104,5.251303856348101,0.36023614526683284,-24.60785302200386,34,Industrial Rice Syrup Adulteration
18.79464102747023,73.98753327917416,53.92982119844491,7.124888017240201,0.14794230931541028,-22.645780684248777,18,Industrial Rice Syrup Adulteration
19.068142595245785,79.16789435788039,23.34738495739211,8.066281716070765,0.3348720286467436,-24.256156499264517,41,Industrial Rice Syrup Adulteration
19.294532671242994,79.4925691120619,18.809213854666584,7.758030694911865,0.5907591421547559,-11.727520521216656,60,C4 Cane/Corn Syrup Adulteration
17.94322185179335,75.07657148776858,36.162014085279885,6.8377331908671986,0.23594920678763281,-23.652501019759235,36,Industrial Rice Syrup Adulteration
20.29544313691885,76.751606266637,32.604128972352534,6.844057749081373,0.3290201839645469,-21.0,46,C4 Cane/Corn Syrup Adulteration
17.758790560092898,79.5,14.297475015453507,10.101816243066615,0.50712431990752,-26.638422854420636,94,100% Pure Floral Nectar
18.652002472489222,80.5,42.548319474886945,10.634690390825,0.25616170665663757,-24.769526416999728,43,Industrial Rice Syrup Adulteration
16.5419409931367,82.37662943202892,13.617729959736954,12.363187596375653,0.42662496107908,-26.356287116335807,90,100% Pure Floral Nectar
20.078960122732116,73.53470029575278,69.11165240258407,0.8214177836615195,0.5363205029108125,-26.72785593082063,45,Acid-Inverted Sugar Syrup
17.110136552048104,81.93118210211955,17.065254365341865,23.906059823500954,0.5734182248942006,-27.30911918062734,90,100% Pure Floral Nectar
16.523714527643182,83.01038136690576,8.999771609534918,16.20389360442164,0.39596954078246693,-27.420091560739614,96,100% Pure Floral Nectar
20.04238381065948,77.99022275304,32.08474136643512,12.053121367161552,0.24030719083384894,-17.228610865943413,68,C4 Cane/Corn Syrup Adulteration
21.98573294010352,79.70270684526942,25.677573850118474,17.09553950569106,0.2409261942276652,-11.0,68,C4 Cane/Corn Syrup Adulteration
19.17530533164478,83.07679127937958,4.217657669769693,16.432123811426614,0.20571104616644842,-26.658801679331503,95,100% Pure Floral Nectar
18.61374392507969,81.45259028008607,27.468794037979364,24.033387710641925,0.3570168647610678,-27.046400444004973,97,100% Pure Floral Nectar
17.290264180734166,80.57996921736544,2.2551202750465404,18.34199166228191,0.3713986714259163,-25.851388022272985,91,100% Pure Floral Nectar
22.60503641852131,75.19743463285333,18.273209314184346,6.95417294127891,0.21260209651707254,-23.64676902971032,57,Industrial Rice Syrup Adulteration
17.578639556091773,83.75331407810087,2.2607031727091664,15.451596258527339,0.39662524544601174,-25.772904383928033,93,100% Pure Floral Nectar
17.76522212647125,81.42991849131248,6.212387246366403,18.21308687806084,0.5636115869976526,-27.035925036265944,95,100% Pure Floral Nectar
15.264080376649929,81.22932298531221,8.194286610356894,21.333218272610985,0.28451226938012375,-26.490853580443282,93,100% Pure Floral Nectar
22.657478390513297,75.2975860659906,113.08402661150248,0.5,0.6061567149256111,-25.143041019190232,38,Acid-Inverted Sugar Syrup
19.14945142009006,83.19319463134144,20.131454237660538,9.0,0.5277893487427475,-26.297635304684345,96,100% Pure Floral Nectar
17.24480580869207,82.03333835234461,2.169207311163899,14.760798665619504,0.21111592723435973,-26.485040973808285,96,100% Pure Floral Nectar
18.43138328685508,72.6558836982006,24.394662777403006,10.451991142314183,0.38789793623634305,-14.186934761194474,56,C4 Cane/Corn Syrup Adulteration
16.877439000111924,83.9616252039792,2.0,9.0,0.36948169583841883,-26.83209919847865,94,100% Pure Floral Nectar
19.520879956001988,77.77043738830821,12.313238868254468,13.572601490385964,0.3983290496429023,-14.277693483145258,36,C4 Cane/Corn Syrup Adulteration
17.16147913292911,80.13569004829456,6.315264570539085,18.918902186118405,0.4122827459856905,-25.444269876206924,89,100% Pure Floral Nectar
17.59059182711332,81.02917444625044,4.3115919451047295,17.523363520336886,0.6135336279236447,-27.43444047542732,93,100% Pure Floral Nectar
16.77713630071419,81.25308508760618,2.0,14.265529627659525,0.4144605667236034,-26.822184061758282,91,100% Pure Floral Nectar
16.902907442138385,82.63006882792276,2.8041413728942457,17.610608733391707,0.3082601687067648,-27.139091246203687,91,100% Pure Floral Nectar
15.332364307114513,82.22168129912765,7.769380477950708,19.289011817784107,0.4190749618221307,-25.590987101515374,93,100% Pure Floral Nectar
21.125930548950233,78.97393521644928,61.05023987332498,2.5617547585767357,0.6814036507028653,-23.362824023236147,15,Acid-Inverted Sugar Syrup
19.525762900367017,79.5,9.409206946725112,20.53490325476098,0.49782560971595974,-25.56868572738739,95,100% Pure Floral Nectar
20.6222635138976,77.63921131194346,32.24244945799682,7.157273040456392,0.2037614268132609,-15.970073839283884,59,C4 Cane/Corn Syrup Adulteration
18.70311197122049,80.65528828041265,30.126797188066277,5.666161443798165,0.3108669594771135,-14.731165388993919,53,C4 Cane/Corn Syrup Adulteration
17.276907755399787,83.32393915285788,8.789645644274339,10.020211090451138,0.18,-25.257677806140844,88,100% Pure Floral Nectar
19.22127044570256,82.71281153336722,27.32523644113717,12.326891741643031,0.3905631016574637,-26.4367378776175,90,100% Pure Floral Nectar
16.379763676527027,70.0,41.27169221703542,9.054578394528736,0.23447167106571565,-27.0,59,Industrial Rice Syrup Adulteration
18.45520008956667,76.6909259781395,51.2470005416651,6.749929270108253,0.29092409373754663,-23.58710008051633,24,Industrial Rice Syrup Adulteration
17.77155385800026,79.5,20.683224245642478,16.90747129599278,0.5050937267559941,-25.921297220247606,92,100% Pure Floral Nectar
18.251724328777087,78.56326074552989,54.67911862573801,8.0,0.45385878261035867,-24.90235295242437,44,Acid-Inverted Sugar Syrup
16.236589516751184,82.64245869387568,2.1551579321487258,20.124288972083143,0.3060005155776366,-27.9971634506944,90,100% Pure Floral Nectar
19.818166712875495,79.0,86.4126590603485,3.7049681144998226,0.28647852318144607,-23.062853412040646,43,Acid-Inverted Sugar Syrup
20.844252619178764,75.73271843249171,28.805625712271823,9.514469302905301,0.3123411125182489,-16.93092303348138,68,C4 Cane/Corn Syrup Adulteration
18.225488943891722,84.98619266946704,17.994538861539972,21.761118858073928,0.5468452102998439,-25.805836179587985,93,100% Pure Floral Nectar
22.775228275754863,79.0,62.678033839661666,2.4661546726380195,0.6784339666895878,-23.499306719667494,43,Acid-Inverted Sugar Syrup
19.28002387487481,76.45002468357804,61.136454185552466,3.605213158518107,0.5810692048978486,-27.5,37,Acid-Inverted Sugar Syrup
16.674725067546486,82.01976396705126,25.90929849484916,9.310272424554455,0.5733451825250366,-26.153591886236395,93,100% Pure Floral Nectar
18.808271980520942,80.27854283250042,35.288252926560254,9.0,0.39126538874812994,-26.508543431288935,93,100% Pure Floral Nectar
16.172156681710106,81.53058412404343,2.0,14.957089213231681,0.4683188377976593,-28.1697715702196,91,100% Pure Floral Nectar
17.989472768073302,81.40578655597672,2.0,14.231506293975762,0.5505710955850307,-27.432928922468058,89,100% Pure Floral Nectar
20.99211784984046,78.57136881927823,28.88976732386742,8.462199201406214,0.27123227035756997,-11.74649602668087,52,C4 Cane/Corn Syrup Adulteration
17.874865883957348,81.0,26.13128214177601,15.901623729491728,0.3068844933582635,-16.13517605251396,57,C4 Cane/Corn Syrup Adulteration
14.904722172464393,83.79130425656841,36.70988574761424,12.727098919560948,0.37982720103542067,-25.62149565603538,95,100% Pure Floral Nectar
19.950383121606567,74.76833547321905,23.780164649856744,7.475592603680774,0.2908839387353153,-25.31587283444461,37,Industrial Rice Syrup Adulteration
21.014469921348557,78.78642504984134,25.46978765447266,9.08801151301922,0.2968294046004639,-20.878870917314632,59,C4 Cane/Corn Syrup Adulteration
16.0,78.6201288053581,49.50798615055691,9.220533746735445,0.3788183822394501,-25.763490092159085,62,Industrial Rice Syrup Adulteration
17.458487401945224,80.83548695074566,13.981551301661405,18.755449842714125,0.5473810988611013,-27.217943624469484,98,100% Pure Floral Nectar
15.883561604207259,78.06393924907174,29.72425583835266,8.392653087185916,0.3933972080346354,-17.943634619663246,50,C4 Cane/Corn Syrup Adulteration
17.606815754303305,78.57819712639116,28.778501378866125,9.98448869620552,0.2932805507856957,-23.75167550694867,47,Industrial Rice Syrup Adulteration
15.515518802455198,82.53171884973882,26.098366949664143,11.645989692507651,0.5067332128719327,-26.338425005768006,94,100% Pure Floral Nectar
17.41042246604663,85.0,20.936797911542374,17.648827021323445,0.41305606089427904,-26.303296710542696,95,100% Pure Floral Nectar
15.817948661988343,81.35278805872554,22.31092408321844,27.573615019919774,0.7129108758547842,-26.754692923347164,97,100% Pure Floral Nectar
16.736168263543348,82.06464585647953,3.6600663616273774,13.796984339923041,0.49998510383791567,-26.0809136251283,97,100% Pure Floral Nectar
17.20113758083877,71.31811446400053,34.25881762194046,8.263698989887258,0.28070182201505156,-23.469555203517544,49,Industrial Rice Syrup Adulteration
17.52292453044068,74.77028079316165,36.23371194719892,8.932224238727716,0.18371230276854944,-26.38848196477877,40,Industrial Rice Syrup Adulteration
16.543154087053413,79.5824192921616,30.700944433941686,11.578017241464941,0.5181590519108804,-26.095574926125863,94,100% Pure Floral Nectar
21.372006002268463,76.46266579195685,42.0,1.1052313909818894,0.6428313274742337,-22.0,28,Acid-Inverted Sugar Syrup
20.20708403257601,74.80171897410673,33.772333287807704,11.826133799948513,0.34975707054137933,-25.423441275637472,22,Industrial Rice Syrup Adulteration
16.978058597762242,85.0,2.0,20.89501027605811,0.48847016401438315,-27.377360391165332,91,100% Pure Floral Nectar
20.40065934088887,72.58152515506038,71.76599840825229,1.2228079621952919,0.5205517671346198,-24.44271764814886,32,Acid-Inverted Sugar Syrup
16.485977041603352,83.63430539264117,5.683359761629086,15.969740236873967,0.4245080230448703,-26.48901395740589,91,100% Pure Floral Nectar
18.29827815384195,78.3284799224371,31.955731906818986,14.080994058672623,0.41150376277610445,-16.77974192532779,64,C4 Cane/Corn Syrup Adulteration
21.721930276034513,74.66222007214955,42.0,0.7770153580569219,0.28389549598894165,-24.344330075646937,31,Acid-Inverted Sugar Syrup
18.06465923982564,75.2946172711203,31.12387450185007,6.825647099168832,0.31407321940496596,-26.28415386859523,54,Industrial Rice Syrup Adulteration
18.159710834306285,81.42412116556643,24.815810952692086,24.61422027110864,0.22988069065819233,-26.22813027956068,91,100% Pure Floral Nectar
15.671618773404958,80.97158808444445,4.34042427196203,20.56048832213014,0.6359685950072518,-26.357059435031395,95,100% Pure Floral Nectar
19.649652968923725,80.51074233077028,12.138989374403936,9.541079084964146,0.2972983012616693,-18.713358275088332,49,C4 Cane/Corn Syrup Adulteration
18.845624559542568,80.24470491676868,26.59523092269638,8.002717878866987,0.351069720712523,-13.572867474925388,61,C4 Cane/Corn Syrup Adulteration
19.077219302596987,79.16611545879512,30.120050872546432,4.4999520663105965,0.19049677830437844,-19.682466018360063,50,C4 Cane/Corn Syrup Adulteration
16.0,78.6153016482497,45.08980855313217,2.0,0.3100468599165897,-25.964225163872005,38,Industrial Rice Syrup Adulteration
18.7156769671309,77.36852872890533,69.5438736119876,4.557346642318218,0.5168533939135491,-25.52848697573792,38,Acid-Inverted Sugar Syrup
17.5415344770719,81.14806382833343,2.0,12.20193920624711,0.6201357519605417,-26.304501157352902,92,100% Pure Floral Nectar
20.307348837375315,72.62788725606242,76.73855351166843,3.875385395660553,0.6106917998074061,-24.415236820743992,18,Acid-Inverted Sugar Syrup
20.66903210501456,72.66246511830967,76.33770227373851,4.707770552140259,0.5486688635283283,-23.73110605797832,38,Acid-Inverted Sugar Syrup
15.443994807563051,81.3213091641161,2.0,19.761427634691113,0.5065186984117103,-26.119259184614457,97,100% Pure Floral Nectar
22.286612880598724,79.61182614191947,37.88621480200995,7.4452847668844395,0.18108932323712768,-23.939527817293524,38,Industrial Rice Syrup Adulteration
18.09422231084086,83.33246658315664,2.3243173691892633,14.675185150296882,0.41873322781429756,-26.213675494357073,93,100% Pure Floral Nectar
16.12200550732356,81.62884564822643,2.0,11.849769582706177,0.5600635180030913,-27.36921763730914,98,100% Pure Floral Nectar
16.401508087020847,83.75816946966815,27.747201239153085,20.68149299065917,0.29153902384374963,-26.229321151368264,98,100% Pure Floral Nectar
15.680789262819083,81.0262125767113,14.625936040521019,21.43503450577501,0.3086742849258758,-27.081776930974367,95,100% Pure Floral Nectar
15.693723183822001,79.54773526063777,23.724242593266233,11.486885488063194,0.33566789314356466,-11.564171007318768,48,C4 Cane/Corn Syrup Adulteration
16.111056637372773,81.91659855682482,4.794596868052983,17.6235290956316,0.4078310604333763,-27.319039083730765,86,100% Pure Floral Nectar
18.481546385784227,85.0,14.359876936767169,19.012381128913116,0.22941274815506157,-26.96212968074497,95,100% Pure Floral Nectar
18.18353972697823,76.85014521320164,26.314316155390628,4.0,0.2265999879260072,-15.8838416517617,33,C4 Cane/Corn Syrup Adulteration
16.444336447566894,79.8804839546155,33.95565763275687,21.122500071652905,0.49940839345163374,-26.158888538954592,93,100% Pure Floral Nectar
15.052240160970129,84.98648528352757,8.26673515985734,20.897529281377896,0.37829996403529076,-26.48631811934631,93,100% Pure Floral Nectar
20.38608128312208,77.37564210282534,24.755738465900336,10.547439103254444,0.3785486943199166,-13.904786015463646,40,C4 Cane/Corn Syrup Adulteration
19.318829640538983,81.13211138881691,5.989744550057256,11.943023564636556,0.2967947409857681,-26.896943393066444,92,100% Pure Floral Nectar
19.23473826796478,83.67474866354586,23.80382907679387,9.628477751701844,0.548774163215925,-27.92682266636597,93,100% Pure Floral Nectar
19.72048851557904,81.0,24.944529094948816,9.817583413737978,0.37519788109060437,-14.519087678953577,34,C4 Cane/Corn Syrup Adulteration
17.991126544628674,78.34985722349292,31.14857608923674,8.194455643690837,0.33051071883273275,-17.226131421357582,49,C4 Cane/Corn Syrup Adulteration
17.35315271244685,80.22271390613147,5.167465246387024,16.12486060106844,0.18,-27.402210787567316,95,100% Pure Floral Nectar
16.930694649306428,82.4223659669635,2.0,15.277339724837208,0.42181479139014644,-27.00119099480927,97,100% Pure Floral Nectar
17.36194448801,82.1324840117653,6.252170873788278,12.0742792756529,0.36705879710474876,-26.045232021635865,98,100% Pure Floral Nectar
18.54246613155164,81.0,30.014281965403992,13.477684828821083,0.4198001587510532,-15.122524873501169,34,C4 Cane/Corn Syrup Adulteration
18.71206729200051,83.81843080405682,7.263758758028265,17.22751272063794,0.34922889111994376,-25.95413322200359,100,100% Pure Floral Nectar
20.216542123280746,72.07423309613684,64.02999927264563,6.7131130831173795,0.4265702963666054,-24.56588616748711,21,Acid-Inverted Sugar Syrup
18.48263024461787,70.0,35.21779127460538,4.73501940757205,0.2206783152237306,-23.890698421667032,48,Industrial Rice Syrup Adulteration
14.282241884701975,79.5,19.093294424382716,16.31765397956779,0.47503205446531566,-26.339313799960124,96,100% Pure Floral Nectar
19.330456696216924,79.0,66.09320767962598,5.081116525166859,0.39167503783475444,-24.27469061312295,37,Acid-Inverted Sugar Syrup
15.178603257413041,81.93514685822392,38.0,15.206706165044968,0.43723077905753904,-26.377519181197375,98,100% Pure Floral Nectar
18.675098515250973,81.08284061391976,2.0,21.733873112207696,0.3214456339112569,-24.930811138753292,85,100% Pure Floral Nectar
15.271335498944067,85.0,19.051050747396133,11.041860663251189,0.6148612493123108,-27.366399712212896,99,100% Pure Floral Nectar
15.791020765275299,75.6897264819847,22.030911834432764,13.917916248374155,0.3732660091974419,-17.760056820219614,39,C4 Cane/Corn Syrup Adulteration
16.624155014793832,74.04493155497366,17.84622775717424,11.862687896386303,0.4511050015652833,-15.719694052043172,33,C4 Cane/Corn Syrup Adulteration
17.618397428691043,76.41331113705398,45.07840300026939,6.1165193998717875,0.4462515247515584,-24.717586609047487,25,Industrial Rice Syrup Adulteration
16.495835321228117,83.0090653419909,28.091827933307272,13.789869243408695,0.6532300904853076,-26.25621071067957,100,100% Pure Floral Nectar
19.077568521769592,71.66987220187221,40.55717221071599,8.02637510973126,0.372560535825249,-22.949439855092685,39,Industrial Rice Syrup Adulteration
15.387445933990731,82.1029252916678,2.0,15.42898957229102,0.2267973992509204,-26.938271938872354,100,100% Pure Floral Nectar
18.611077481783333,77.63352220368193,26.9639702909813,7.818038372772585,0.4650703274666728,-16.169830024308897,64,C4 Cane/Corn Syrup Adulteration
22.09856580915047,79.0,45.976474064304675,1.9746960293385531,0.6335964202927415,-23.317789398383308,24,Acid-Inverted Sugar Syrup
20.705472081001098,79.0,55.65711432164235,3.716957205891742,0.695260984828104,-24.27126581637425,28,Acid-Inverted Sugar Syrup
17.00576747793476,78.89460702367963,29.205486863070885,8.946525474859705,0.4104304279701585,-15.341007330386558,48,C4 Cane/Corn Syrup Adulteration
19.375824589000683,80.7949700173293,8.035330392118555,19.078488687559997,0.3315285988329647,-25.559439426400083,92,100% Pure Floral Nectar
19.73736737862182,73.95748582731053,72.55578553159229,2.4878495765762834,0.29336964923700715,-25.38455008702384,28,Acid-Inverted Sugar Syrup
19.460682938638882,79.88533998110734,50.94325450269163,4.803966808197034,0.3175747584872659,-25.429890784088936,54,Industrial Rice Syrup Adulteration
15.01243580035884,84.1233883186921,3.165393217391464,16.727657141502114,0.556042619771821,-25.934425763934964,92,100% Pure Floral Nectar
17.112932576200965,81.76784199716856,5.073537557775785,18.17739508759321,0.445276253425807,-25.07713026727431,94,100% Pure Floral Nectar
20.651000042261273,78.88915895433809,29.366273180801663,11.048372176704387,0.42587138248319095,-13.755559940711963,46,C4 Cane/Corn Syrup Adulteration
17.775252759135036,75.63757895725718,77.56071476555397,6.85947760225886,0.5015323591080745,-26.436227987672925,18,Acid-Inverted Sugar Syrup
17.481623518221973,80.2798984040542,27.903567655319492,12.33581118058496,0.6800351120696358,-26.736294153582445,96,100% Pure Floral Nectar
16.422332033175643,82.58984775622903,4.805281170997107,17.522400233459688,0.4113183029819194,-26.741054659167755,92,100% Pure Floral Nectar
17.787166931954513,81.0,34.911794227294884,8.617135556499427,0.3276576527258348,-13.021406752508993,34,C4 Cane/Corn Syrup Adulteration
18.1081938426255,83.4026109203337,38.0,22.17609708422103,0.4092796961434745,-25.668354692577424,93,100% Pure Floral Nectar
17.47415306213263,74.28774077995377,25.813332627998697,12.903308148757592,0.19575338040994045,-25.624948566405156,39,Industrial Rice Syrup Adulteration
16.994119665897006,79.65259560242382,2.1483754814307434,14.266595716584387,0.4953694436280298,-26.146582814308072,94,100% Pure Floral Nectar
16.977336705439928,80.85395518500847,13.564281253178809,16.32331299171908,0.38627721632687345,-26.486854058272126,97,100% Pure Floral Nectar
17.17562290464668,78.24518368355916,17.375399737962304,9.801520200878105,0.2437029603021868,-19.534980319609556,62,C4 Cane/Corn Syrup Adulteration
17.815234618461712,78.8197986442908,20.58953485414811,5.502665503628708,0.42104333535824673,-26.341478540093682,52,Industrial Rice Syrup Adulteration
15.28636982221841,80.29536173362503,12.424483774549573,18.227876706383743,0.43912718373314663,-25.76467173226726,94,100% Pure Floral Nectar
17.477075096847706,80.87340142458281,22.639520898860933,12.443751054750102,0.704935953994079,-25.932690527666374,93,100% Pure Floral Nectar
17.87489341826954,80.49639039548232,18.221179351700304,19.402831052587448,0.397768090208357,-26.035297272376567,97,100% Pure Floral Nectar
16.015100683012776,80.93711197685876,14.052816133206731,13.819796449119778,0.35671639947358696,-26.597955247076527,94,100% Pure Floral Nectar
14.51245758132328,81.18486899363666,15.310624198776134,13.575267645756725,0.4508022277069774,-25.9328318278016,95,100% Pure Floral Nectar
17.22439186504493,79.90854307809722,28.259408942579437,11.819848790364663,0.3767010333430174,-15.461463437759047,68,C4 Cane/Corn Syrup Adulteration
18.758005516027566,80.80532077153612,19.479859606282872,17.384176833064735,0.32218314264461284,-15.207788065453084,62,C4 Cane/Corn Syrup Adulteration
20.28253184557398,75.37251842349441,99.06724349168661,1.566061300732743,0.46079327698684075,-23.682085638010008,26,Acid-Inverted Sugar Syrup
18.55155647842764,79.91372241392267,8.496549643308857,10.736682324113499,0.18,-25.93200616856401,100,100% Pure Floral Nectar
21.073536372113683,75.95857730628595,33.66705991868497,7.875704039009035,0.2770497552564198,-23.098031036088877,26,Industrial Rice Syrup Adulteration
17.180440104553465,72.52223926095306,61.05111651886791,7.426685414991572,0.6665764608648509,-26.023850122021088,33,Acid-Inverted Sugar Syrup
20.849786120761717,76.91861475418987,55.611293944580666,3.938641302030555,0.4483855781869932,-25.15254288363124,38,Acid-Inverted Sugar Syrup
16.634892151461205,79.5,14.606151825591516,15.339102040396119,0.48329263822319957,-26.372483560879573,92,100% Pure Floral Nectar
18.941183838440093,77.62586402408358,22.472658488603596,11.505535915638005,0.1,-26.50530005251948,49,Industrial Rice Syrup Adulteration
18.170086072244256,83.55837337190714,6.469653089916534,15.712785581442647,0.37573402764755715,-26.171405888895862,92,100% Pure Floral Nectar
18.869510517469163,80.49023195734387,2.826612643283051,16.90192745739167,0.20580737605534744,-26.20534428309853,100,100% Pure Floral Nectar
15.651189082623711,85.0,6.831441538954588,19.97170742675853,0.39564379882225376,-26.445870380842265,96,100% Pure Floral Nectar
19.47436450923691,76.62076896296787,67.80529453451751,3.3532847913740507,0.5441758409148333,-23.82014196296921,25,Acid-Inverted Sugar Syrup
19.41955767479742,74.16747716589984,49.51434392879341,3.9744048682529267,0.48853244837616305,-25.30760933633927,45,Acid-Inverted Sugar Syrup
23.0,78.4099539437369,24.92425509840463,11.014641690904712,0.3510197682007116,-19.84427944059516,59,C4 Cane/Corn Syrup Adulteration
19.91886367780467,79.0,91.17043468345724,6.279864515209848,0.5700400663531823,-25.241513390008453,19,Acid-Inverted Sugar Syrup
17.271242782598424,82.65826223982614,32.39725722198353,9.346421144423637,0.40074165356057245,-26.38543718335922,97,100% Pure Floral Nectar
20.381560745974095,77.11552599999575,59.83311960492936,4.644962518410056,0.5223899283012342,-25.593117865313708,24,Acid-Inverted Sugar Syrup
20.896964704767797,79.87792839762902,28.89211379403105,11.643313633607185,0.42201634327682686,-14.72407721689944,51,C4 Cane/Corn Syrup Adulteration
18.97410270262868,71.79387552443771,63.99929907142862,5.700051692159569,0.8307621788859819,-23.50453378449452,33,Acid-Inverted Sugar Syrup
19.37354192128894,76.41666851700964,75.46251315844574,3.6247049652025707,0.3344651965186279,-22.500619474024514,17,Acid-Inverted Sugar Syrup
19.97292914416256,80.5,21.00321447669634,10.909561640069457,0.12903251806417268,-23.81831816844952,39,Industrial Rice Syrup Adulteration
19.96222167937895,78.78730762624303,34.92322616001792,11.818816450641762,0.4811926575331251,-19.24782739306274,42,C4 Cane/Corn Syrup Adulteration
14.0,79.5,2.0,13.263854487290509,0.3254938271245552,-26.74930578510085,88,100% Pure Floral Nectar
17.0,73.53060728447105,65.02410105206766,6.684306278512666,0.457785090734423,-26.437055185902654,35,Acid-Inverted Sugar Syrup
19.777846044749104,76.07319002363352,31.896071742465242,11.411963426662915,0.18477564330590215,-15.044562591237636,35,C4 Cane/Corn Syrup Adulteration
16.595731562194732,82.20210663718096,20.59712775533658,16.95675452323501,0.6033577888367413,-25.936125149619684,93,100% Pure Floral Nectar
21.782001305342078,75.54146871860138,27.52138063006043,3.9398377499142,0.13040163814341488,-24.709243555187015,15,Industrial Rice Syrup Adulteration
19.062144450035237,80.16461603289038,28.70862503533388,10.665656911562694,0.19709849755852105,-11.0,67,C4 Cane/Corn Syrup Adulteration
16.03737783082081,83.91639114701621,2.0,21.83640187158082,0.5933820344711769,-27.429848220995407,99,100% Pure Floral Nectar
17.673894970492178,85.0,8.811636345247601,15.743562295712495,0.4892714840641103,-26.34245795161604,95,100% Pure Floral Nectar
18.87528408130391,82.31709677193312,15.388044466579927,20.394141626670567,0.29821001150411,-26.350394502061402,87,100% Pure Floral Nectar
18.545876430187036,80.40692013235419,16.727405090610922,5.337225919092731,0.22115436432154761,-24.579727256103308,48,Industrial Rice Syrup Adulteration
19.14775246891094,75.66653849547161,42.97747047624622,8.929893047457107,0.32424966237440744,-25.38288325758563,46,Industrial Rice Syrup Adulteration
24.14300476945727,71.4568037571686,90.03058322175923,4.272979382267928,0.6120857686353088,-23.505092620164348,38,Acid-Inverted Sugar Syrup
17.833152583435176,76.45942904906956,23.147343847047487,11.149392477958123,0.3629961871569115,-17.4323054139333,64,C4 Cane/Corn Syrup Adulteration
20.56644592021661,79.0416157570993,28.04313773890218,9.260906154387364,0.29460105101398576,-24.57124630864767,39,Industrial Rice Syrup Adulteration
23.071843871134494,80.5,16.505368316688937,14.0,0.14031082939284367,-24.34205811308022,53,Industrial Rice Syrup Adulteration
17.507772040433245,79.6090858136078,20.82165454860624,10.229855356500133,0.4388052854045257,-11.0,45,C4 Cane/Corn Syrup Adulteration
16.61062172685163,79.72125381848667,13.882728123159836,18.9428508770592,0.4288664323349465,-26.598897688282275,93,100% Pure Floral Nectar
19.264932076014524,76.80489418924395,75.62619502930356,2.7978546060890324,0.8405032648656335,-26.424685715769435,30,Acid-Inverted Sugar Syrup
19.89402582515481,75.84312220467952,105.69874950352497,4.341693067823923,0.5626861333389181,-25.601154323681723,39,Acid-Inverted Sugar Syrup
16.445228215591428,80.89537124754335,5.550525645388825,20.725422771269553,0.37281163090045855,-25.565265818244697,91,100% Pure Floral Nectar
16.865472734387026,84.53926445442863,4.109670627182279,18.652855750910295,0.4559039719306675,-26.47429240532862,88,100% Pure Floral Nectar
19.744180945376293,75.34855826204871,33.67443905778581,12.933689717831863,0.2162124120211591,-24.82851750548331,17,Industrial Rice Syrup Adulteration
16.711039213954198,80.68288052062232,2.4999248115292447,14.399766775622712,0.2767945425067416,-27.792323937319907,96,100% Pure Floral Nectar
19.01579236518555,82.94946787755462,13.077179742851726,19.629008101336783,0.48121184774487274,-25.95685341675194,100,100% Pure Floral Nectar
19.8,80.22401099869278,38.0,14.980872056516382,0.4746175657139422,-25.932166739275686,95,100% Pure Floral Nectar
17.89537891253113,79.5,10.791905380848956,22.4834281594969,0.5482370663508102,-26.91402400161936,92,100% Pure Floral Nectar
15.81205071076117,81.70335403328494,2.827040400813603,23.52189458366799,0.47828965769465515,-26.73388310196784,95,100% Pure Floral Nectar
19.8,79.8357120568703,6.015618178963365,21.689129407642273,0.5848962988980131,-27.334378772311943,96,100% Pure Floral Nectar
17.151403522412657,81.48916938883437,28.00279960565047,23.768214910555823,0.3750452616808734,-27.225083792257376,94,100% Pure Floral Nectar
14.622776076135697,80.65651091681531,7.57017187854969,19.38413044274843,0.4031620526343408,-26.549085059585146,91,100% Pure Floral Nectar
18.971729986926675,73.77800084004066,72.06476310707792,3.287219596880351,0.5773474517091919,-25.498759811281495,39,Acid-Inverted Sugar Syrup
23.838811456323754,76.80630593490582,44.313666787487996,8.0,0.4197168342484268,-25.58969021112289,26,Acid-Inverted Sugar Syrup
17.194527428872973,80.22583657114362,31.06853705365652,13.551415179071219,0.2896940170602042,-16.123080076654063,42,C4 Cane/Corn Syrup Adulteration
15.31776928455201,81.47596123669626,12.283512511456625,22.342107576600302,0.3409831685686493,-26.07484848435005,97,100% Pure Floral Nectar
18.252706245761484,84.44865138094127,6.6317066692662365,19.377271920187685,0.41719272477072644,-26.878832221265327,91,100% Pure Floral Nectar
20.612204161300564,79.57128243041191,17.000201933756536,7.863261411319129,0.2877323133349952,-23.707095081474144,38,Industrial Rice Syrup Adulteration
21.48959994371021,73.33354728198807,74.47222940456173,5.246796261870349,0.538689722940011,-25.471128465746343,27,Acid-Inverted Sugar Syrup
17.21435024883654,74.14446018164655,42.0,2.440766508153901,0.7263139093520214,-25.049000942138644,37,Acid-Inverted Sugar Syrup
18.647314611467067,72.1614238380436,44.80854232918547,3.5465411287964432,0.6607083118109509,-26.044029283663356,49,Acid-Inverted Sugar Syrup
14.883200659387922,82.22690943407264,6.36719143662077,20.57896826915969,0.1945222866295407,-26.422859132618214,91,100% Pure Floral Nectar
16.621885934520396,73.04931546527328,33.47018460103298,2.0,0.2890635541834029,-25.341156737640443,39,Industrial Rice Syrup Adulteration
19.816275161329514,75.45096268564082,38.72768468386575,10.884536648428274,0.2170645072854643,-22.874783079447475,36,Industrial Rice Syrup Adulteration
16.0,80.5,40.96290548455716,12.96150844780631,0.2255192261780824,-25.841638133011536,62,Industrial Rice Syrup Adulteration
14.341571184205993,81.04597801487597,12.783866428119392,19.340675277988545,0.42563235580982733,-26.64605936373123,91,100% Pure Floral Nectar
16.47534418134936,83.32002532587143,15.300746723234692,16.44868767054669,0.49789120612650006,-25.985527911758254,93,100% Pure Floral Nectar
17.815503005348297,79.2435096520555,30.00038650444135,3.0900037029122664,0.18510460674089396,-25.139566952441832,30,Industrial Rice Syrup Adulteration
21.652609306321235,78.1526879166779,55.033598473729825,1.0922877374384936,0.4065109170052229,-27.5,46,Acid-Inverted Sugar Syrup
19.822494450092364,77.79316854063647,44.410773835063495,5.544022324081379,0.6319730403507874,-25.821867351451367,26,Acid-Inverted Sugar Syrup
16.87218527538733,82.69048499925401,27.863185488436393,15.033113368091348,0.3282180926030276,-26.908896378001938,92,100% Pure Floral Nectar
19.70639214611737,81.0,31.01325273685823,15.067347165697758,0.26257130427996156,-15.9992159741349,33,C4 Cane/Corn Syrup Adulteration
20.11295111000453,76.92375360309101,28.11226987105481,10.050875127921637,0.5200774787540927,-14.057046663227627,45,C4 Cane/Corn Syrup Adulteration
15.554167552125207,81.71235462345788,4.455324816670323,17.323534640066956,0.37884069292773215,-26.575551325047442,100,100% Pure Floral Nectar
16.234381116310157,83.43459677451686,2.2091091231961952,11.501334589628405,0.37034278576537233,-26.01877124707117,94,100% Pure Floral Nectar
19.009802670049332,74.89334972401544,61.88761088183167,5.054535656412441,0.683471207730161,-23.432043080937607,26,Acid-Inverted Sugar Syrup
19.684842014774613,73.50285771564214,36.49436270762917,4.0,0.15689385079659873,-12.510892828921511,45,C4 Cane/Corn Syrup Adulteration
18.74501101261578,78.70660966742366,20.805967804985777,7.65753776662215,0.14139509258362312,-24.795953609348167,40,Industrial Rice Syrup Adulteration
19.204721071167178,73.9455843637399,22.657472968439407,7.658849813987529,0.274020110407795,-25.680475830035004,49,Industrial Rice Syrup Adulteration
17.073253404774174,81.73937106925307,6.718617866243812,11.530958191844928,0.37547231653189767,-27.077078316586746,92,100% Pure Floral Nectar
19.43230708851496,80.97634772013642,3.1440913995704323,17.28866072057722,0.4011316329565737,-26.14923578418988,93,100% Pure Floral Nectar
16.841799895767785,75.72348915731044,20.565403294066982,10.964030537181868,0.3866834868832147,-14.6157998961684,36,C4 Cane/Corn Syrup Adulteration
18.361167813656884,79.76790225806074,2.0,21.877777201466927,0.5381511473874956,-26.59597629296457,97,100% Pure Floral Nectar
18.61410767365073,76.57931611456834,28.55925323567059,10.918323557276548,0.4776694199339649,-18.294303470400685,56,C4 Cane/Corn Syrup Adulteration
17.641312299010572,79.50717816728574,37.894789658833126,5.372816454311979,0.33999589622694,-12.824643007313632,42,C4 Cane/Corn Syrup Adulteration
19.58685291685451,76.46605024984258,28.38959353636414,5.456287883649623,0.24379977218471593,-24.382378971424778,57,Industrial Rice Syrup Adulteration
18.86462314355057,80.02854909311607,27.810661169671647,14.928894926807178,0.43526087030331423,-25.783435202561044,95,100% Pure Floral Nectar
16.32259588557405,82.25883857981214,8.565414068818361,19.468466277892876,0.18439696280813753,-26.394992720731757,93,100% Pure Floral Nectar
16.512384754001054,82.29281584354774,3.5198606098257033,12.071322200359983,0.4017000386028097,-25.695624440397097,94,100% Pure Floral Nectar
17.51709389255764,79.57370449195743,37.438442277788006,4.493710086327943,0.1584454637373683,-24.820174216187894,37,Industrial Rice Syrup Adulteration
19.610386419231126,75.70008191983307,78.36077169413706,6.95768408886586,0.3709610341830867,-25.860285275868296,43,Acid-Inverted Sugar Syrup
19.137981945914724,81.32419827321102,35.416635988258065,10.702482844710001,0.4524101293617317,-25.97569521016907,98,100% Pure Floral Nectar
16.246527679535166,80.03636841527063,2.0,15.693471622608264,0.4886607757244956,-26.12964175512679,100,100% Pure Floral Nectar
18.727372595260352,81.45254590858103,4.443751548013289,18.22224322867501,0.3067217981582534,-26.24951082456707,95,100% Pure Floral Nectar
16.490578406961813,78.29396119977557,38.35394248479912,7.938060862849477,0.17465845991955925,-25.11027755747523,52,Industrial Rice Syrup Adulteration
18.872095424302422,74.89470514639065,41.33271474700434,4.0,0.20463935548904758,-19.23241855965072,46,C4 Cane/Corn Syrup Adulteration
15.636865784071876,81.0177822095301,7.9710996701204415,12.759230424534195,0.5425749724818452,-26.11264524595953,98,100% Pure Floral Nectar
18.7846217307901,77.24618955989745,31.615166956673395,6.816216494562187,0.2336383127040263,-25.096231006007148,59,Industrial Rice Syrup Adulteration
20.13078870967346,76.48071956346315,41.675139022007116,8.96768914047703,0.19072563081019467,-25.600069175090542,47,Industrial Rice Syrup Adulteration
16.0,76.46747898082428,25.4488184313329,6.411542981868934,0.35560951203778673,-24.353765700883837,42,Industrial Rice Syrup Adulteration
18.88839232316554,82.018555832942,4.4486706694944225,19.945780213366632,0.5189642088943317,-26.75393441014343,93,100% Pure Floral Nectar
16.131437180840475,80.8691487465727,38.0,15.3513763100864,0.3768106687719994,-26.88323668634073,86,100% Pure Floral Nectar
19.282144617470298,84.03917828315575,3.1357758662529394,16.25602557917969,0.6210155927628271,-27.072876041215746,93,100% Pure Floral Nectar
19.0039747439121,73.44036599304712,61.64863751474926,3.4166807148535665,0.25,-24.90938714899784,13,Acid-Inverted Sugar Syrup
14.565411336303304,81.92111190400814,4.604982186035952,10.771298810393002,0.42342789153331034,-26.728349432560673,92,100% Pure Floral Nectar
16.661622238078245,80.50015624170013,2.0,17.10902165818679,0.30275134246303187,-26.570950528122967,91,100% Pure Floral Nectar
17.087160350984533,79.5,33.36510233630618,11.993903338143209,0.5658078726709966,-27.22484228736479,93,100% Pure Floral Nectar
19.791066086668177,79.0,42.0,4.182672964258999,0.47270043863105443,-25.180970253955138,32,Acid-Inverted Sugar Syrup
22.38976695148545,78.63365781804859,25.222547072198036,4.616276236922457,0.37352944347310096,-25.22087313313494,56,Industrial Rice Syrup Adulteration
18.791044984420722,76.91655628121337,24.018038861750625,9.514217026172899,0.2836253553401056,-19.352634155080896,33,C4 Cane/Corn Syrup Adulteration
17.983706627103455,82.54299178167452,38.0,19.002801420603937,0.18,-25.98681078224727,93,100% Pure Floral Nectar
20.77746814170124,74.31368541397116,42.538235753356545,4.303909882203411,0.2963593633484004,-24.624289127935036,33,Industrial Rice Syrup Adulteration
16.848833776962934,83.20187066750597,20.115166518520194,22.53212228917904,0.45825924522954364,-27.258840973406667,95,100% Pure Floral Nectar
18.485836221519378,81.2341027846928,18.159646444614115,18.585061810300623,0.3240308534267362,-26.41669063769528,95,100% Pure Floral Nectar
17.610301462618153,80.13832988664964,5.961832048271166,15.61229354826511,0.5779613805023422,-26.04713431763924,94,100% Pure Floral Nectar
18.632357663730208,79.89798035481046,33.17291441591147,13.236556795680439,0.4035121008799532,-15.1538480917391,54,C4 Cane/Corn Syrup Adulteration
16.54953578378225,80.5261811149016,35.641924842122705,13.950143586482676,0.4486279351370491,-27.48327175759211,93,100% Pure Floral Nectar
16.606069133242737,79.5,3.83424888824014,19.574156715070234,0.5232102081291384,-26.265124049105367,91,100% Pure Floral Nectar
21.31936956818382,70.41441223364825,84.76893490954694,3.031879722658073,0.5913545643471437,-24.77916450983918,31,Acid-Inverted Sugar Syrup
18.012495592678007,76.20629449222675,21.604164513469005,2.974892914907776,0.20553651010453847,-25.50248520616384,41,Industrial Rice Syrup Adulteration
17.650511220257986,76.75164857606046,11.530554510357664,5.28258704714354,0.16339823264555087,-18.24379359799029,48,C4 Cane/Corn Syrup Adulteration
15.968259905097124,81.49528610251325,10.00671403328765,15.74505729147297,0.4476649904220875,-26.38541096250356,96,100% Pure Floral Nectar
16.68198455816502,81.78424830615938,31.744435322894482,19.90073423394913,0.41005356193501613,-25.799874465665674,93,100% Pure Floral Nectar
18.127906002780296,68.90699108676758,74.94015238961181,2.1708611401889764,0.3761483954985252,-26.320325258296844,22,Acid-Inverted Sugar Syrup
16.70788112234217,83.2464280876181,15.734895179726735,16.314690522996163,0.4513421449535554,-26.75937767654324,91,100% Pure Floral Nectar
14.187458438138972,83.91266241565413,35.72990054843968,19.29970071163801,0.3856953294025055,-25.718663785270603,99,100% Pure Floral Nectar
16.384137879343783,81.47219733781645,2.0910013529349682,20.405331245362227,0.5448770931359601,-25.36615458444971,94,100% Pure Floral Nectar
16.407183178556117,83.90928371976426,12.05654038103274,14.389962265549949,0.5757499806792914,-25.943543833851564,90,100% Pure Floral Nectar
17.638539070067964,78.6885747900663,36.20929771875358,5.0733203333880486,0.26543091802350505,-15.64613469784118,42,C4 Cane/Corn Syrup Adulteration
18.917838546955508,72.68203370516422,31.65313221846356,9.594617061402877,0.3993588485874192,-15.679365521834065,32,C4 Cane/Corn Syrup Adulteration
22.151230061156326,77.26163016976113,47.50558006766576,2.1780230330278294,0.2947847166113647,-25.543505838665354,46,Acid-Inverted Sugar Syrup
17.348055307780072,80.77826267976795,9.684826397544311,14.541216762281335,0.5621692678448017,-25.21407696926626,95,100% Pure Floral Nectar
18.300120222111165,83.98010056433992,8.635796732984499,17.757294707944133,0.4449423885765175,-26.569272538770285,89,100% Pure Floral Nectar
18.672726664812085,81.46613060604726,2.2144990967906204,19.7373304690052,0.6307653585153591,-26.419716835914684,99,100% Pure Floral Nectar
16.57487906710617,81.1445014517928,3.1923062783041676,15.160675819776582,0.4707154340631079,-27.577447098588447,95,100% Pure Floral Nectar
18.181641839235258,81.80676777439064,2.0,20.264701217171524,0.5604230800884673,-26.446871223220672,89,100% Pure Floral Nectar
19.487080090218456,71.7638193448442,55.70192525292737,5.063329015563536,0.566867014611105,-26.80836595599873,18,Acid-Inverted Sugar Syrup
16.941137008979815,81.44364687875742,4.94530951075908,15.105116345130904,0.4394149848723264,-25.944657252008092,96,100% Pure Floral Nectar
22.132223427351793,79.0,77.02398903945857,2.7342934689082967,0.6910038843089761,-24.30624078707879,35,Acid-Inverted Sugar Syrup
16.116695121255,80.55223528604537,5.726009245221045,13.995709458693252,0.30408348904661564,-25.49420755069583,95,100% Pure Floral Nectar
17.88330464949625,80.5,29.97909740582507,5.206994696968737,0.2735925285205252,-22.837280323877486,32,Industrial Rice Syrup Adulteration
16.415746543724243,80.29931907754175,8.132393755578052,13.890416896844064,0.355352846358427,-24.87571206792346,98,100% Pure Floral Nectar
18.031267956561123,76.68168272395576,26.071220408096874,6.306570322263612,0.2396135809787858,-11.023990268141219,43,C4 Cane/Corn Syrup Adulteration
21.071276235049893,79.0,59.83222369488432,5.109207420694195,0.47299886848927947,-25.205055873840514,40,Acid-Inverted Sugar Syrup
18.280378194907684,82.99984038307794,3.4878078396627066,12.783832424899973,0.3340839332179269,-26.105319052227973,94,100% Pure Floral Nectar
16.62865882517569,82.90411788213858,3.331494851460853,23.53296834125579,0.20512188084519442,-25.912269496099988,91,100% Pure Floral Nectar
22.076469927430892,75.02067733318317,82.58939760061487,4.2215109781451305,0.2577828696435381,-24.06037022059957,16,Acid-Inverted Sugar Syrup
17.685105434423,83.4863772338926,14.851723216395555,11.10446677577047,0.39020986633666876,-26.863762002414717,91,100% Pure Floral Nectar
18.490522102768153,80.42984237075007,11.736256777106266,16.814886399102186,0.5047280339826516,-26.151627317275125,96,100% Pure Floral Nectar
17.86136878903253,83.12357777225188,18.023272208091186,14.517286702263528,0.2894594942743656,-26.035525563043947,92,100% Pure Floral Nectar
15.779340577029986,82.91790210162726,7.625248073083428,18.396619925835978,0.45720825886501804,-27.117426429566606,94,100% Pure Floral Nectar
15.782036431531806,79.5,8.6446049443497,16.851984834205908,0.24843309083635545,-25.235870418282715,98,100% Pure Floral Nectar
17.99743827735051,77.25197617518361,11.816990742167285,17.166642655889145,0.37309267640396554,-17.146667643127596,20,C4 Cane/Corn Syrup Adulteration
20.23729892682408,69.16876380240046,67.97472731340183,2.570056308544846,0.6594739651818493,-24.12020673812118,22,Acid-Inverted Sugar Syrup
21.458380880868038,79.37253446496949,34.76375588702567,6.642200661580866,0.10327367580100436,-24.52742187493846,36,Industrial Rice Syrup Adulteration
21.701295396783888,72.03226724670327,44.66870246608197,13.708468817319998,0.35084665873707477,-26.18772295654118,35,Industrial Rice Syrup Adulteration
15.12021547774824,79.5,2.0,15.023776354268373,0.45635547689984773,-27.77142712611518,98,100% Pure Floral Nectar
15.0,74.36033832283623,15.63236177661567,4.0,0.4006622169951747,-17.005893897488605,42,C4 Cane/Corn Syrup Adulteration
17.778789808093627,75.34055990276646,95.77255218771562,2.497923701422418,0.5746874642614117,-23.890897198958807,19,Acid-Inverted Sugar Syrup
17.849465474231756,77.32084171335134,82.16249654426493,2.866843661745429,0.4180415949290693,-22.369714747335745,28,Acid-Inverted Sugar Syrup
17.82679198402424,82.09826587159047,27.62017122497337,17.875274228776,0.45293620027638776,-26.79294971626676,96,100% Pure Floral Nectar
20.577426156802918,76.79192345232993,35.908950976162274,8.43576917478257,0.17717589443400256,-24.466856791780966,41,Industrial Rice Syrup Adulteration
18.72453083575431,80.21940265455879,25.10404856237369,10.281668527015357,0.28058984397883063,-26.862266959374875,94,100% Pure Floral Nectar
20.190921065948736,77.24827327724398,31.895877661270905,13.410004614773477,0.1903043924300828,-14.637581028694614,27,C4 Cane/Corn Syrup Adulteration
18.40342304177172,82.99224138285571,22.52875228029025,19.132547924891302,0.3953648974045783,-26.236064093951256,96,100% Pure Floral Nectar
18.41957458480437,79.5,20.31601938815935,12.683516260083156,0.3466573797299657,-27.561933893753626,100,100% Pure Floral Nectar
21.654654594100947,75.6025662907131,15.05868956293555,10.263935066888793,0.30327193798317803,-13.583722337162236,56,C4 Cane/Corn Syrup Adulteration
15.315628447654552,82.64303667786527,8.19969167181774,11.029489102964456,0.47007951619925276,-27.05594037352629,92,100% Pure Floral Nectar
18.43712391248134,81.13583953765861,10.520752477927916,13.05215907438539,0.333581522757412,-25.863064847055103,96,100% Pure Floral Nectar
15.0,78.66755026923485,22.02783408517999,12.299254812037397,0.1968585017756769,-13.711389771333412,37,C4 Cane/Corn Syrup Adulteration
20.432827955631062,76.84943632509275,29.65175378925423,2.9476617483162206,0.40518643240280516,-24.241055861472415,46,Industrial Rice Syrup Adulteration
17.084988350250402,80.87096271591368,12.810460768994869,14.794148128210576,0.494732295027306,-25.954634920098773,94,100% Pure Floral Nectar
17.0,68.2745970385043,53.85604725848454,5.385209855099477,0.4499809596587309,-25.969077666856457,36,Acid-Inverted Sugar Syrup
16.45664074306325,81.35019922417906,14.64105697334433,12.73292930950985,0.3694676673405802,-26.4202310664485,91,100% Pure Floral Nectar
21.54624694619884,78.13143271471674,96.61952929923335,1.942054130557418,0.5728584238232111,-27.5,35,Acid-Inverted Sugar Syrup
19.360040444336818,79.66538344910947,38.63641629535848,6.650244081539102,0.48244197512962195,-25.73709615891295,54,Industrial Rice Syrup Adulteration
19.358560955174802,75.6582063227997,60.471126748370416,3.825423856030549,0.7026987399698454,-27.00435364342492,38,Acid-Inverted Sugar Syrup
16.03051412543634,82.31913376696403,12.608051784350277,20.8680519832394,0.336090712292511,-27.341490668025884,98,100% Pure Floral Nectar
19.46596949465117,76.7932234846889,68.77839193876687,4.762375097103357,0.25,-22.381728573132104,38,Acid-Inverted Sugar Syrup
24.47826191639594,71.28988381899237,103.50308232730546,6.76960882714725,0.2920466787710513,-24.402551870127166,46,Acid-Inverted Sugar Syrup
19.360540939581064,83.02217656261347,9.641499969577644,15.67760889577419,0.32748011846175257,-27.30116501519474,100,100% Pure Floral Nectar
19.12279071482404,79.46824996407439,33.902294050319334,10.677569001576797,0.3989840764737892,-16.87142657527225,51,C4 Cane/Corn Syrup Adulteration
20.45216302887733,76.7351722931837,62.382911784958125,6.9594357149752755,0.921845431509912,-25.6224684217762,31,Acid-Inverted Sugar Syrup
16.264673364899732,81.12224226923492,9.681925990774902,16.06836516824001,0.43640958031781557,-25.91417717232244,93,100% Pure Floral Nectar
17.0,73.18724303187653,49.74025260258389,7.609715995957307,0.3976850781048047,-26.29202835826586,37,Acid-Inverted Sugar Syrup
15.83544566168175,80.82959457885481,2.0,15.269146357779498,0.4548045363664682,-26.371071217686097,94,100% Pure Floral Nectar
22.870563680500407,74.7025142473622,35.896715439893356,7.295413976953504,0.24350793542559834,-25.13161477407456,58,Industrial Rice Syrup Adulteration
17.679815484928785,81.65128926941826,7.969603304362185,16.86766869006744,0.1824486868976966,-24.54648105051004,93,100% Pure Floral Nectar
17.450146958439202,81.0,33.28944792474175,10.054002890215337,0.29409054278950597,-15.387545400888353,39,C4 Cane/Corn Syrup Adulteration
15.482302632741007,79.21186876328876,31.006257069478192,6.949576958097574,0.31545930481674656,-13.275749604933136,48,C4 Cane/Corn Syrup Adulteration
18.920572703484687,81.18153341456357,2.0,17.189552041226428,0.5070985377646556,-26.81415207073971,94,100% Pure Floral Nectar
18.955507842517672,81.0,38.101006818792385,14.872930396077846,0.247939802721868,-12.983951371429935,65,C4 Cane/Corn Syrup Adulteration
16.462746502721153,78.22093137940975,31.959495528759202,8.473638587020435,0.4451511321480761,-24.270413117162715,31,Industrial Rice Syrup Adulteration
20.435130401708474,79.75816956808116,47.035636343644335,8.73219346011453,0.33197374006150093,-22.903779600470614,28,Industrial Rice Syrup Adulteration
16.34797438746442,85.0,10.707933945160072,19.06752492237651,0.18,-26.601151211904742,98,100% Pure Floral Nectar
19.726087353701438,81.27076016636312,38.0,21.39870097466229,0.4919494353376504,-26.94087137346232,92,100% Pure Floral Nectar
17.207158839299446,81.5927724050185,9.694113743009478,20.256713415296865,0.75,-25.124275659904345,96,100% Pure Floral Nectar
17.3607676322949,71.96894380574275,45.814635496557955,1.8647336216561974,0.41696990733597233,-24.82329188487368,25,Acid-Inverted Sugar Syrup
17.204725709236026,83.47818262700058,2.0,15.513059549909176,0.6219195497577736,-25.639857111945297,93,100% Pure Floral Nectar
16.676404236678646,74.177683626386,31.159770253523725,12.257062369659437,0.36935948232809274,-14.364105221756969,44,C4 Cane/Corn Syrup Adulteration
18.645451364771606,83.49298932013944,2.649716449619148,22.52107862559682,0.5289422861891844,-25.970174615229954,100,100% Pure Floral Nectar
19.615875563048746,81.0,36.64284641018915,7.193454915922853,0.22405372350856428,-14.788410102638895,64,C4 Cane/Corn Syrup Adulteration
20.8081487220408,72.71228482766314,23.975733184290306,7.17035393463135,0.18291280877311109,-25.84824249486002,30,Industrial Rice Syrup Adulteration
16.28810034869144,80.58183156830569,4.540182256342748,13.832562266478536,0.38362887363699283,-25.17705859881254,94,100% Pure Floral Nectar
21.045612184324035,72.04612323280483,66.84352274865044,1.3704075683367436,0.5642677782853357,-23.000496325893437,44,Acid-Inverted Sugar Syrup
18.862340472190652,79.5,3.3279643136913024,19.627356649612622,0.34104502468013864,-25.52064505889105,88,100% Pure Floral Nectar
19.43973439049101,78.52814213450844,18.676289985579075,10.623273737709042,0.21185979963419,-24.11607150517116,46,Industrial Rice Syrup Adulteration
19.196980829159518,74.59002226029021,40.64193270273592,10.648464987411916,0.24476789354101908,-25.333320665684507,48,Industrial Rice Syrup Adulteration
19.66084388019248,81.0,35.40533558326289,7.6719975815827475,0.29299885014257454,-14.557188553954845,22,C4 Cane/Corn Syrup Adulteration
15.799536145552194,82.61625195026429,16.54156866604364,19.86519291044117,0.4757360963668271,-25.22045495826677,94,100% Pure Floral Nectar
19.12644798201313,80.71778607245409,29.542272621794385,10.172160468350567,0.3849729682076366,-13.927812002568977,37,C4 Cane/Corn Syrup Adulteration
20.025297257237277,79.04982865844609,29.562807970699552,6.520138434315683,0.3775303093233232,-25.437950705812707,50,Industrial Rice Syrup Adulteration
19.498821224190916,83.38426598233485,8.886844728592255,20.412496573394833,0.4203837588738346,-26.3951526952694,92,100% Pure Floral Nectar
17.709084635674955,79.98587142910984,19.679786385737607,18.2021367845372,0.4601130559291825,-26.255182229170245,100,100% Pure Floral Nectar
15.93481739497782,84.15365550530737,8.60985363334984,18.238659349218167,0.4145147094425007,-25.928224393802964,100,100% Pure Floral Nectar
18.09264273085529,80.75858363891128,17.050631451839536,4.0,0.34090138619607635,-19.915194621086517,54,C4 Cane/Corn Syrup Adulteration
16.533290777037475,82.9349640231285,4.373793751999226,16.55099784447615,0.3451391701575287,-27.455309594334754,94,100% Pure Floral Nectar
19.010391378975253,77.56155000476514,37.27774189925412,5.101210001409588,0.22278963428325851,-25.074983763080905,35,Industrial Rice Syrup Adulteration
17.900260477257916,73.713300561664,42.0,5.2061880385850525,0.5816550593936425,-25.136280040923772,40,Acid-Inverted Sugar Syrup
19.97093701856338,73.77306394352236,23.814850028467788,8.085113468652736,0.21269524553349553,-17.594170767442428,68,C4 Cane/Corn Syrup Adulteration
18.31430457838164,73.03672814928028,42.07255427935368,14.0,0.33926631806639346,-23.999044913613165,53,Industrial Rice Syrup Adulteration
15.0,77.5902426284979,20.061842294976042,16.91274151559564,0.44715517109684616,-11.384190497483942,32,C4 Cane/Corn Syrup Adulteration
20.342316852589025,79.0,60.20230693466179,4.16164129674991,0.25,-25.623471936752264,29,Acid-Inverted Sugar Syrup
17.41726695740257,81.50131366029848,2.6114655758837393,15.760277958906217,0.5371797243327467,-26.958964274528817,95,100% Pure Floral Nectar
20.472405911616192,74.1695654129873,39.7650995275608,11.624159230755158,0.3354410975747771,-24.489729715080433,35,Industrial Rice Syrup Adulteration
22.561091446448405,75.23600998056385,26.450733757649676,13.786405179412228,0.27656794967260245,-14.252384714980375,52,C4 Cane/Corn Syrup Adulteration
24.220136074933396,69.28116767925381,72.88725767944943,3.6428095204962188,0.7021745155484334,-27.5,43,Acid-Inverted Sugar Syrup
19.08358806461697,81.87509584329659,7.214892611642156,14.80920371459804,0.6254765624925119,-26.62205987175503,94,100% Pure Floral Nectar
14.0,80.35261700000997,21.931720591932397,18.95823718837495,0.7209967527667875,-26.918878757256635,96,100% Pure Floral Nectar
19.46756276392865,79.0,42.0,3.45676613628061,0.95,-25.027058168831175,39,Acid-Inverted Sugar Syrup
18.12223972657309,75.63632538900436,25.83871914710261,8.540176483468748,0.41296480134298946,-12.669026392673704,45,C4 Cane/Corn Syrup Adulteration
18.63082643652691,80.21386059446716,53.96169720941229,9.287526338785208,0.34063894076383167,-22.5,60,Industrial Rice Syrup Adulteration
24.112474846169192,79.0,67.51838595219905,1.632239225297512,0.5985076357381828,-24.829664216229023,43,Acid-Inverted Sugar Syrup
16.20823052632535,79.56728239239189,2.054849173794243,12.5817969974818,0.3498925088169497,-25.217824465388126,95,100% Pure Floral Nectar
16.0,76.74491111315864,16.293074979002647,11.880383194552323,0.18494111307919994,-25.884556136101217,43,Industrial Rice Syrup Adulteration
19.409064607773498,72.66080797623908,87.60993496844573,8.0,0.31664589534887916,-24.905002010864845,28,Acid-Inverted Sugar Syrup
16.1381065314199,81.8371135656918,20.49374073458256,20.678420964445145,0.41343043251885414,-25.60555300288056,93,100% Pure Floral Nectar
17.512534479780822,82.604944589798,26.596379558364283,11.506041787432185,0.6017097119977064,-25.859704659935243,90,100% Pure Floral Nectar
18.969189348716537,84.44529541948565,9.05452554248251,14.67538332386643,0.47909248069849997,-26.88323594371384,97,100% Pure Floral Nectar
19.561998289101588,80.32069741699503,2.0,15.928221062319068,0.3523382001768168,-26.09426257422265,99,100% Pure Floral Nectar
17.32998286159756,81.5733622623838,11.809851626809664,13.88296115290811,0.5708253638009906,-27.009449953676665,97,100% Pure Floral Nectar
18.31991866271887,82.26551578294317,22.250856073545073,21.841460870530263,0.4516666193220026,-26.62592118690634,97,100% Pure Floral Nectar
17.70183506549347,81.66127818216286,14.687519386366594,16.543205653434278,0.29078196316475324,-27.319290601076574,91,100% Pure Floral Nectar
21.23171325066268,81.0,36.514206974755766,12.987171841984285,0.2739057019433028,-16.490935108808248,46,C4 Cane/Corn Syrup Adulteration
15.468269004770685,80.66779856828475,3.407565107288976,17.403752254881677,0.3397970203210933,-27.06059380200105,98,100% Pure Floral Nectar
18.630967221915572,73.39928996992715,51.55601158911598,2.463843593709427,0.3696874861749504,-24.802448926439006,38,Acid-Inverted Sugar Syrup
18.215134101587196,81.44633205834072,3.6607752877818514,15.99163838441929,0.5291144876032432,-26.10804365139395,89,100% Pure Floral Nectar
15.961276200362338,82.15723333747242,15.294189758110496,15.95438996289389,0.39781497873664906,-25.318341487880627,91,100% Pure Floral Nectar
16.310219022033834,84.10710784312415,9.832741861261901,20.047007227008283,0.19475530144436293,-28.109194890831738,93,100% Pure Floral Nectar
16.99789542330648,85.0,5.451338362865495,19.139742671650623,0.47895288248715395,-27.27381196130852,95,100% Pure Floral Nectar
17.498475279532762,81.5598128779939,9.848851566275975,10.82587871360606,0.4102038767986507,-26.646526313683708,91,100% Pure Floral Nectar
17.966170716329152,82.96562982962325,16.842865169057298,20.23819696683354,0.4224708212681615,-27.01906615075354,97,100% Pure Floral Nectar
19.09293513209845,74.58302336542535,43.79498524071436,11.173358261056649,0.4368657240735562,-15.296912748310753,41,C4 Cane/Corn Syrup Adulteration
19.721487041825043,76.83842216376439,44.5662319752048,9.422666761057378,0.33496394773790616,-25.25214918545569,30,Industrial Rice Syrup Adulteration
15.183928764367987,81.6482812299506,23.14064190364503,15.551308954768107,0.5205812663519325,-27.35482321538752,93,100% Pure Floral Nectar
16.656282640144845,80.03210451749409,21.30435168240936,8.608349705527859,0.2011012497362074,-18.35427830555681,44,C4 Cane/Corn Syrup Adulteration
14.70979165153401,79.64067806151755,9.929204233555122,19.606375081453816,0.34039940117852374,-25.661461815740214,93,100% Pure Floral Nectar
17.661537242202172,78.31894854288197,15.411654212878146,13.340188091651246,0.5263174929372669,-16.059332710523993,50,C4 Cane/Corn Syrup Adulteration
15.478630567766615,83.5544753891684,2.0,9.0,0.4880112457341189,-26.520421953480966,95,100% Pure Floral Nectar
17.41521514832374,79.5,2.0,17.292269488187205,0.6125921402104682,-26.57754831772475,100,100% Pure Floral Nectar
16.56224466356658,80.52629737964698,7.825000902785732,14.71502677333953,0.3147173117814127,-26.799277717717718,100,100% Pure Floral Nectar
16.65806041653584,82.14848374359796,2.0,16.1634299443786,0.3540779890558403,-26.6184919572789,94,100% Pure Floral Nectar
20.229236622147205,78.25305767482608,36.62749550150877,4.45995808554373,0.2988907851167212,-23.67763598554328,35,Industrial Rice Syrup Adulteration
17.15101611330425,80.2394143563548,10.431086453323264,17.427574085309068,0.2948486085829515,-26.86701168504643,100,100% Pure Floral Nectar
19.70202649321022,77.63003486086373,49.79717467448222,2.0,0.3421750990138297,-24.695623075594693,41,Industrial Rice Syrup Adulteration
19.53780001525549,77.467376873415,39.05978015040374,11.217577742411166,0.23737236988243407,-23.86572757522796,38,Industrial Rice Syrup Adulteration
22.365926350937066,81.0,27.98322146093644,11.591530124808935,0.38161044531064,-17.337074115587104,47,C4 Cane/Corn Syrup Adulteration
18.716271740445386,82.15566376928136,3.0291694701731116,18.19418772587114,0.4883851651175427,-26.853692703721443,89,100% Pure Floral Nectar
17.98622003215022,81.0,33.898580925404325,12.62274484451677,0.2940678022524317,-15.286940322701748,49,C4 Cane/Corn Syrup Adulteration
16.83309771364279,72.8146236643469,46.81890247940142,7.002058942219959,0.1,-23.784304206608837,33,Industrial Rice Syrup Adulteration
21.11797436156568,76.94809444925593,98.5760835122029,2.906586934899768,0.4589889836340574,-27.5,22,Acid-Inverted Sugar Syrup
16.775548304032014,82.55745186513994,9.357704266154357,14.283970274427366,0.42472269059930345,-26.030211042759426,94,100% Pure Floral Nectar
16.861903575780907,81.23044146498266,2.5903320518682236,21.615193010677427,0.414609655421468,-25.226667344748588,92,100% Pure Floral Nectar
19.8,81.02541040866429,2.0,18.244975890078212,0.4752237217476049,-25.979360352309264,92,100% Pure Floral Nectar
21.602339145381304,68.89038062570043,99.19379388578176,5.788584557196508,0.42692839365235424,-25.944351014003715,34,Acid-Inverted Sugar Syrup
20.19740657157736,79.0,49.140266895338826,6.074105058101207,0.6377357957301902,-26.129033619316886,34,Acid-Inverted Sugar Syrup
18.177117591235074,77.92058694204452,89.38790161786827,5.386995248875833,0.5785942073023076,-26.291855008797214,42,Acid-Inverted Sugar Syrup
19.042546060218587,79.51050643261794,13.432995585455446,7.998585648720715,0.3553514652579667,-21.0,48,C4 Cane/Corn Syrup Adulteration
19.188705947185795,81.21519050082357,3.7828303508099452,17.58826962703048,0.48698785282539636,-26.274399335093545,96,100% Pure Floral Nectar
23.993413951586,77.08447183625395,101.77052373827277,7.0530989336720165,0.6582362418633647,-25.596575039774585,18,Acid-Inverted Sugar Syrup
18.785388829619095,73.49108202911034,39.1859673445753,2.6509727730000208,0.1853549594865064,-25.08661574802798,56,Industrial Rice Syrup Adulteration
19.790824019088458,72.84055596249198,43.10667087786442,10.490337838500013,0.444571571916472,-24.070062849287485,42,Industrial Rice Syrup Adulteration
15.643958860288155,82.23681714799102,38.0,14.360291907200981,0.2543576477504178,-27.094009599077307,98,100% Pure Floral Nectar
18.49363782688966,83.29300491574571,2.3613628033203864,18.234152697904246,0.5008114575304432,-26.254449215626828,97,100% Pure Floral Nectar
19.778200756983058,73.03239123652745,98.194659393164,4.517740368568467,0.8180670132631451,-23.405479667754417,24,Acid-Inverted Sugar Syrup
16.98263733164535,79.92755086976516,24.59272678265504,18.9667613400676,0.5635360460509329,-26.697635067291017,93,100% Pure Floral Nectar
17.453832006610682,76.05846839112498,13.855350060907085,14.120366480791825,0.2440402494989375,-18.78069357701279,34,C4 Cane/Corn Syrup Adulteration
15.862828388910906,82.63715709717926,8.13961957323324,14.229951968028457,0.22667966785377988,-27.03862785984645,93,100% Pure Floral Nectar
18.038687662263904,78.32048044314958,33.96815675788696,8.159000841085877,0.24429834959446417,-11.74712646943063,56,C4 Cane/Corn Syrup Adulteration
18.112447359568602,78.13566551290188,27.993414489088785,9.754135668882336,0.3248275659392483,-19.9718212195872,51,C4 Cane/Corn Syrup Adulteration
19.8,81.11150508807258,34.45190566157848,9.500707500060138,0.49815971423942446,-26.808604451982596,95,100% Pure Floral Nectar
18.951109200274256,75.8833870052485,36.32013839407664,7.218488017560406,0.2535121608074369,-26.489707096671673,55,Industrial Rice Syrup Adulteration
21.868719040723356,79.0,54.201357077988405,3.9291646245303515,0.6094793345969529,-25.295652512506997,40,Acid-Inverted Sugar Syrup
18.486815843054,82.03820288626831,2.0,18.480673964449256,0.253525618388296,-26.047454354675494,96,100% Pure Floral Nectar
20.962505116709274,72.00932666515659,74.61021702779807,2.972929638365816,0.6269007649092828,-25.068725855833858,41,Acid-Inverted Sugar Syrup
17.239002971506494,76.93859866940973,32.15304517559544,12.47611258392584,0.4553985483377074,-17.13119192954767,46,C4 Cane/Corn Syrup Adulteration
22.302769331172634,79.45853053049979,27.697194473519065,8.044351333557568,0.26795515332279163,-13.40111910763716,39,C4 Cane/Corn Syrup Adulteration
17.0,79.0,45.41053156031484,4.160111517969035,0.7348869593043519,-23.42152712980399,14,Acid-Inverted Sugar Syrup
22.285889250273208,72.04801156197188,60.97756500385473,3.0827105246898014,0.6201845794082467,-23.4061424861932,38,Acid-Inverted Sugar Syrup
19.542057378662808,81.0,36.82021565164811,14.666731330968988,0.4098168133952756,-12.328855315820121,38,C4 Cane/Corn Syrup Adulteration
16.028587951955753,77.26473868109021,24.7941136110692,6.551226915175519,0.35722679097688975,-16.80785626147709,30,C4 Cane/Corn Syrup Adulteration
16.97170625047873,83.09285790304331,20.17308455540239,12.909346853796745,0.4251629382018152,-26.300801746777744,93,100% Pure Floral Nectar
16.43920532041273,82.29980513674651,2.0,13.918109057312552,0.533911580913877,-26.01421137713913,90,100% Pure Floral Nectar
18.82356401148304,80.5,18.0894599937607,9.639932603786306,0.18472779134983563,-25.91208720737514,27,Industrial Rice Syrup Adulteration
24.720629086365484,79.0,83.17444584949072,8.0,0.5708084981738402,-23.25223221041368,21,Acid-Inverted Sugar Syrup
16.590071928713993,76.2677408406445,28.409948093224163,16.58442606125169,0.45382984117696007,-17.07842415256803,43,C4 Cane/Corn Syrup Adulteration
19.984435097466346,80.5,29.639611575801684,4.6052310196823205,0.25286804759521514,-25.846920129426685,17,Industrial Rice Syrup Adulteration
18.786511489058817,72.5070362352927,24.542618796277814,6.420529675227732,0.27663998336275886,-24.119017125717225,34,Industrial Rice Syrup Adulteration
21.22439251589793,71.98085036707108,70.47326571964601,6.5082518804684675,0.759788739951962,-26.31442929093391,44,Acid-Inverted Sugar Syrup
17.55628719223369,79.0,52.776330647115465,1.9546842135200109,0.408709859285435,-25.21805533923888,26,Acid-Inverted Sugar Syrup
19.57503891560605,81.86311527718519,16.48022053108498,22.362665740324793,0.47458509607966115,-26.936535841035997,93,100% Pure Floral Nectar
18.191352147364025,83.65500966928083,3.8171540771463723,17.696893111910263,0.2045844964056158,-28.10082870837778,94,100% Pure Floral Nectar
18.695360906253516,70.58199613793364,69.20387877959278,1.0988808942488246,0.4701997186750222,-27.5,33,Acid-Inverted Sugar Syrup
14.452324031658389,81.83217034699055,21.188181761763964,12.194439079965644,0.34956501480284585,-26.2801291666205,93,100% Pure Floral Nectar
18.84683118571841,77.3188719885201,36.91622250663185,11.30311322956699,0.32887866792389814,-24.460935619109,41,Industrial Rice Syrup Adulteration
17.23945362031678,80.79196003274576,2.0,12.59644282748051,0.3827244912195743,-27.023582176091544,98,100% Pure Floral Nectar
18.60400918345757,78.71929125915825,64.81979084776945,6.00921341266858,0.5388631805902134,-24.126010653623858,28,Acid-Inverted Sugar Syrup
19.42280392565668,79.0,50.799828176350374,6.812499523449443,0.5379166523619955,-22.060120011857816,27,Acid-Inverted Sugar Syrup
15.864484812844697,83.72412240836036,6.2668719834122815,11.993497923089947,0.5817213702615148,-26.549307602942452,92,100% Pure Floral Nectar
15.745919621125884,78.01354942474121,32.441374151829294,12.874898021089912,0.39863532058246964,-19.110882252286935,49,C4 Cane/Corn Syrup Adulteration
21.355672468678005,79.0,60.956202604634896,4.112487255630519,0.44617165093857436,-23.774735366016646,34,Acid-Inverted Sugar Syrup
17.164195962931206,84.39821598849784,18.300930029299693,14.897987216526888,0.31379656412846413,-25.70803172674679,94,100% Pure Floral Nectar
15.632535593395383,80.91842911433879,4.679254615923563,13.542427498575288,0.5392803346042616,-26.82327262714234,93,100% Pure Floral Nectar
16.349049218067794,81.0458948461582,8.85483437099276,16.18409260225832,0.4598356714279864,-25.373581737957497,95,100% Pure Floral Nectar
20.32569668999102,73.43372820423004,66.97756802195707,4.427080228803678,0.712695986916876,-23.425384228323527,30,Acid-Inverted Sugar Syrup
17.04968179725617,79.0,63.21592078889207,2.1696481532627327,0.4546838065491094,-24.6842061829316,46,Acid-Inverted Sugar Syrup
24.570098292793695,71.04897447748006,45.52396641801272,2.338161764588031,0.6024590146222852,-24.258127961167492,36,Acid-Inverted Sugar Syrup
19.88252498201761,75.71320681491021,32.35553066935209,11.807538652510186,0.2518309283842922,-16.672771799781692,32,C4 Cane/Corn Syrup Adulteration
24.332070669652012,74.48143600761374,60.8802994293301,4.808822344104218,0.9485092524196237,-23.900006163624745,21,Acid-Inverted Sugar Syrup
24.97432152588499,74.3375675227218,78.74736245505596,4.673458392480062,0.715066708639006,-24.735073531733367,44,Acid-Inverted Sugar Syrup
20.8913237691639,78.22994873993721,26.706222607631545,6.303382602460703,0.31524535227929507,-25.15581958117439,28,Industrial Rice Syrup Adulteration
17.011704501837574,80.12454789009557,20.619480427918987,19.598231833874255,0.2994354167151845,-26.98282505381719,86,100% Pure Floral Nectar
20.169671475169324,78.3840972323506,17.56283201108426,17.45869379085115,0.17035412788299945,-13.262595566224318,33,C4 Cane/Corn Syrup Adulteration
19.8,83.86603814242541,2.0,15.608871366445614,0.6118377112309332,-26.293588955513552,88,100% Pure Floral Nectar
16.520571830484982,81.71599189033816,6.47582013780451,18.84300153876763,0.344628259790426,-28.1720010320446,97,100% Pure Floral Nectar
15.994476925757,81.643959386007,7.703978264244844,19.45934237031557,0.2795204963759773,-25.509657187604343,92,100% Pure Floral Nectar
16.258301464376757,78.02032303547307,22.34702595234961,8.539944792813719,0.2326301189246266,-13.2021216999983,51,C4 Cane/Corn Syrup Adulteration
17.483032851962925,73.42550582585268,20.560587121046712,16.267621413343527,0.28852630530340645,-14.197737164555239,47,C4 Cane/Corn Syrup Adulteration
18.234334673242504,81.84192760443845,14.276013851349553,19.426190413886825,0.32367339405301,-27.58960066372526,88,100% Pure Floral Nectar
22.935269393262605,76.16391383484884,84.35399867963443,7.426572122108707,0.7732421785809269,-23.268520683901208,13,Acid-Inverted Sugar Syrup
16.68113993507945,81.4207808479798,2.3446165376300616,16.58779651480278,0.34709749080951474,-26.943050192518818,94,100% Pure Floral Nectar
20.413738642866786,80.5,28.12971593707414,4.399322365941006,0.22589232060206588,-25.25229801978148,27,Industrial Rice Syrup Adulteration
19.346469605036255,78.62913442492224,21.79308555551793,8.979697843590978,0.24833256239788848,-18.89618480096717,46,C4 Cane/Corn Syrup Adulteration
18.597635257407145,83.17829844101249,11.328461745015195,13.352483710676085,0.2590643960813147,-26.3686238076474,94,100% Pure Floral Nectar
18.534024366084115,83.84950332266676,8.442347056914254,10.390963020011853,0.41703628282980093,-27.156776543476877,93,100% Pure Floral Nectar
20.642509782810087,76.22415312698091,38.64169534394152,8.930293672973328,0.3503520464043198,-26.121280208898305,38,Industrial Rice Syrup Adulteration
23.4230550905327,79.0,74.84291674091152,0.5,0.4892272187795578,-25.387176873586697,42,Acid-Inverted Sugar Syrup
16.743567054965023,83.71134755282196,19.467891930395634,16.981933803512856,0.32011326660366685,-26.337823926404848,92,100% Pure Floral Nectar
18.033041252169788,79.5,8.381289322821749,14.969232971795744,0.6528187958202074,-26.68186774786571,91,100% Pure Floral Nectar
19.71422874233373,81.45502467429117,3.9743737077698693,16.574274210233092,0.3332312274105426,-26.452456300206606,96,100% Pure Floral Nectar
17.51455861605264,81.74571963851534,8.030276148832396,14.0710645717494,0.5626955737744159,-25.116820096121085,98,100% Pure Floral Nectar
17.38306937634521,78.25535791671744,91.321228086666,6.488073529754691,0.7400609505169038,-24.489216090259802,23,Acid-Inverted Sugar Syrup
17.921049374092124,80.56374488756668,3.1351050946231065,18.05945645179019,0.36961836050025254,-26.256976081208176,93,100% Pure Floral Nectar
18.021552467257656,80.5,25.04295399401437,3.75538953655958,0.3444704071205502,-25.035003036326408,49,Industrial Rice Syrup Adulteration
16.95227388150833,79.57564491975445,12.723889844501725,18.53827903162079,0.696200982246093,-24.820273269481863,88,100% Pure Floral Nectar
21.150773958469753,77.72804259074658,31.079459697501104,10.570716913655954,0.18039453968129218,-26.64458657970684,47,Industrial Rice Syrup Adulteration
15.242005396653202,81.87235633439997,8.308611547538304,16.669298229170376,0.4604283916771939,-25.801538744260693,89,100% Pure Floral Nectar
18.058925161822582,84.35766097935414,19.33512617569935,17.145903251047223,0.33650284672486014,-26.3875732176787,91,100% Pure Floral Nectar
17.656576296312995,80.03476970466156,39.2189012276018,12.574155945593262,0.35898341221284547,-16.667128554014457,48,C4 Cane/Corn Syrup Adulteration
15.776643619992903,81.90939450554825,2.0,13.309488186245446,0.600783436357472,-25.847064577202275,96,100% Pure Floral Nectar
17.673333820492193,70.69970636334126,51.91868146832135,4.4701189466041,0.7559843295314036,-25.493246449633848,23,Acid-Inverted Sugar Syrup
19.784454344567482,73.96696108708056,73.61720688359435,6.108714620749987,0.7537671416474158,-26.96631909319996,43,Acid-Inverted Sugar Syrup
18.31197055147056,80.84574174724979,9.937341772734365,17.685836100561605,0.5358317261256538,-27.281506886316023,97,100% Pure Floral Nectar
15.031934381590755,80.4622533276486,14.772995184946758,15.804974043789077,0.46163523562613773,-25.22634443806705,93,100% Pure Floral Nectar
19.559019990191914,81.86886539336062,23.492118055618604,17.20706004338808,0.5303290114504376,-26.22519215906248,100,100% Pure Floral Nectar
16.59170528159476,80.37153997521298,5.174424428517328,12.325018380949338,0.7229411131928993,-26.499109093506036,95,100% Pure Floral Nectar
21.27038987369052,73.3324247832529,56.04312181870668,2.237847811427576,0.6762734750559682,-25.134048305998878,20,Acid-Inverted Sugar Syrup
18.154951253346507,81.0,21.09429792431135,11.519879699960745,0.4787181046706091,-15.115094318930666,42,C4 Cane/Corn Syrup Adulteration
18.154872891997666,83.36166515096951,10.50164617012974,12.73519970878312,0.45452184524108663,-27.304612362449916,90,100% Pure Floral Nectar
18.80098775017482,80.5,39.77044082566334,8.531876240878148,0.3553459223579761,-24.562129768049648,57,Industrial Rice Syrup Adulteration
21.029539053549932,81.0,10.0,14.050739668210277,0.30529455640339365,-15.557914547881163,51,C4 Cane/Corn Syrup Adulteration
21.63781208458531,77.25999228031985,32.60629691726099,7.421183182303343,0.2947588358756054,-24.456334761511105,59,Industrial Rice Syrup Adulteration
17.700902304487595,82.09628085892786,3.5639404376530726,21.175748181487904,0.44217223802988287,-26.905817746981032,99,100% Pure Floral Nectar
16.541639127444803,79.74652136902571,30.148287441956597,6.433668134130301,0.35928045460564284,-18.513093754877936,33,C4 Cane/Corn Syrup Adulteration
18.132837501272896,80.55860028293363,26.62804824437405,13.506654753591027,0.57419001418501,-25.27064874964436,99,100% Pure Floral Nectar
16.315192943910407,76.12633066354928,30.964911775582845,5.879770098793038,0.4669010925863815,-11.821202340192908,38,C4 Cane/Corn Syrup Adulteration
19.11180725644702,75.59928222023291,29.36427153828876,9.796373709735695,0.3160466385171384,-23.61287337051651,56,Industrial Rice Syrup Adulteration
16.139110010472493,71.51302025121393,48.29789820005415,5.515807112671627,0.30293258148537205,-24.781842707181735,32,Industrial Rice Syrup Adulteration
18.76650789547438,79.0,94.63130473485478,5.445457570826519,0.7693358479862737,-27.5,29,Acid-Inverted Sugar Syrup
17.888686840109106,80.51548088967866,2.0,17.617511747414213,0.62739952566796,-26.969115996518173,94,100% Pure Floral Nectar
20.02580689397839,73.81627996173209,76.5094500096243,4.071287594548272,0.4523033950130685,-26.46281954675466,36,Acid-Inverted Sugar Syrup
19.734859516084146,76.75421463834442,84.237501876809,2.0430593450223102,0.4056112283985389,-22.0,31,Acid-Inverted Sugar Syrup
19.8,84.48380334048878,15.11232682193976,18.296031099362043,0.3595971914340632,-25.358305760931856,97,100% Pure Floral Nectar
19.203913494563658,82.63833681932277,38.0,14.134067180154588,0.33339642551814686,-26.003610504358917,92,100% Pure Floral Nectar
18.93452489411521,81.09558527298175,2.6614858115270965,15.134715843635618,0.29773890367504174,-26.392182393345568,100,100% Pure Floral Nectar
17.547472826701355,69.9150990657094,86.1748658157897,1.5485446227794455,0.3384251839023631,-24.94789284153411,37,Acid-Inverted Sugar Syrup
22.65888146637452,77.40160409374137,73.27505889905055,4.205317066335512,0.7369402763422301,-26.205840765433543,30,Acid-Inverted Sugar Syrup
18.40183156331933,82.23698949486983,17.258762574740828,17.441815871226932,0.44494060600368845,-26.69888626005473,98,100% Pure Floral Nectar
18.337536151351877,79.5,25.730217650741295,13.58786008479294,0.38775865469700516,-27.55647163218505,96,100% Pure Floral Nectar
19.8530975208059,78.70484975833871,20.930213614505266,7.977118151402543,0.4557184538551091,-18.27110376561204,30,C4 Cane/Corn Syrup Adulteration
17.746650789900446,81.26360946901116,7.290646724382402,20.70455472908587,0.370659192533602,-27.252249528351104,87,100% Pure Floral Nectar
17.618337057663588,77.83776949064142,93.8164364288667,5.770151918963634,0.7693294890858156,-23.45944826742429,28,Acid-Inverted Sugar Syrup
17.308315630706666,82.5939186997813,20.32870336887409,10.407775982866436,0.37295426607994625,-27.005772653531658,97,100% Pure Floral Nectar
16.068382400502788,80.63476447614941,7.245421817796746,13.863543211973074,0.4930781335790922,-26.32907097619767,90,100% Pure Floral Nectar
19.862221762789076,78.83223034727305,31.312865539293895,8.371013805481784,0.27748877313381043,-24.710630031882697,53,Industrial Rice Syrup Adulteration
16.404267388022056,81.0,18.510221907911657,14.762065339384876,0.1631088593529346,-13.51872792770791,43,C4 Cane/Corn Syrup Adulteration
19.993592642594965,79.52510830150383,52.59647493603613,9.686424818636572,0.2816237027381022,-23.286672465266587,56,Industrial Rice Syrup Adulteration
15.020785341876348,81.21901334215109,4.930350210801481,12.805783571815365,0.34449604716356114,-25.322450434179512,92,100% Pure Floral Nectar
17.177007945498147,79.5,2.0,15.361164715455022,0.6074718132786083,-26.025042164053268,91,100% Pure Floral Nectar
16.75005982168581,81.56164910437232,2.0,18.92511059562458,0.6059782327594008,-25.86592922030022,97,100% Pure Floral Nectar
16.288014794939773,81.03066593678084,2.0,11.715553336496866,0.33804778724217766,-27.65611050956223,96,100% Pure Floral Nectar
17.398403679095868,81.63795085007754,4.621811262217041,17.921435934897964,0.39587534737600377,-26.064452018827048,97,100% Pure Floral Nectar
17.33301281306047,75.69130859803951,36.663654632325404,6.169307740848957,0.29675346059928126,-15.354038477932379,43,C4 Cane/Corn Syrup Adulteration
20.40727037771852,75.47391839925584,41.357930539797145,11.41541294834862,0.29019852702349486,-23.905698669626954,52,Industrial Rice Syrup Adulteration
16.885823880524836,74.66829483248273,27.655680542107284,7.246341180788486,0.46103071757481223,-14.994130608606165,63,C4 Cane/Corn Syrup Adulteration
18.868502067951034,78.24503065564612,28.330501167895836,11.932127100570638,0.21842209251353356,-23.351917765112475,44,Industrial Rice Syrup Adulteration
16.806459589959662,81.84553212989304,2.01654912515463,21.87232466350678,0.5362198563149851,-26.351365318645243,93,100% Pure Floral Nectar
15.268534569295497,83.21932764231406,18.78528624411888,21.81423917366342,0.35022682963886914,-26.1535826198475,90,100% Pure Floral Nectar
19.581837127127606,72.65264778099413,35.60751499797152,9.513855897139205,0.3567538845649476,-26.259197612736163,40,Industrial Rice Syrup Adulteration
18.301918445239433,82.52944671227313,15.233781893444414,17.30514087954976,0.46727886866100093,-26.01152298450097,97,100% Pure Floral Nectar
22.01363898546226,73.93158038609069,85.18513439008969,3.0633906444809194,0.4555140935944318,-26.15239873504421,23,Acid-Inverted Sugar Syrup
18.891819818677714,80.5,45.12738803057232,9.939553073260768,0.32805218975094286,-24.82340367907096,49,Industrial Rice Syrup Adulteration
18.289705506633293,80.26595447010116,3.022363149191068,17.72202125341647,0.4592490261663969,-26.25544606239792,97,100% Pure Floral Nectar
15.0,79.69365714470338,14.222171514294445,9.15028961723074,0.37972916277054053,-14.125743880820334,47,C4 Cane/Corn Syrup Adulteration
19.96110420962838,78.4223403949638,81.49063142302205,1.7396422927052342,0.548941043069403,-24.592779969457474,30,Acid-Inverted Sugar Syrup
17.19087015867876,81.94905334031958,15.49600082296563,17.95172808172084,0.44778225264557536,-26.291027228618127,95,100% Pure Floral Nectar
17.83966387498634,75.86591445852639,18.93617524246986,12.260447817727117,0.3201955825803513,-19.38676618646484,61,C4 Cane/Corn Syrup Adulteration
16.396819994485988,79.52210778098572,13.929263357378664,23.136664400059562,0.25118273464741536,-25.84348497851158,93,100% Pure Floral Nectar
16.5196499228591,76.79298917175528,28.521346728665616,5.492147179762702,0.3487451055383855,-13.89716718172019,49,C4 Cane/Corn Syrup Adulteration
16.545430335914062,75.93755502024798,14.146739808218763,4.925376363128528,0.21130295520692063,-12.290104638217262,54,C4 Cane/Corn Syrup Adulteration
18.1703478501684,83.70898071336164,19.915425826198984,17.36413930016816,0.2367455045597093,-26.386842665610153,91,100% Pure Floral Nectar
19.124213330439144,79.57712203166241,9.163549846685537,18.776519904120324,0.320907708543821,-27.272430634423895,93,100% Pure Floral Nectar
16.430389673109246,78.35184031395326,25.5704944825853,10.312304724464683,0.48706083814901047,-16.185024484406174,53,C4 Cane/Corn Syrup Adulteration
18.351562876944463,81.89437475454335,6.92141881577593,17.388687383835137,0.40090206341547263,-26.4379782220049,96,100% Pure Floral Nectar
19.802640524050993,75.00192950353578,35.13167459428737,8.135528609411539,0.2377657562853661,-24.854113339025478,40,Industrial Rice Syrup Adulteration
15.00168539215336,82.55446780866913,22.970277450860927,15.826761162563905,0.28694821255140057,-27.10593699910042,92,100% Pure Floral Nectar
14.0,81.92092219627206,29.648762243879734,22.930789472598526,0.41744011420426946,-25.783290656984356,87,100% Pure Floral Nectar
15.95751095107706,79.56880788982518,6.110731855354563,14.86221443916471,0.6788659064937285,-25.68696284297633,96,100% Pure Floral Nectar
21.764675674669736,78.11954465000008,42.0,2.2610299873903053,0.490967572637893,-24.51480283524568,28,Acid-Inverted Sugar Syrup
15.837703482765821,83.71276904132077,10.890189460909847,17.973183540324815,0.4689454861076989,-26.75669655200888,88,100% Pure Floral Nectar
16.917911852473473,83.4617697107341,13.633729829835417,20.639234538338176,0.3821666175057427,-26.720119034589693,96,100% Pure Floral Nectar
17.126633769191542,80.84496834442885,12.319141528728323,15.890289835590591,0.5904325302320954,-26.075711301596733,92,100% Pure Floral Nectar
16.627004586641654,79.5,2.686971746158581,13.649913810050275,0.29904453181036345,-26.29103919162978,89,100% Pure Floral Nectar
17.03936898194634,85.0,2.0,23.15870925466372,0.44709456409026255,-27.053429810897526,95,100% Pure Floral Nectar
17.007679496240844,83.47505887118102,18.31504214309503,14.592430551311423,0.29312982455758757,-27.33257121073441,94,100% Pure Floral Nectar
18.757763724985896,80.31591467070123,38.0,12.287711054972224,0.4651666274267039,-27.14790624009208,95,100% Pure Floral Nectar
18.259784063303492,80.48170322084479,4.373262868913332,15.119414368123529,0.429346287237681,-26.387419194442185,89,100% Pure Floral Nectar
16.682662299633296,80.81922676596689,9.800987617853828,18.447665787917728,0.21171192756628474,-26.389908406155115,96,100% Pure Floral Nectar
21.71299266418736,73.15855226569819,84.20820045819494,1.6358022845897544,0.6735700904896676,-24.795754335285867,35,Acid-Inverted Sugar Syrup
16.66096946360199,79.5,9.02533903276555,15.342262231728506,0.6438872827162148,-26.902098081110967,91,100% Pure Floral Nectar
14.0,82.21385783656862,6.389482778505837,9.0,0.34241658246281825,-25.752621651336284,99,100% Pure Floral Nectar
18.625312289871594,76.6631484597053,34.64404150906793,10.137847365053917,0.15,-17.346368573183405,40,C4 Cane/Corn Syrup Adulteration
16.654502872871262,76.24264230181905,24.667247634782722,10.916511255115825,0.42580273787604705,-17.905302163729303,38,C4 Cane/Corn Syrup Adulteration
15.723390983373012,75.82824616334209,25.381050472449985,6.785886767586021,0.17171249837286667,-15.513060250307511,55,C4 Cane/Corn Syrup Adulteration
16.515610809499215,81.71502911728494,12.980135392334464,15.981595828945059,0.3781840570365623,-26.946030210704965,92,100% Pure Floral Nectar
15.934529301949294,79.5,2.0,13.870152245074172,0.3041524547840493,-26.427056238179127,93,100% Pure Floral Nectar
16.786327554759175,82.76606483244463,11.268545345698515,18.02280156402813,0.555148582612366,-25.723181608270977,98,100% Pure Floral Nectar
19.65350211305286,75.79920919302305,44.97232785664357,7.688889191344464,0.3395094975226369,-22.948701454717096,56,Industrial Rice Syrup Adulteration
20.91405302685537,78.44260156811123,27.469041286319566,8.794048939185208,0.3810183218108265,-16.47095806619104,38,C4 Cane/Corn Syrup Adulteration
19.8,80.88146787666037,2.0,17.909297611389896,0.18,-26.054722076664877,87,100% Pure Floral Nectar
15.079213885439788,84.72739232274574,2.1570635918711942,17.18876500371119,0.4810242381152557,-27.338680425186894,96,100% Pure Floral Nectar
17.573977311416076,80.61755414716282,7.56888543179708,18.93210114986045,0.34968590775434255,-26.862313157605307,90,100% Pure Floral Nectar
14.554642976676256,82.10652383391054,3.0050539862290973,16.794824480048284,0.3806839875228047,-26.883934402813942,93,100% Pure Floral Nectar
15.58858028293269,82.12364865219395,2.0,15.045442073503677,0.3612067174831245,-26.73075062515943,89,100% Pure Floral Nectar
17.18697955040594,81.76474421759316,9.925321297075733,14.49491565052232,0.5393297304108285,-27.631500914028404,95,100% Pure Floral Nectar
17.658949641980318,81.75325375063362,6.504633671911392,16.63441138493683,0.6777887042349169,-26.202020287916906,97,100% Pure Floral Nectar
16.749710928295663,84.4858794773961,6.703801453333513,15.049801837429797,0.4583913434213728,-25.744818788514067,96,100% Pure Floral Nectar
19.502954798901797,80.6527741613953,2.8865472706452953,13.814657404522066,0.49178065804017534,-26.42141514496153,94,100% Pure Floral Nectar
15.075956824659649,80.37000636946605,4.751720407467688,23.60652703272096,0.3982312758339372,-27.24652712744489,93,100% Pure Floral Nectar
19.72100606645529,78.54030205002879,29.463459432306934,10.189647164032756,0.22334126987615815,-26.57639494378795,52,Industrial Rice Syrup Adulteration
22.616610628473307,76.58619008966356,21.919696118815153,9.746376520022935,0.39899847508490505,-26.47507815288442,35,Industrial Rice Syrup Adulteration
15.202864800774247,77.21810019478951,44.01260596103799,5.363508114415443,0.25988626092683836,-16.168686590874895,68,C4 Cane/Corn Syrup Adulteration
21.0922539784936,76.14498295117677,23.82685111012896,7.178054890637521,0.2774353390811242,-23.056261416455314,39,Industrial Rice Syrup Adulteration
15.814520608801526,81.03398628556529,2.0,17.870871867722574,0.48097052573049437,-27.63019635928193,96,100% Pure Floral Nectar
21.03860419972487,70.07349101926303,67.77115614119312,3.4044374182011206,0.4334022942039875,-27.256117625800215,33,Acid-Inverted Sugar Syrup
17.0,73.15726549063176,100.46519706257735,2.847917580745296,0.4222534056603621,-24.084514335136422,23,Acid-Inverted Sugar Syrup
16.95590403893603,81.24776499017915,2.0,21.146670104106953,0.18,-27.21972872776327,94,100% Pure Floral Nectar
19.15990629484111,73.51373631715207,69.78425059884722,4.9609719083222386,0.5072681237141102,-24.679403221244456,27,Acid-Inverted Sugar Syrup
15.898684795730626,82.0587176427276,2.937622974861328,16.037582994388377,0.24154149171482747,-26.165990025374292,98,100% Pure Floral Nectar
19.7374279811957,80.91532666021232,3.0871862186121968,14.480636675673985,0.4720882184619812,-25.153683074095316,89,100% Pure Floral Nectar
18.86275114384619,82.86459029605253,9.990946774435745,18.920106601902532,0.6095768348881859,-26.509148268238036,93,100% Pure Floral Nectar
15.029071196507413,81.65722535324568,13.133274186225307,18.534743240156608,0.36294183105726685,-26.85681853653204,92,100% Pure Floral Nectar
19.014220494608217,80.0415283975122,2.0,13.728139214378933,0.18,-26.18779232013661,93,100% Pure Floral Nectar
17.350182342588592,80.46818421197928,36.20394869013002,11.057408833107981,0.38054026818934256,-16.23785133659389,49,C4 Cane/Corn Syrup Adulteration
15.0,76.34601840226486,35.926422848982796,4.0,0.4560828686985884,-12.531708138352041,21,C4 Cane/Corn Syrup Adulteration
21.165839747417397,72.12012984668382,46.61359448308486,4.380655932657811,0.6605133936425847,-23.25259264963521,32,Acid-Inverted Sugar Syrup
20.16399744986035,73.54225937621968,44.13171297647458,7.530993192738249,0.31527210907939995,-25.260932152446998,27,Industrial Rice Syrup Adulteration
17.0,78.58096348089568,66.83706108007613,6.02886638244779,0.4776982122811048,-23.954704064286474,23,Acid-Inverted Sugar Syrup
18.059833380060795,81.14108260965814,21.49664676878986,14.650629973049933,0.4719820880725851,-26.047091814334806,93,100% Pure Floral Nectar
20.579945668610574,72.33144536321377,78.66040287344777,7.753022321329125,0.5779167184788452,-24.925232331029214,37,Acid-Inverted Sugar Syrup
16.22976116117752,76.87721833181374,21.828982189283124,10.468750701975996,0.3006624072502647,-16.306493273793038,68,C4 Cane/Corn Syrup Adulteration
18.820269793965746,78.5835529887598,28.052294781881567,12.771725329690574,0.4537806941527105,-15.668719594748506,29,C4 Cane/Corn Syrup Adulteration
24.776554619522805,74.05418770527308,61.14594429786645,5.141122140224547,0.6148171247987612,-26.796171231215478,44,Acid-Inverted Sugar Syrup
21.217245774580707,68.50592184571839,55.74626274901496,5.286957050906153,0.44417120866799215,-25.430245705267133,30,Acid-Inverted Sugar Syrup
19.170017003436595,75.09506562498692,42.81941433191743,5.485463239512587,0.4700474658679258,-22.64021329168275,29,Acid-Inverted Sugar Syrup
17.48409222919182,81.07688100494099,4.19351761475268,14.632131227533762,0.2570091616653015,-26.019995395749245,91,100% Pure Floral Nectar
