label,temp_celcius,audio_peak_hz,co2_ppm,weight_kg
0,33.25029714256321,114.73216183125444,801.9242965315527,24.726108198305873
3,36.290942572590744,505.24650788616975,747.9827035366833,20.387935075780234
1,32.610427533236404,373.8891287301354,2419.406274007077,25.036813407117837
0,33.67730062652156,121.54955987327398,524.5460324344403,17.607265315006003
0,35.01128521600482,163.89618876297368,735.0839174617417,22.561832895225187
0,35.71987620316963,108.98586580619263,919.0727700715723,17.81873067535941
0,35.19213640925526,175.44522638000004,755.3935881135341,28.46961616595629
2,26.691727360157078,113.02430055694472,675.3616597485452,6.074884009639478
0,34.79737717083264,166.5689981303857,947.9564758858905,16.348686347578273
1,34.853415558780306,375.02523734584,2286.408031822323,31.669428727502865
0,34.87946429489338,129.09684544711274,568.5795172635651,37.48707563209927
3,34.281191423969375,579.1013283542363,683.9368880474506,25.230031933681705
2,25.31260331185563,157.81326790000668,651.5826048751263,4.038328609663033
0,34.46870343605024,133.83474431421786,655.0630520370119,39.121652955015236
0,34.12301770556666,119.74335947771375,773.6932316151964,18.40515750848745
0,34.359662461566614,91.12122924982262,873.7258470870175,25.10053233434549
0,33.65352159290231,160.4895014189908,798.6067157648276,25.898111363159618
0,34.45083018660262,103.05591685913834,846.0471609029356,31.725738102262074
0,34.00570444642454,152.86032598323925,1072.0111547773135,26.79869487563394
0,33.94820534139212,142.09655351753253,748.5681707663654,22.506830521057744
0,34.58994707557674,170.37428326314586,841.7522951967004,20.24407814806022
0,35.196001143172296,140.93863501530407,723.6179956101298,23.290890898769323
0,34.95915830300115,140.11656640958725,673.0460420169541,19.96536319527428
0,33.71474969818841,171.95612112864887,712.2638519873345,25.239126598923416
0,34.005185931714834,160.05174087252354,728.1862142717467,22.179019100697566
1,34.94077118798822,362.6462382873111,2607.842739264138,17.529811033551248
0,34.00875630323085,164.07802769425578,1152.3613680051135,31.27572894187452
0,34.38768342500149,103.93283630378683,692.5934845586239,22.511637382854804
0,34.77502604951228,172.70366039960945,737.5062041576806,18.659315975123437
0,34.01582777256818,168.37406382040808,790.5315480333128,24.158704327562294
0,34.55268775307298,119.49950614270509,859.3698273064621,25.341857829838293
0,33.832987252540896,142.67758578977396,839.5326217932177,16.267666372104834
0,34.1993161780244,148.82078137117105,992.6143690922175,26.658238335628813
3,34.31978193414254,543.2751607799133,457.36079294647914,19.764212156548677
3,32.40700626646833,566.6929983284267,461.3070129804327,33.55514404595394
2,26.321424213881198,192.9410034549355,650.4121827989851,5.785940768115102
0,34.49018110053666,182.45300183018486,964.5950281315563,23.000500049453418
0,34.77624497720858,110.63342419705782,565.1527952591606,21.27416114841325
0,34.61195706703233,168.66209970918146,400.0,24.47516146218188
0,35.18207021498692,189.8679995860623,885.6769109328814,28.063953707916447
0,34.562612251323955,161.60425562067607,836.5485835554072,24.872529357074
0,34.285297229437376,182.729412755579,636.4687389800855,23.914205964315716
0,34.56114875151614,210.36811337102296,652.1690598918606,25.29185145408948
3,34.543298029036386,601.1854773053491,603.0256280365326,21.980705343815227
0,34.52443003516285,157.47925786925185,816.5802976210911,23.28397036578481
0,34.52029584560194,181.3526542225426,706.0527085725489,14.57103780547498
0,34.14900415609662,154.34663499290673,874.1095878463279,29.868631154261838
0,34.16854954122453,150.71709129854867,400.0,26.49398890160881
0,33.79869736410015,139.45757292858804,671.4722202308301,21.132720779832848
0,35.37478837159347,196.90240076496326,631.0919058633425,34.49367490677619
3,32.75613676460871,509.07856670289993,674.3659321627508,25.43508240196193
1,33.30709480220409,411.29470898712464,2338.5856724529585,19.819282140124017
3,33.2815927344308,574.9932061870186,779.7843779895767,29.283687107352293
2,27.684773130833324,108.02081475594176,514.0663228339943,5.597072324763894
0,34.352525160853986,161.02947878974265,806.8237214496128,26.972899927421096
3,35.24774207267373,444.9986746174188,755.8336423211706,22.87122197674205
0,34.163254687878066,168.76524050493106,1078.4971154842933,27.252478618890173
0,34.6394970811119,176.55694448966972,727.7351043359787,23.691208548894526
0,34.082326473370124,132.22932133043838,848.6687906528775,27.779707258229212
0,35.5725745638867,153.70643087866748,529.4205811156453,15.475277729946805
0,33.906200790485244,208.62472301250858,441.2065693530464,22.830632685104053
0,34.654910355113515,134.8275988721419,926.7161563672549,33.610775489040975
2,26.901330642796296,118.23277238830198,699.443970635193,3.849398816899549
0,34.70689954872575,194.44990207387798,976.7769034697634,21.980808512534068
0,34.407356170561144,208.87761571592384,593.9895666545376,22.760193307750125
0,34.435089650133285,150.1108701554354,877.9853209293128,18.92596932055678
0,34.521905735989556,180.3438910622507,1080.322676081578,13.95859611885874
2,24.558993995114534,190.24427746592642,741.9705608357266,4.654120402214581
0,34.98193955839746,127.72547302384848,841.4872258386573,25.679297120408286
3,36.210523001591355,525.7347082316065,700.855608082435,24.737474657306738
1,33.442508214992166,399.2349805261894,2028.7355628622263,24.275607190260565
0,33.81509851021046,200.55042836125529,1003.3359403565522,25.215204354251938
0,34.45585897582437,166.88642580523066,708.3713540292401,30.11420735775382
2,32.73912801296296,123.60556939493837,750.4483256383016,4.714330721106175
1,33.19632543203027,429.48244446797764,2031.089708028624,22.129587114563652
1,35.63911680544407,328.7611640875214,2146.1621006476657,23.594372575559568
1,35.67770081407644,336.59448875314195,2930.5262197666707,27.896733798783877
0,34.223205879146,160.27013503468865,747.9046566563236,32.06013439271625
0,34.784491539592636,196.62481262144323,1017.9913214063818,21.85928130415411
0,35.31419831156427,175.6192792965667,788.2654011412224,25.494668935144418
2,23.862616777037537,162.44596501085732,515.8102227042143,5.507536162903939
0,34.39820981994882,163.8986559035432,933.8101399597581,20.037109966355885
0,34.20915954302568,151.30544005930398,711.5161523366588,25.10208583606459
0,33.99262163465357,166.74418543555518,904.8033220275565,17.671630713289524
0,34.17536122746699,74.11319766917092,803.7816301310123,16.154748481303006
0,33.88802986661887,141.10177622790604,568.5322658085695,26.833732039461285
1,34.034083468259226,359.6528773966712,2549.2884296111706,23.080626293346086
0,34.11501338447068,115.46957749141478,1129.4334713229198,26.011402038106095
2,25.701357735372245,161.5896995343468,749.2986458514459,4.973157534487475
0,33.72205217689819,143.86586337041635,791.3723370491805,20.117999756681012
0,34.66544011610723,202.6642709494647,961.3015102935346,24.773728490178318
1,34.83352896160893,412.9207890085943,2563.200539560933,18.834493474925722
1,32.00626435742854,331.3677772352735,2562.8602690788384,31.954861790007
0,34.687028284923784,145.47486865299913,636.2562241761347,18.220148275700183
1,35.22766899247329,347.0420973756643,2570.1544077368794,24.02107364515709
0,33.8951794906544,136.45021571521133,955.3165124625417,19.78864205976376
0,35.33628619341885,155.8507495208438,674.5906771849963,27.852105866803978
0,34.70950950468302,127.25153793337229,1013.6743731870422,23.342843143592486
0,34.14749407212079,116.08153995187422,786.2440963782311,22.40666640189395
0,34.47211546117115,168.68133671700807,666.8345732692189,29.266007725257772
0,34.77916345626086,168.88588752665433,949.6448115380367,25.14715295838776
0,34.538002695706204,125.87052721020024,756.9808646392596,27.583222229679837
0,34.769377996223184,176.860662922878,913.9272331229162,20.093370317412678
0,34.039663203460314,131.05266812504004,756.2362051612195,17.975915280362464
3,34.169360824036076,562.6582619018991,694.0173856470096,25.53603981020067
0,33.79314275154751,174.61032037837367,874.0340306501437,23.405768222526344
0,34.44438696932565,148.99162305888862,843.6345586385008,28.13217336226972
1,33.09609235853521,368.1896364856454,1901.3404658644786,24.60045773668725
0,34.13223502870512,134.50711068337284,631.8134389858412,26.02537669617315
0,35.11804658760522,144.10600249715708,939.4114977186223,16.883087350293785
0,35.045655060297136,143.82421707358978,780.1795116647679,34.44218469807129
0,34.80456906045359,127.60264960379283,721.4403045842868,24.178790074839842
3,32.90768723532742,541.161291844211,564.1425984742525,28.487934851695996
2,24.050774650915596,103.5414510340876,592.0263678724152,3.7458624946705603
0,35.10654884998959,135.26538758573685,496.7302040057079,26.540049511086703
2,25.425150740919715,141.45373519890987,689.8719281298468,3.045732854712882
2,31.957988619945084,142.3146074251386,640.1562419418954,5.6781017573895065
0,34.696658919697185,142.75507662387665,655.0118163522027,23.220129578070836
2,25.576147349470094,148.14707400419613,693.1876574832047,5.043785755903351
0,34.34544176789875,164.3832455425819,854.5955946279107,28.48987015065049
2,25.40062271434685,176.23551222397566,909.3197932209945,3.1511895331695796
2,24.54259049085837,130.50704319455198,548.8116580436787,3.9732624040808044
0,34.8540543383443,113.90397433832567,973.9071564950783,27.286621405433827
0,34.978351158397295,118.7386676327069,945.9652341522608,35.49110737273374
0,34.107005269746026,135.3839123641522,683.1360890934949,24.30958832669259
0,33.83438352322111,139.44236046550472,830.4853931879046,27.95568058961966
2,19.49138388069011,126.90011801407628,654.2366750662385,4.83954279521228
2,26.52397398073763,111.11650007250316,718.5688580418739,7.9133683921344495
0,33.94831669691306,136.31637517577434,1026.3696520106826,16.263891665173723
0,33.423554703523756,155.44279860341913,890.8409348946969,25.47310522334679
0,34.69428930226548,167.85088397506695,876.2912559850163,16.872279832189697
0,35.746499758716396,133.27730840675036,735.4536020068036,12.467142147316416
0,34.49696454423005,137.610065335697,577.3915002613497,26.487310265589084
0,34.91924538722582,122.19905073458068,768.7297684189388,25.697488980737294
3,34.081829358547566,548.4280414812612,820.6608154863915,23.57581531128899
0,34.45055517340443,124.54714097427556,570.9248215115529,24.469029549801235
0,34.95953824149388,167.193834397236,641.7365947734958,40.49149717035629
1,33.70972545581135,278.56534032263556,2537.8803208702207,23.709124309842828
0,34.63369615703595,139.21110982642614,652.3017822729106,27.550621806250376
3,34.32169780619601,565.0553669595871,620.7476552884788,21.753175901930597
3,33.331909546356954,559.1917258161252,657.6401418271823,26.476162875203016
0,34.99602117476826,230.7910099194149,595.1573893714776,23.80883162472191
0,34.41252012165229,160.49400073703723,653.8817230675447,22.94740758635135
0,34.12212742025358,119.87836209473969,905.5141875180964,34.094492661001624
0,34.7682549217852,147.13607258732782,603.8945326653554,30.885924815921694
0,34.05076600910448,96.71260999600645,560.3191798257743,25.683733236996154
0,34.514090578684566,147.58200752109718,705.4962530699158,13.478940320280167
0,34.4954405016779,125.00831828997724,909.7933253764769,23.194953883737153
0,35.04294778291579,177.46170826680486,770.4617288004665,38.515137822025416
0,34.73734911643998,133.51379176213396,730.3128382826573,23.84669166680146
3,33.974973041254856,544.1617042102376,704.4358797515607,30.516087860268293
0,34.90888314960014,130.9332647578679,538.1438850710522,32.209712009763
0,35.19510377450866,202.16554055559993,874.2058480662549,26.094819579279875
0,34.778905153175934,140.36271701646265,857.5152547105466,20.79089184065924
3,34.01035261984338,641.62785217396,659.0691525904278,12.823438341085557
0,33.84408188382492,174.424552863548,950.8886767694626,28.420816043044773
0,33.96744316846231,164.46200182006157,630.8755851570442,20.92621998588226
1,33.694775295645336,364.74932589270077,2838.372697976071,25.88075225943846
0,34.19524389892036,161.81391894648755,823.1740498392877,18.75089830205318
1,33.81302869701455,272.89309682617557,2399.034223036548,23.67381229764899
0,34.52832496244855,141.6334981754773,797.0189546947532,25.168595274505265
0,34.764846377178365,175.35473913552966,783.9102851283587,26.34296790522149
0,34.464750610970455,148.53308449577685,983.0424344626575,19.42588906323793
0,34.7432508219131,107.84430459589275,638.498130879348,30.98455474380676
0,34.53223720740506,148.4278664826759,685.6221141280103,22.015526076340144
2,19.073600300938388,201.12316548766472,803.630289207248,2.488295809320132
0,34.030332303090624,187.40675146604158,710.6697597224211,24.45488290018268
0,34.427956222139194,148.13987971901904,935.0799615997387,25.1718765451323
0,33.895152628579446,178.5434783117426,1054.9153974513065,25.8029471658588
0,34.799964364998104,139.00478938895844,739.7307459587549,31.810662018425397
0,35.26537541617185,98.88385239519843,902.2043489862958,23.8177558163207
0,35.10938092584866,122.26602035611337,626.9461577990212,24.401901878156142
0,34.393278564534896,196.88666305524595,913.2099947101714,19.484078093834533
0,35.24536306842498,141.78020754512087,829.913597898015,29.102767514439485
0,34.574333728601054,142.69848061874947,870.9557423240323,25.921545320390518
0,34.33145701444098,141.0048541117536,703.1641891946907,22.899861363529187
0,34.19329866822953,207.12409768719021,550.8374876649241,15.476626532672682
0,34.34876515675594,198.7787674608619,875.4878097124257,32.22206097527544
3,33.611823181458774,660.9390116724067,493.65968475205455,18.861600177719716
0,34.58520811118775,145.22864368799847,752.3974261636198,22.04360995315147
0,34.58028699052493,158.86873466241286,941.1772799629955,26.791722555380016
0,34.50152301007671,104.50072351737626,828.7846603809554,19.017210356916568
3,34.43693816974635,623.8467213059137,894.8342644789814,17.532451108734282
2,28.571938824359023,114.96661346196194,802.5109152581773,1.8140786259490027
0,34.97477706772066,156.50326691287887,701.9152417511635,28.60498476452818
0,33.75755101577505,117.08092417101469,804.0970069777158,22.27406877636839
2,17.338236595294134,132.33399519783913,695.2629297455564,9.390905138709995
0,34.967159955619636,124.88212706850899,562.6734854980809,20.028224671845635
0,33.81656065079229,131.76374217972545,658.940162527347,20.392744882855393
0,34.38761729905366,133.82631890553063,715.8858639530209,22.173035148572993
0,33.91494348697032,133.5519361522477,494.5669245716095,26.215673275692446
2,19.594058687259942,175.00001735340922,704.7493468251643,4.294694991822033
3,34.541462728204785,494.75686034687396,675.0928155346959,28.061661070012562
0,34.87957758015132,156.616242810416,549.0659148032639,20.10705805005673
0,34.21174479963664,186.53877456916675,860.6319297915998,18.092041407682096
0,33.20447885392755,134.6041090645981,907.380911703644,16.008926302954464
1,33.45375555174752,321.28324437009593,2568.1103436594667,13.882129160314015
2,26.17541201620764,143.08426124459248,667.593182479103,4.222896470787415
2,20.563265293677613,185.3917562508213,759.1442151751855,4.548529531410167
1,34.18335991977916,357.7643052381343,2704.066108143007,21.842814862584085
0,34.4923450754135,134.06357116177205,846.1105354579532,31.21702898593581
0,34.78964574980054,164.5162995356412,676.3081624347858,31.140151048040675
0,34.559790184207074,116.9312355049073,841.4901148266771,23.32598506277749
2,22.080793177355332,170.44078531328844,819.5480650825479,2.3091183302120557
0,35.09828575083225,162.25821923105303,710.5056412082405,22.166474459724736
0,34.420735213486516,140.76574586583348,1114.6909008698647,22.000893030414694
0,34.486347730245036,124.84242604658307,721.1553599021923,21.71432518860971
0,34.033366020463404,123.39957233149627,804.8610520010204,21.511405480508778
0,34.27835887440425,166.04452009037732,699.1271605990496,21.732685521375963
0,34.05759864298655,186.86941507467185,833.4906253880391,23.067291920511202
0,34.41352697003829,130.88076758913616,538.6667461047087,21.822294505922216
0,35.355854240071174,163.7516011065445,718.0937301774918,26.04161254312796
0,33.814049428534325,87.38918944193793,636.181819947715,26.801843579524306
0,33.69321930106163,132.46146808028402,820.3007521838437,20.44677456408755
1,35.47117032749361,348.75764268516394,2798.3342126526722,31.355326630035165
0,34.395338161424064,122.70949749054499,896.9009280671827,20.09968849079693
0,34.16546363067004,121.90480875631212,444.25109587116617,16.910996930923314
1,35.039904687396074,323.28881774124454,3112.620895878364,26.903890356825258
0,34.19719223013157,158.76578184979118,844.2919910931303,20.912959327928302
2,30.478029140640807,144.38012944780877,622.3500859507,5.481937206136082
0,34.838962935669635,82.85306300025084,823.5691878486411,12.981656994497348
0,34.25604429592715,86.37899542094802,826.4284733754039,31.962279707415338
0,35.578654106632754,131.79404466428474,699.9726924572655,28.36146704020201
0,34.19714253849833,163.73059758160656,829.6875001013113,17.49761725418499
0,34.87104768600465,67.57485471824296,708.879156856954,17.606114380768574
0,34.64964629020324,135.00809471545108,739.3457010964966,33.36132952048764
3,35.3017412893988,523.687607174129,631.3720864244915,21.313100482510208
0,35.28075559836343,191.65013334625343,585.0993065390521,20.82907575633688
2,25.0960124471973,138.4493456486141,714.5836470215384,1.6009218587760756
0,34.12329106482691,161.48966954222786,887.7949154774507,23.24610897199223
1,34.459972142939115,355.6502856034985,2654.465078822912,23.861401925821237
0,34.161142315123946,86.08300560578398,922.9887878952851,28.577465483847426
0,35.50669362376331,173.0462164989521,848.6510315022302,18.004607859077623
0,34.56826766554137,156.46189516368864,720.0911752674645,17.39856603879695
0,34.31733922434395,165.24805919023768,925.9495796646784,27.254813173882383
1,34.18468030586491,507.04950825745306,2092.7447380474196,30.033650356135325
0,33.82643685523515,87.47661181504235,664.899292623128,17.144238244410584
0,34.014192980744674,201.74089949283325,655.3699892865133,30.407570431498705
0,35.10020695397221,141.37657441798933,962.0084088708966,25.187709207434107
0,34.1715528605143,158.6198671320903,941.4182771210113,30.45902669537323
3,32.953089017318064,547.7243877349379,748.7305237044994,24.648898192411917
3,34.53665275252729,528.7881833300978,807.1929865211797,12.388610412560247
3,35.185704154663,521.508353588062,612.0717217588012,24.240163088419806
0,34.859476655332536,159.88526206719027,852.2892679791471,30.30071909335635
0,34.99802384290291,104.48478909984962,781.2238357425254,20.53126990458143
3,33.24320491143054,587.5289583760883,784.6882103884914,23.06017515546274
0,33.789094666629076,137.5141678534424,782.7163651171703,24.11933248224511
3,35.501333651955484,493.4965330479821,661.5057111589919,10.50243060065759
3,33.677320161157866,527.4993571002093,754.090851856099,33.356737877187385
2,24.24750095063486,187.7144765058772,787.6169167191233,3.647936480154238
0,35.16409707092453,133.9399473895133,699.7482207729797,27.528677162363994
0,34.77811500470033,160.7536085462886,790.8386492971435,24.566494319258958
2,26.367663316244823,128.0713117285358,594.1559366358347,6.88642858453904
0,35.58250117245054,172.7376554977086,425.2908473760591,27.030280612140405
0,34.17824088480993,170.56523216370613,830.0689447120593,23.825378642395126
0,34.96392006404062,205.45826499889233,891.3358034381948,20.5324245374036
3,34.05701312489708,541.2218027250392,726.2066809086725,28.989253506910693
0,34.634296139431626,170.0596441427372,507.56574233684495,15.632793480226916
0,35.264234213206265,152.94202618616833,747.3725854885288,28.22945210137946
0,34.75391787814481,188.87615345589043,467.2478359923378,19.50477624222564
0,34.769148039524815,128.4350283717381,1005.4551661481278,31.2614183097832
3,35.0725073373098,587.250265643864,591.3945417881914,25.806497713313476
0,34.31752363522856,144.15908111649955,988.3105414189845,28.220618839250545
0,34.0803951663305,148.07435468674507,941.8804465526218,25.409944069123597
2,21.8655724179369,152.7525745334512,609.9409647463938,2.371434357288505
1,32.033643410623995,360.0896158570671,2160.1645146196765,20.69635418302331
0,35.52810356497016,146.51312870634126,852.5555324579508,28.36194668805691
1,32.896791634278316,358.58852732682107,2246.702788845079,25.83327908679922
0,34.38937318820712,197.34354172686554,815.3726963237311,30.904949526528362
0,34.36159335005554,179.56349056845656,727.5758613789623,27.01637281518586
2,25.922220093427303,176.0746377749069,521.8841585534367,3.54994716394601
2,27.44721163761789,136.33381421928388,476.9531980875541,3.805903793419049
2,27.581420465079237,123.32277515315027,722.6684248494597,5.154376085784856
3,33.416922561431065,597.7650279118876,643.8442253669375,13.429779669999473
0,34.41643914310679,176.28140377589384,717.0365274628801,33.367209428114926
0,34.64128997524415,194.18012027252945,904.3795758640678,27.208733681887786
1,33.751308873816456,325.8407749612308,2852.0326829897335,31.13517298524436
0,35.30367278801,143.1135403391896,759.1182917957286,17.096980295954154
1,34.49097495163825,284.4206334989826,2397.8203879270413,31.222825801776278
1,34.734877786049815,334.3011557575651,2650.042909934165,36.15749455513874
2,26.988643806002237,179.89711531738342,564.3064430300425,3.0186824669340235
0,35.08673692874266,136.00513862315407,833.4729582121546,28.857008974518834
0,34.59051077935185,169.2143938560247,882.7828957733232,25.005549723436467
0,33.851584026022074,144.28490682006566,902.0345312626444,17.27783075875878
0,34.69984397587632,159.72171084664683,509.4870946246303,27.464419859259348
0,34.174321553104086,115.56925830552998,685.7967095286589,29.16801602418674
0,34.23569165912512,152.55628348901703,668.26051207648,21.994367236655766
0,34.793182009377546,60.2659208729783,814.9830431613819,30.829582601276115
0,35.11914153571682,144.39311525514046,872.1116869651976,16.66618296605401
0,34.51063578836803,101.0858026885458,1024.5065611168973,17.526219267751777
0,34.654416506299484,186.17983549640448,725.755177944789,25.682986977943763
0,35.35110747231762,173.32222058293533,725.3641252536179,25.12692638986136
2,25.722259538465703,164.00012945898243,814.9672018878747,3.9251397673638424
0,35.800841557090195,195.6301868147814,844.4865407795457,29.04797217985943
0,34.782754822815775,121.53250437525489,990.147726678196,27.654471571079746
0,33.61961862042209,202.42089593746675,843.3092004514755,29.290695354670078
1,34.75334162110453,387.28766257041536,2152.8650143860186,24.38431782323866
0,34.69057919244139,142.9033413834316,600.030746783329,28.012901339891705
0,35.14487637704137,184.06860441548832,567.2731626411606,22.77174848485003
0,34.83659067563498,116.81119462765098,899.307775213771,35.269093450432976
0,34.43077200800811,125.26457515416979,978.2895234630512,20.93727114939007
0,33.887850881855314,131.742308302809,1077.404321207957,35.52648714729156
0,34.39548837135699,134.13066875807954,926.465799848486,25.17443973544704
0,34.07473977289535,118.30327071719242,974.4257866302479,18.122445552156286
1,33.41947655019528,398.923322683813,2325.9951002038947,31.840396752443006
3,34.58857840442061,537.0572799815084,584.3584183256144,25.629506941974796
0,35.334952252175704,160.5751490507064,927.511899862633,29.25562049190119
0,34.69733576491149,132.88945900758958,862.6521128359101,31.119279592712967
1,32.804116937964814,277.17586797805933,2532.2333123022677,26.689777770725126
0,34.72230133411007,158.10172075174268,858.1057220949485,22.038795775935927
0,35.09831574332283,92.6323507374067,848.4778223687309,29.87856688834625
0,34.195108547840306,147.94097861743595,992.5725289780341,25.003777537272978
0,34.43299141666354,108.9505488350157,994.2478377225434,28.429289093042094
3,34.014688194729196,649.3637999615404,754.4220352340348,14.231347131042693
2,22.64530506075328,177.34088166524165,784.5802872562929,5.670472575514777
0,34.82414021692193,153.1726137381444,877.1093828637164,21.80707087427485
0,34.43952592569611,187.91120032964005,730.8245401948071,33.26654818589265
0,34.709766221953515,124.61052067602793,913.484701236971,28.115436739445475
0,34.05625391109895,166.30438136010278,590.8257396711108,26.199288729246483
0,34.28127084983829,155.99431301156142,958.0837328443824,27.431549966751106
0,34.861190678913886,157.9206024400101,620.8215590350948,20.00779573561641
1,33.627166847908235,400.8941400042707,2585.74098603842,33.11628345264027
0,35.3634819256167,171.97476308339407,673.2269062360762,34.956852092084524
0,34.3001819071927,158.6617098847507,883.008347461164,26.96456755274108
3,34.224684725751885,467.2556281885852,696.6074774072091,32.952017842868194
1,34.93259083187309,311.5981481888215,2021.5732125510003,22.154259006637332
0,33.79081713353349,146.31873199212828,863.1049446527718,21.014432168875096
0,33.61959559400961,152.80117122829952,713.3118834750934,25.204623743644614
0,33.73717184271495,116.09388825978229,932.1720081220053,27.174705191839493
0,35.131292051713594,222.35030026735262,800.1988533101611,23.030066593784397
0,34.22407092705377,195.49182165760718,859.3131478082057,27.68884095184242
1,36.55819928566825,374.08473281569934,2212.7293134954366,26.53194741036707
0,34.217876200671306,152.16110583851236,711.6001652858957,20.008466123544725
0,34.59227565159852,143.63373090296545,731.2042045848373,27.593965087258606
0,35.271054976283935,121.44244619933293,928.5053720363834,29.317641212607604
0,35.50304644407956,152.32441555556588,1051.6065631708234,25.857346587951955
2,31.184510729909192,157.7325762042825,619.4828248257123,6.7289721548925385
1,35.20836623059314,300.32957698073506,2823.054443397304,18.91298103251524
0,35.01203126290573,160.0252925173469,474.5483873411447,27.33975211065926
0,34.79626347460059,145.34222853525753,620.8715898361565,19.148596468016127
0,34.889180538083316,92.76577326367827,656.1832315719838,19.42959320883456
0,34.224407141835734,124.18844967661494,597.1236965838916,21.84534583131105
0,34.090900558288844,137.59183399735068,562.461741531863,20.289699082128777
0,34.49831277129452,206.63062972020572,861.9498368206696,22.26002090629431
0,34.414907688737536,166.69659373601274,767.8898453408208,23.929248446444056
0,34.27338597533636,109.93555292700326,856.9108096407665,29.185772431656922
0,34.84819372372836,164.5810886825291,903.5709029182269,23.39420480647149
0,34.977652604285254,103.58088033184904,839.84254897588,17.071871466152036
0,34.544203443145925,182.4807316166122,898.664476422556,30.7003392324758
0,35.23876504052763,135.86626044546364,789.5701570636596,20.814549331924802
0,33.92915544293325,147.19091433782486,621.9509917541383,24.706397864476855
2,24.419021622160844,189.7738994262657,805.7814180820797,5.6698047604110675
0,34.1415888396986,111.38509294247251,711.6331800828309,25.998052092013914
0,33.56673169146347,108.08645444661026,659.6605551856361,30.470897737607377
0,34.45865965707865,132.49202020961985,773.3123186293403,27.395015716963794
0,34.43912624580836,181.15136553057948,663.0783621055231,20.69345210151446
0,35.25672487162107,104.41961773569473,737.3854427015851,35.89281086995831
0,34.815405842277386,65.03533205668293,851.60808823452,25.971667316691168
3,32.975813175670794,527.4420570795501,734.8341739246127,24.26329886689247
0,35.427046283167094,166.55222399732762,665.3254900361555,29.819627115277854
0,35.110516847762675,186.0078524921649,726.8441940576884,26.24725472965036
0,34.79104885173431,136.10515913743802,961.1499507155365,26.996140964696636
0,34.38675795057508,137.65720178651992,874.4600176600911,37.460919993003436
0,34.02028038163826,184.61702202767242,1111.2597559022813,23.624392858724768
3,33.62779322392895,456.51291501522894,818.0128173741527,23.41119552991302
0,35.044374309852095,138.34437674450973,971.6439602839909,25.58289256006232
3,35.88458630593461,559.5211944962529,561.2131449544198,30.357579677905193
3,35.543243528272185,572.4609360642517,776.3860351633423,17.467329849048006
0,34.255575289106865,134.70579920427352,792.0339797454634,15.172220542617474
0,33.940191283355496,151.03323035117523,717.3527294692626,22.06442364689926
0,34.570443123455604,75.35017939761032,825.2023010798792,16.830385204703564
0,33.61578031721857,130.25254762998455,941.7817301917225,22.87584326237181
0,34.66158385709239,163.60526137663402,875.1247386506318,27.51249848064645
0,34.42619870685066,120.53117897235961,668.2289297986911,20.54625568223868
0,34.26698174906588,151.7695266476879,911.368837038893,17.865867116093288
0,33.702648466366604,163.40617502408094,704.3618686886055,25.34668580857674
2,26.54080031970915,139.72352397426704,721.6683118964286,6.293815226922756
0,34.23364958016904,155.11391312989713,754.4974898784299,16.525132807416938
2,21.490249492869136,121.11802304146164,678.1133748264374,6.230348597458976
0,33.06386889335918,143.8016616091186,914.9364462560765,29.08653101869163
0,34.48624254747468,168.30648508767666,643.9709420276154,29.77042551078314
0,35.386125798334874,154.70918882905303,1091.77926114154,31.09240107435843
0,35.330629607273934,132.40406191308193,526.8370896058256,36.01006962329808
2,23.628711230241183,156.72649212872378,640.2332316745143,4.465861927071417
1,33.39778793963822,378.5843916254647,2611.0635669825224,25.54785790038929
2,26.40632276822507,88.50176164267566,758.431416643531,4.375342350127962
0,34.00080728040585,184.77222194867693,784.9286419142443,25.009884223779054
0,34.65089594990973,139.91235783956785,791.3913945497686,32.66436677818156
1,34.76608027838469,367.0195973296092,2623.165025598285,18.274927580346656
2,28.680799671652924,185.91740770935684,676.893052254232,3.708425491751637
3,33.89984592352005,481.4163151384767,839.3181257934906,31.885904682522806
0,34.39816312491152,128.7167699271736,925.9023671347403,30.10018253451045
0,34.06100870662172,141.34353912372885,930.9236526508452,23.18434176591461
1,33.17311964596014,318.64985915502285,2210.152982988875,29.272010005603597
0,34.38676055404924,202.04809727510425,788.0917363391445,26.706079212460168
3,34.36736550681618,507.16139530866036,669.9534051279296,32.50137304500494
2,27.74075387869975,133.33359661539401,599.4398624310534,5.111764390740159
0,34.098410524659826,156.1316709480893,854.024627591865,30.12816056936291
1,35.49268856895952,301.91401895695645,2338.706272666055,38.2100595524631
1,33.72887639895743,334.17277152974947,2696.621148955071,27.99049577523733
0,34.48931635282578,159.52359783750526,639.4712655658502,25.24664082897422
3,33.252788320852176,533.3569797808744,871.904061284182,28.612234926104897
0,33.28787986986353,147.19839423300155,665.5501012111907,23.173595708980574
2,27.652136189083148,134.12003662654888,721.9302337200436,8.581951558287098
0,34.868421948546214,104.56589072457699,918.7788965582101,25.900355188479907
2,24.15601732864536,159.64779634017717,642.9359569799888,4.59060001966173
0,34.533495358612434,202.64799214941723,927.8702965149425,20.82155497489982
0,34.75796960885205,150.55204892350315,615.6224603299376,30.486100958032193
3,32.437454143113456,561.2632058623775,845.2117699182561,29.335937064138694
0,34.23547366132685,170.78168265350578,802.1223897448638,22.513228142929535
0,34.897132339810916,111.92008510359904,710.538288804668,27.882256725612113
3,32.74571057683075,635.1257329064803,670.0818227572565,17.45722015893572
3,34.29355793216663,560.1164398211401,780.8919269392719,25.924852875365783
0,33.8217090976883,198.95570697267328,712.3317062224343,27.263781760383473
0,34.73321499121676,128.00901013428032,687.5963465865834,33.53664904779612
0,34.48217925885126,204.54185767673474,766.7695103624393,21.145905986356553
0,33.69243409204724,173.2546648210435,623.4556830845048,18.60823685598838
0,35.082369677228584,166.59120257557075,1073.0815861912724,20.52286019537479
0,34.132704211600974,157.02073363059444,715.0408113177915,18.317157498425402
1,33.189747562985616,340.058855277022,2749.485035854121,31.683286788794916
1,34.20056919723094,398.0212663389549,2562.8410250943316,32.743196475120186
1,35.14863734942872,355.61439479392186,2204.6397848554097,26.601082889744145
0,33.9920890905108,90.98790889238543,799.1067936180906,31.10647472842574
0,34.53083992492399,116.48440614878993,917.6004168966122,25.669791902901178
0,34.714408250165285,144.42462743421757,771.7607997370541,24.52444176149617
0,34.846552803631575,159.29996949496666,978.9669418776542,23.334811904731193
0,34.58822077763861,148.30234533300313,953.2273089172795,23.448045043112174
2,23.89891648275003,186.5691236938099,791.891485465833,2.678297665536453
0,34.08620488967564,91.46694407884125,731.0514841590505,26.321273818036694
0,34.54307194152319,154.3076380951548,638.0236328327769,24.798330448929782
0,33.963930494007194,95.46062323838535,707.9618591955808,28.72680362038938
1,31.078649516505394,380.3884918193667,2558.8722822000163,25.46761748219305
0,34.718279902078834,147.1662385667399,881.8680070298533,24.18648149215454
0,34.9519674205431,162.58829916072355,474.2642892859329,20.644034849961848
0,33.31853378222908,124.08351118230702,798.7830197582374,25.360766184108808
1,32.99026929529006,401.17859726631,2547.4267675969554,28.69118615408081
0,34.809577130502596,181.25173992176553,758.3683615526672,19.283305044580697
2,31.172486409135097,167.50632909035664,829.1273839015879,5.1312106305211085
1,34.02079370767541,344.8193101254624,2626.534022275261,26.16521475764742
0,34.13599852938543,167.39571855885396,996.5287862121345,21.409676081908678
0,34.40855177944758,128.79322296037952,767.6059219474652,22.06071847546
3,35.37487641914819,592.7777829510356,793.7477492506926,26.153054243831072
0,34.17701791043773,199.48442682971762,1045.259959179128,19.332894908536886
0,34.10040399667487,182.11831679937558,996.7540173908992,26.749618576246963
2,23.551769433453902,128.11192590577772,590.7858406571268,3.6569684395112
3,33.046671391741285,568.0708658636552,674.6323922457619,30.31426846516608
3,34.122670315994796,485.3429228120676,665.4835294550204,36.6891387269415
1,35.62467845846956,372.895612447027,2646.7763605228984,20.696215991490902
0,34.66153963655801,163.51810238587618,902.9530332521799,27.671039311873372
0,34.37382324893686,93.90550981403507,674.1660988961396,21.366290475589903
1,33.708188731084455,303.5286462435055,2520.351554175081,30.20477086898895
0,33.71840459565167,141.50583309768697,497.0109001765795,18.673707954573924
0,34.94155488857358,140.97420758577522,1016.2917508702835,27.402933792138562
3,33.922162802987195,489.52615322905973,648.7625759323306,20.635055165553236
0,34.409760043204685,161.6693618805655,808.3795909766745,23.965077054508157
0,36.09655378392243,157.54420826821536,753.5525429017908,19.844873624263464
0,34.64937645418284,144.17192604064442,971.9041362520122,29.111752354478767
0,34.12410447495241,127.32625499524912,400.0,20.815098227802064
0,34.286821201897226,181.4612137924969,797.5084486511137,27.759821296659137
0,35.074222854598375,199.66221339264885,784.1271863753453,23.279509858688336
0,34.55663520526888,135.49315548460388,731.9545418612475,24.427638141005687
0,33.78086101084131,131.63499248535538,1058.933981845345,25.738779537000642
1,34.9192289345752,369.64830661647983,2233.8011623432685,21.190876641705756
0,34.1659279572305,139.2591186075904,915.7694265853492,26.051835567704433
3,35.87329777621755,543.0301399668383,735.6252788706083,32.65167282177205
0,35.040024032857325,172.18959455174013,989.2278878803274,21.109526070836427
0,34.27633905217063,92.71931737478121,699.9216372833741,30.859050716369225
2,28.843049085205337,189.54906974558008,626.703110087624,7.247146450231677
0,34.533927755263704,152.18041572988025,964.4104861216098,20.91922505485978
3,34.85277367512222,529.425342771891,742.532130833011,17.724726974547238
0,34.742366408647236,147.32297537335654,568.2593979984862,26.509804500858824
3,33.15364334500913,548.121467751026,646.0694985536729,22.262962386165636
0,34.17822508384127,98.06396089665225,857.9573980772092,34.34301609581501
2,28.089882452743485,194.84814682359706,783.7764221546589,5.052211310749748
0,34.33261233394673,151.23976896811854,698.1154020210568,20.989002959824106
3,33.596351536758,572.1501065223688,408.5744010183059,19.264202444941443
0,34.022438710325325,178.54649311722127,878.483477860555,30.449524795454153
0,34.71179953279673,119.365126273191,616.9518965084036,22.144080129579066
3,36.062524919243145,573.6735949517614,498.2661201877589,25.21914399730214
0,33.966233542872864,141.9707672730362,400.0,29.779013725562404
0,34.51210972833638,175.4031232564948,922.0971290296611,22.578708240345847
0,35.206110277707715,86.18317738945514,819.2926175607449,24.770355856299197
0,34.46017930437714,147.02717099276194,766.1515428931623,24.9171579508874
0,34.72618589812487,131.91538032648114,1008.3536544444142,28.41662255758046
0,33.96880323592656,162.96788851902465,895.5987024534609,27.953721677551627
3,34.42830709720765,573.5022093684101,861.6300042721916,23.89943134372586
0,34.406427867497726,128.77122315533921,591.0896791749506,25.318245307482588
0,34.99286499783993,128.6347840747187,794.8174064069054,23.141104942382558
3,35.18738605156475,544.4667315721335,538.3286625051985,17.611937965402777
2,32.76869092605584,123.10073318054376,677.0617668144532,5.386401286097194
0,34.78981658660679,175.2595108635638,762.7076219349984,34.46095880416534
0,34.662898158291085,138.9237839865766,893.9920455894606,20.581404296544687
0,34.597192150788665,62.790353420350755,806.8345821712848,21.134851451986485
0,34.32341685359466,138.75533830134583,893.5110707419874,20.64636114178129
0,34.669241921730844,118.84368537468083,905.5160199708341,28.622958893615614
0,34.35229929493048,101.06172553617164,1123.2393016074714,27.2424272709822
0,34.58423048813481,112.87720085332282,752.7055017070813,24.207311537917718
0,35.15879876780398,153.2822541549891,658.8465949000431,20.409904691805174
3,32.99345743472036,616.4320414124115,724.6083615316409,25.46188395819962
3,35.139878561129045,565.659223693249,619.7719972860457,17.176889363320978
0,35.158557533669935,131.80489835352782,1022.2941152654804,25.717132834287465
0,34.44096573650446,163.6771258551211,757.5172941582151,29.35762193043967
0,33.4390725504957,136.22729069343023,715.1635448189014,18.74400431683161
2,23.176534038716703,129.16198892510567,652.8684278848882,2.7012225847555045
0,35.148497273280555,115.36911995301047,907.7626135207462,32.8971894584743
0,34.48856596885056,97.44513579744842,776.3379525152773,21.941201802477075
3,33.00069776770509,530.5038146720277,635.8333179869618,30.67973922971911
2,23.48567523631535,154.74160469760395,866.5351917623531,4.769003502203253
3,34.84062002650455,545.1688164992555,614.3830159338249,24.19022591529336
1,34.54673356820138,333.36132288210564,2510.669822209898,27.192063497483225
0,34.380533950415156,121.62761817909657,897.8459227415345,20.5800057162678
0,34.316587794092655,168.24738575054906,555.299733437439,25.662485717478226
3,33.608241850956176,484.14340400267076,748.0260501405925,23.092552925879538
2,22.23276944650449,173.28083741530426,594.4892324519551,3.019259834892453
0,35.30768784473472,119.93348943219826,923.4174171251004,26.687410373631995
0,34.33883976539433,127.42694287940895,655.6023482121535,23.68346096561042
0,35.108579260412746,105.99644428152969,903.9153547773291,24.214875857776462
2,29.563948155767356,134.9579355934309,810.5833066294713,3.184758584878763
3,34.99831089814796,598.765622923899,786.1436525632805,32.95700183881402
0,34.28418984364097,165.4688426533187,837.6974972357153,29.38357093193058
0,34.701865045168304,179.35266336084106,765.3048585605451,29.820779420859893
0,34.48790219680454,165.6642763780181,713.5370635497734,23.47277648779159
3,33.09629813926987,494.81650857348154,847.1034690817104,16.3540855524829
2,25.97307784516481,140.07632327017328,630.0504779832356,7.929376073734266
2,21.462880626520594,126.59402612647612,596.2933926430004,4.908353737991198
0,35.09383969423078,189.91724712117121,899.8053402549245,21.25600101989973
0,34.267691351350805,114.09634060721066,680.5794795220257,27.08400787241557
0,34.60057982793642,176.8109306816733,657.490475380081,30.835603940016487
0,34.64164393577307,176.78861610326308,583.4593606745352,24.88474721957267
2,24.22328507888777,204.8886060514826,651.7090160539483,6.917862751909062
2,26.760081404425826,137.70940222111508,691.7284976103507,6.624499907775302
3,33.52509634337748,585.6161079790081,724.3091727660699,19.61809406298971
3,34.87129729745725,664.0825918269421,795.1306244299483,21.631049471702617
0,33.82701015987663,131.4707496919891,879.0346885498691,29.787685816398838
1,34.12637957954641,288.59839009870564,2442.738334134046,11.43693718094781
3,35.938928999058284,455.99949830461185,680.180432362028,24.252721534175055
2,21.999006026183274,171.38136086583995,751.0157468915183,2.8537531975629924
0,34.16112751473757,93.5054937582425,990.8855244392854,22.617230992832376
0,34.75695392482946,138.83042841186233,818.94712992248,23.50589955485398
0,34.5897908909698,163.1193956111688,729.6303718684387,23.20877811046246
3,34.35063009927356,559.2587768414957,600.7133998914454,22.238693739436957
0,34.744593565073835,162.76334592552516,583.2192103381661,19.51428175185593
0,34.81736073428088,156.66869567402563,899.9404508065285,36.459556334093435
0,35.054849920978114,188.3659743994018,886.6967785459335,34.337310020806754
0,34.704909328464254,121.4305085778361,886.6045287659992,19.189670898718585
0,34.37937117269073,129.69014584624406,780.7010830471916,32.91058375651784
0,34.83628685060137,126.82021664187528,1011.0402118837626,23.002672547635736
0,35.44994096744761,174.90575435587832,727.3822258122773,25.64593736665855
0,34.43368312680872,177.0119576518519,943.2903855810808,24.68363020051542
1,33.02547069532936,368.0490127727403,2488.377131503137,21.70125679373017
0,35.053540334643486,185.50481000669782,708.7473852980994,29.919261718030732
2,24.638856508139206,114.65877397870858,759.2530307317761,5.1888297958649865
0,33.41366522699298,200.01672334653412,861.4454178025991,22.617242883903792
0,34.92371083857521,195.69715865136774,853.545913890039,18.47705278099764
2,23.394015442138233,172.0686599173724,708.1278422056199,3.6596074794213194
0,34.45473335884792,203.4539672631318,794.3160377424754,16.793099421989517
0,34.665990165284505,100.30130376966679,1158.2557989305658,25.061117742075847
0,34.59524983988953,134.26655591212045,977.638496779426,19.016672038578022
1,34.70945181713904,320.5878615727219,2716.8480684956535,23.672197437407295
0,34.282256814715076,171.6443797127203,816.7698737305083,31.850509268051855
1,34.513105798176085,307.9943704159142,2802.147160179001,30.996497864607928
0,34.370226661208044,172.72485448012458,877.6992164587177,24.838615529486912
0,34.869405240443754,191.1160843199014,803.9307129161053,24.56457636928425
0,34.807683742006525,170.85608700251998,754.4653512101128,34.39937274710504
0,34.032280648977704,158.51253070984504,787.8623993505968,27.603780601793556
0,35.042991058087516,120.36379977297753,400.0,23.360967700617387
0,34.232018277442975,124.59447101623905,831.5901258946462,17.86990941439774
0,34.90402889914057,187.4885671589,726.728587983446,26.969366090823716
3,34.36728731340134,588.9674501952666,859.2669998282884,29.146618862914313
0,35.41909183839756,148.82941441867368,802.9016106217631,21.841742377431782
0,34.388267008814076,137.46271362702328,621.6554870697557,26.456013775690163
1,33.650683203881805,268.9676850755449,2485.0359537615645,23.182133525424856
0,34.49029019705613,117.87442743946684,643.0818372406244,24.079838004004987
0,34.34841010858286,207.3425726141917,871.01111235687,12.560889712188343
2,27.39982570582615,111.586332869926,729.0947364339486,4.667327894425797
3,32.383689391563415,559.473991061054,795.7839631108268,29.846846512040273
0,33.97315879042682,180.22331919585596,681.3677312458152,21.84298722216721
3,32.932197078420806,487.2538665998854,703.4008096228147,25.26263184107658
0,34.975153795986785,155.5413142434325,595.2467306860046,21.2202464665404
0,35.355306686290966,178.13746612531966,905.2242172887072,26.802208381463863
0,34.447775390731266,150.37497965721752,877.8306770660183,23.917384012319133
3,33.831178276809986,693.4201527833384,749.5805021027571,20.303792296589965
0,34.53502608155659,99.94202223365414,800.2428547035412,31.66275733832564
0,35.080939151304094,181.76185589651635,862.2159336183187,29.644660067661075
0,34.036323432904716,144.81594787810607,1040.6508662462895,21.975466180359128
0,34.61918449136739,173.15760464510026,757.2358614436979,27.48894154708889
0,34.987598814891214,163.23921455097738,820.7967775565127,27.687060014101903
0,34.750547084969924,128.0053140867001,637.0810551227885,28.21150617505588
0,34.59479080829937,156.8698917737802,669.7608557602501,16.528720520024613
0,35.00052304628357,94.26295645805138,814.6719939639961,30.03303270516314
0,33.148383853500384,168.0974250171418,965.590032005286,22.15150518537134
0,34.838937659765456,158.94475397971576,761.5578763622641,23.210860332793665
0,34.172962158436285,169.15980505929306,764.6125206031815,38.189408761300996
0,33.58468355157177,181.7435497526145,738.9672133243438,26.50936690360506
2,26.53360779857494,161.02859520629133,646.5243329155677,4.420516286829237
0,35.18682927258148,154.4426825939483,844.2457183563232,13.97352813622047
0,34.431275742686154,123.56794990016124,575.4113532232034,31.948820669731777
0,34.97643727360147,128.63337709052848,992.1409365000092,18.273951645956988
0,35.306139128994324,185.60203860531993,700.1866552805809,19.98280548250248
0,35.157457226792026,193.09006217117934,908.2855228157212,23.343238504560755
0,35.3199822646857,142.8566869106384,609.5002103909186,32.08205895850146
0,34.87106374553595,151.38008241759823,900.3260195819328,28.866199933328797
0,34.53771681945079,122.86156875018702,900.7916911721746,24.2108124507987
0,33.69901709405141,185.18270535802336,857.6303108008844,26.541460318194105
0,34.376968755935025,169.96250471075336,650.8357217300312,21.99807153564447
0,34.078376702341906,208.23652309391247,837.4322284397116,25.698268447826756
0,35.585471358748904,123.65030768460784,622.5415722898416,25.366683723890684
0,34.41205709378383,138.65976302945347,762.0855117355723,29.843849478406767
0,34.56160240339224,156.94337767576718,954.4119651432989,29.835890612194746
0,34.77574268802023,169.3946861317731,919.5052890606113,27.469886911028226
0,34.52180122318623,143.52997087357102,802.2774413810649,23.18826221226949
1,35.695051040430755,315.081556381852,2207.5580272231473,28.70911147195063
0,34.18867531913278,176.44222586770712,896.838156826129,24.54015766898477
0,34.59730372761862,171.63406087636744,802.9071856547038,19.590428156434335
2,22.772588242905854,122.51177698308825,467.96844017695764,4.395068312133592
3,32.67997748877929,617.7721400552748,778.2629826316518,25.422634918921624
0,34.19411545454736,185.1059612758981,796.3650749195461,29.551078918323725
0,34.48148160147579,154.02889491743377,980.3676871974608,24.082359139214233
2,23.71209332644822,152.3879358712811,590.4729481157195,3.186201933140591
1,33.30757902012614,372.1623108446363,1546.9888560411998,25.283708416484096
0,33.79684126816408,124.14890789231225,841.8625787517777,25.567280200282763
0,34.45844721368565,150.90094437492246,843.734551502296,25.929188144513766
0,33.7476398129845,85.42849366172459,546.3992558590322,29.59935757977215
0,34.880027981844805,176.29366936508808,653.225068120009,30.094616200449494
0,34.54121987646725,103.15520332674421,1213.2826615579852,22.028945638091667
0,33.77122425026754,195.10259485286997,754.1584078769295,21.919282709755283
0,34.34539546147507,140.0963971810065,909.6438464564324,19.799006445222634
1,33.24784359440942,341.53332072275293,2304.8020517894847,28.494078351402383
0,34.65958725520959,131.16798281746483,486.4545651720265,32.244100541688574
0,35.17022522301157,141.3588337823377,774.4612629806142,23.424590360455383
1,32.12482753035425,406.7412538059215,2420.3186319141682,23.792847176375034
2,25.34507823744225,75.36574030394762,660.0121761331628,7.200173835348464
0,34.41993360221668,188.30896158264562,782.8038746740411,27.52778926607504
0,34.83567003822523,160.14070443305124,839.6402407468455,27.181178524005276
0,34.60659831411884,113.78935056428352,777.482457311929,19.045417470131365
0,34.12401533413059,117.74062820852286,610.3990748078954,28.393640346397095
0,34.34047303216669,200.29179081624608,872.9277187342908,20.354318297451208
0,34.10198707159825,121.63479360171806,507.59423670163653,19.32989907032521
0,35.0380035692993,115.39948468212123,492.44638140737,23.26614211616644
0,34.51065582433597,184.1194362709419,910.8770742052352,22.07103638275655
0,35.450595342876504,160.15658628857742,876.0530408203035,23.892001528074804
0,34.46966959309269,121.86223270390803,791.3906952388946,17.79509182737541
0,34.14579661654477,156.49874926213857,590.6827242867392,29.79408153233836
0,33.74314280369359,119.22741949079168,693.8133588988887,30.638431472582145
0,33.59843016187203,183.02464195267817,760.5879878470244,15.26328762929593
2,20.24759217098353,181.841128946194,540.4106031425887,6.4676867084998255
0,34.63356332550574,165.9601859646583,689.1457012965151,20.947356850891868
0,34.754362511614964,160.8498318374105,897.849550726502,29.28487768491393
1,32.41880929796787,420.44752499469496,2928.191609286765,24.657767536667922
0,34.94751915703806,149.99058982164675,737.0847871012174,25.14387782040499
0,34.25846947415828,114.54377623737597,913.4732531474148,24.074511752893905
0,34.573396505992775,163.4842173849692,512.8909894118799,31.06064602116743
0,35.306110314127714,212.5814114861134,898.9176861670417,18.802059937374857
1,34.896839315865535,309.4096202725659,2258.815475581756,28.039201693675043
0,34.36573467604708,139.15611699918043,846.1018425061955,30.506650824447753
0,34.05440388729236,162.4933811430436,762.8371372640436,28.581700402702054
0,33.42409229933535,148.38285452982782,998.0621014675751,36.62349457161709
0,34.14042334037879,120.53089258868056,668.8346527490123,22.355266186376504
0,34.394434880586154,183.6557356869141,894.1409446342747,29.786524112967655
0,34.00641023642441,219.60122166051778,758.07388050552,24.469546823292898
0,34.43437151645385,155.88394377071722,776.2541782985504,31.167030381763347
3,34.07685188295877,504.7965855132,681.614610684079,24.961555021393153
0,34.38757200909596,103.53118424839575,673.1490343258831,23.06062109068765
0,34.17499870958827,157.73927943663543,797.8851551139993,31.530361019358146
0,34.58432733598336,183.11632029948774,790.6027666817267,22.54219030490535
0,34.7209703247847,164.25503239486144,836.1860372610093,17.936371205497217
0,33.95480046127858,149.9278847724344,812.6757718539294,22.415765584130856
0,35.205466189873135,132.3218504463208,919.6991824418354,28.095164732942663
0,34.45070593385787,117.23509101845731,938.5262924071053,31.960193757935457
0,34.50942481147242,175.04253978974646,642.4065017258298,25.55564687648256
0,34.85410721162828,177.41314864156757,930.3158750886157,31.590985336170128
2,25.699648393790504,103.62810639927801,581.3663572890146,2.96273761778361
0,34.97656831695662,197.6951693454205,888.1783832206603,22.783682675910484
0,34.643562082600916,167.22213662682003,892.9608177054303,23.557124414229495
0,34.19378131267978,191.98783935437382,513.3024662506243,24.4272028626374
3,34.3615035252061,482.8936125757442,709.297924652941,25.420471941250984
0,33.928136896339666,109.02527533753684,729.7255829959527,28.454554786960962
0,34.554279852888264,145.53092070698108,686.1852113096937,22.77596580914755
3,33.96677000935554,575.1392213447597,835.0852330699006,25.69514343476563
2,24.37564942818238,203.8908246878089,634.6320859362581,4.932315664513922
2,24.61438746568321,171.18236741445395,619.362307088195,3.6111651441632753
0,33.55907547725118,142.719561695639,811.354241000764,24.431666554592823
0,34.22563754612952,119.20892377002323,902.8384619447625,24.281702350514408
0,34.54642245057056,186.9000171815745,778.752712098481,24.17459717498477
3,34.1598563919974,501.76472871246426,816.6370545669253,25.158797282907255
0,33.98616242953702,198.85405664316966,879.6463492946136,25.37836770306693
0,35.13285392043235,141.46846051180472,473.26830204028545,22.83852410446335
0,34.06691257589275,197.71746217853553,720.5799554739488,31.363573669856322
1,34.96945720052673,377.15725160237116,2331.4473701944903,19.152596853984917
0,34.71359718093584,145.89013531672626,871.9041430144133,21.39514945765052
0,34.176886345078096,134.4181088452162,406.27744154388324,38.899818121117775
0,35.387655446304755,139.7727636796176,1182.3514563076583,19.81004322505385
0,33.90318158412176,162.8495007712571,879.6539142341315,18.231226626451207
0,34.959577086805,152.3146948865315,822.3315205876537,28.67238372500609
0,35.00029115902149,132.18565775793886,977.2351574628719,14.61440073113063
0,34.16468989546168,145.03105769047104,1151.5481079218937,23.823630450137806
0,35.196232650032165,152.35731089157449,930.6119966882604,35.72912462538244
0,34.374976742700525,86.13797716755565,942.3219644707431,17.275320389233
0,34.64434681463993,163.74504344366096,819.6035036696574,15.090177571306434
0,34.63016091938561,120.6083632584958,778.7711369949577,17.50409399021151
0,34.432845629264726,115.40002790382765,728.6306833992649,29.49179784173493
0,34.90540413657989,99.37966958667869,676.0832012428186,30.623883599929062
0,34.89674436027611,96.18322506396329,696.9478850450754,22.437056015107455
0,33.62573401338091,109.33657490663131,597.4166053485525,28.416062020005345
0,35.15217012143908,128.72937127108528,788.6192823972465,31.95127663755995
3,32.337508011964324,647.6629568763284,531.5332422773613,33.93673207214913
0,35.01627310217083,134.22360972314388,828.6374786215566,23.76832359410076
2,28.38011541048275,155.33250318804093,696.3669391957658,1.5477924234950198
0,33.9545167848924,162.01444159518985,822.0402947580031,20.895605387951566
0,34.29459285602271,153.93195558647545,721.6802644970012,22.86597902532371
1,32.894295331514066,346.90226157096026,3423.058111054151,23.705306017108047
0,34.39253948485563,114.14118709202266,1004.0173850270469,24.0607029949564
0,34.34598285790713,193.52782644837635,613.3186249872915,30.594472989653347
0,34.88983026613467,204.21589930913655,834.9302131140347,31.372142133437908
0,35.1551543730598,99.52023917631942,708.7990785594014,24.141631730376083
3,35.395683810789954,498.79857045568104,598.5520273292586,30.492424380259095
2,23.313495920265094,141.6056897286898,565.9927928876065,5.536492049946634
3,33.790778126255475,501.77311025449046,743.2216690759254,25.32252986431286
0,33.658280903889526,165.17896660367595,697.7929647395639,29.53272078554982
1,33.19412993350381,320.8691119037355,2790.3478072075613,25.36126024118958
3,34.96485163309746,658.2528033903301,799.3782214530439,35.28905588548881
0,35.30779141177412,185.7164578303079,1006.0871577817175,17.807944166027205
0,33.88282556406004,156.37722091896646,672.1419850888844,22.42414550453991
1,33.40753574084711,391.0794505327893,2642.609683207603,24.36740551523025
0,34.48679712152054,183.17701273071927,894.8681324963451,27.197263452289953
2,25.84048347645882,133.0815753582527,652.5821824896035,6.901940730654633
0,34.095198240039174,125.51348266374106,684.2342063910687,24.878007163819216
1,34.42406104446409,353.1257225187859,2982.856199732792,17.888851752468966
0,34.26308032646454,175.84908373493832,834.124381359808,29.212569482275022
0,34.49277386456086,154.17181195960254,895.3951626067607,28.77479383070982
0,34.77314212400185,102.69010553427009,676.6885982258109,15.29070670310297
2,25.019266809432814,125.91526668147473,578.0715533477807,4.994293799493801
0,34.28180705473672,147.78081409216867,714.5825338261834,17.04929084659851
0,34.44519509803708,147.7300318702251,781.3967918915005,21.676744512489687
0,34.45581852039733,209.17626530369424,640.3669989773977,20.485955365186
2,23.889966910353618,108.42036172803006,699.0155191349617,6.213897047362979
0,34.37060196866645,165.16767725507623,546.724221789725,25.58415087086092
2,29.79594151151415,194.6733932498487,587.9952577530128,3.0716134988659585
0,34.78045972397062,218.14349236268387,900.6366872415313,29.400329814786712
0,34.35225984098542,137.86807730448118,890.5685780416841,17.830970880357928
0,34.84847720225537,164.74288358160598,741.21848519197,26.650568952354718
0,34.333090255121995,167.09281071595942,647.335353638457,20.92994665354222
1,35.17312463758664,357.8192692621316,2191.7789345421966,23.1716145873474
0,34.68482109609905,147.0346439628208,744.0097631088029,27.52135374019192
0,34.44634892799789,163.07926168500137,896.6777737467937,27.607246995297643
2,26.343150777430832,74.03261744340944,792.8245691344324,7.005453610333941
0,33.71456192396575,170.46208470187895,725.5202396777047,24.588731501642734
0,33.9366162655451,153.78533710985903,626.9761361022825,26.532254314816704
3,32.806074993600944,538.8762551610868,726.7843637866333,22.811313387978377
0,34.571471547381854,211.40586587158674,676.4697544061225,25.90994941311399
0,35.366257499742545,129.75197943628342,722.2621041708196,27.197430240042557
3,36.23130014619263,529.8462005467485,832.5276090437037,24.50845076272812
0,34.819025550720376,209.746599066142,924.0673142848652,15.981247579537518
0,34.75042223747223,125.0381608545043,823.6961468377177,26.657354481654476
0,33.59947113292363,133.49654151190384,609.2121498330916,26.822807386777285
1,33.45732620026598,344.118983062766,2563.4189702411977,21.599132618260246
0,34.10610812404588,175.22203446388647,959.398593618129,18.57806481963743
0,34.18957620087444,156.2340752205994,743.6549501351697,32.37939575251983
2,24.495568544245632,111.22123958543213,835.1114089986715,5.7371682663416035
1,33.52790942230287,328.71325747491244,2887.823586855462,23.854594845391453
0,33.510350094812104,131.77936700363367,1049.559924821521,19.314835584262564
0,34.87395512805877,147.68336864330863,845.7864689797029,20.890925857893272
0,33.963628487130094,162.77530975889488,888.1087549709018,31.51295198393116
1,34.23924686411115,366.7282302355189,2924.2561864993268,25.68830970434023
0,35.537041334874985,96.71964737854793,867.1090905603463,22.24706466499647
0,34.04030770420679,181.91822962682568,724.8148838314681,27.54844615612328
1,31.46971247725367,360.10275383986493,2365.4371490416415,20.928009062768382
2,24.14198733435967,191.5359614278172,723.8554953773739,7.251264545420567
0,35.05047981749929,163.32594981872015,606.4157867080672,31.764002674483628
2,30.87504236266178,183.03968873207288,685.6741084635808,4.300138893195835
0,33.88522520277379,163.9963593435038,964.4820677345381,21.856648764845698
2,26.490097669709566,190.38677268608245,480.8746148834719,1.0728002019615803
0,34.26734477160997,165.66751908053337,1030.1723152691773,17.59209614224316
0,34.447025822847934,147.06254260671287,968.356132805474,18.30265112521122
1,36.644343347017035,440.89738881787525,2362.070615250857,25.675951704936928
0,33.748514835802425,176.67111366839677,881.5086241807714,23.3688314777932
0,34.62686983074729,167.21233263013238,800.472159035949,18.273322562923795
1,34.46769317176543,298.94782333846655,2868.997110531605,23.594179787677213
1,35.08578632493935,298.4676953014585,2794.8049428309823,27.526685738236743
0,34.548991576735446,158.7814644642556,589.9893915225487,27.639196749577934
0,34.654025269752054,154.36563593304723,888.0893620196265,15.501648595705595
0,34.3041757162891,131.5763230497505,769.1558219535128,24.358682597580845
0,34.63456347062255,154.2294809883618,812.424885577715,18.08329611514195
0,34.32840386225129,197.65880784130786,690.7742148545277,29.50864348570137
0,34.81078594492803,170.86207423650896,1062.2205603681252,28.920732081767493
3,33.630389663956365,492.9495745123631,804.0061819902576,20.509863868377707
0,34.68855019695109,146.6547351857117,689.0343254040549,21.169773987998
0,34.48536859315751,125.85100557442317,599.8084089634651,22.693664747508464
0,35.06302512538608,138.36900250774318,742.1491053533227,13.736033026343303
3,33.94860627641151,529.3192167185179,743.4502646091306,26.679840867202884
0,33.61348376589656,135.67063252187984,836.0308765919334,23.635777268299346
0,35.130960750357,112.34593884079815,987.9699237152365,29.850875412839294
0,34.04713384956869,146.1703595544543,918.4879583271279,19.507953910187236
0,34.17311683067559,133.1817708945807,945.435353862936,21.90438525875034
0,34.20216935297825,62.11653929993196,849.0283100915656,17.467373709804423
2,29.123314279512453,211.5891607350499,561.070126978901,3.4935641547586203
3,31.864325786021304,604.4384827108336,680.4301468853099,19.090090019658906
0,36.068874266829994,138.71097825225013,959.0134609862998,29.979868394232227
0,35.028028404533025,150.56457149221796,792.2715607213031,21.508690756243038
3,34.22323891412916,491.41728263412193,750.3090368623747,25.620878423723067
1,33.94510599938371,417.82891511243463,2404.37550542616,23.096182980690976
0,34.64277703742883,206.91866084319335,645.5282227187232,18.652673669935936
0,34.76056121418967,154.70081184739573,781.4983903930835,24.158497884141788
0,34.82260779297503,180.70591932556033,846.3571164548981,27.995516659317975
0,34.77780223300172,155.2586033680177,701.6468420807835,18.96120303728324
1,34.08958068125525,296.5309824449628,2429.2866265429993,29.045563953656895
3,33.802661579692675,529.4088315518171,606.0536758014017,20.75139539261152
3,33.84872671634649,556.5963983385979,811.9244917564096,22.585080369635797
0,34.40254585982366,136.36356843769667,755.831636361795,27.65341561505024
0,35.066885048433534,143.4404016769489,1017.9133317689275,21.68281921390256
3,34.59355672228086,545.4300221245443,852.8747850540908,25.18787429667933
2,16.178834096007158,147.57364506403616,691.8954035278256,4.5279637568178615
0,34.82795038826488,151.5677547149245,648.7326901178976,25.646840033519094
3,34.19473619471877,496.96974668017,491.4102122266663,13.096304472382513
2,24.943873730662308,128.4895155261619,552.7962926973208,2.2554772771878757
0,34.305740773455554,111.46247202900092,593.924776265201,28.07983503023419
0,35.06205635999301,179.334466490586,1006.7704441192257,30.185907028245254
0,34.973763231061426,86.83059174479027,817.3736880840419,20.447566482342395
0,34.113561166088196,184.60771029950777,858.4406786137981,23.77985823914433
0,34.703526143562264,191.5904819178853,466.9368486597311,26.473596264511507
2,22.08502979637614,140.93458239052137,580.2033570782738,6.039826402488057
0,33.81019091760553,71.90588736518104,933.0619664669431,14.861613641645757
0,34.186641387705016,139.1606831409813,843.0161168573879,20.569798765108114
0,34.93119673619138,148.0744751613354,777.9192081971604,23.337103100750625
0,34.97656252268804,119.6820534021326,884.7263537900184,28.515700986180246
3,34.51308542009729,524.2390803095878,863.5797806135815,37.492152418607475
0,34.862547893424,195.90585596590054,766.8436304694424,23.85997136595141
0,34.75808914355748,169.94781486905222,810.4054703987105,17.96511268948006
1,33.35851840477705,313.017435424876,2557.7790756193917,27.01134038600649
0,34.71596127233697,102.07202491213704,1158.816445291099,31.60497894770355
0,34.90020476261384,140.18948047170687,485.0965603371462,25.540070604897505
0,34.877145664906784,143.59629661948685,902.4834522183212,20.466757274228534
0,35.09445668573732,164.8859756208995,782.7796626861405,29.789969707400097
0,34.85415192360053,133.94049862297024,885.015758927627,28.317728092492175
0,34.67572410377079,165.34498726085585,701.3941169007913,19.86959577902188
0,35.035075119158215,208.05462120180687,792.6552453712325,26.90712808767171
3,33.97347874075094,590.7750511222131,771.1410579465495,29.986327838294365
0,34.05906267438614,148.55734478007682,1266.9365301565763,30.909450212794468
0,34.41846651802812,144.50548586840117,921.2054284103107,24.66775512345272
0,34.12754867759678,139.29980597460386,672.7901602954237,23.209602769103405
0,34.16241086251281,185.41922737356435,736.4360476965945,31.136369110406314
0,34.42774066464224,131.18059662146092,731.9878837424219,18.949197485095574
0,34.10379003950002,151.35668126999948,530.6535241054978,27.192896454605027
3,33.69203847036096,552.5598950940542,666.9909808298563,18.149866863177856
0,33.55319266652311,134.94647421565404,909.9243622732617,30.326881361298014
0,34.60664685368647,108.82603356347698,608.8651821384807,23.709772421944194
0,34.50060273768111,159.68923510853006,957.2723976575888,31.342916178237346
3,33.18291136893181,546.9498014072308,748.7774821084338,27.457063781777634
0,34.8296228342162,165.0072140830971,689.8650017043443,18.88389884969035
0,34.96878506881328,133.991990806825,778.7705543993229,32.12313866038622
0,33.69622006781551,186.62463896439144,1039.748271146155,32.756226332138645
1,33.237275221433784,314.92904875152624,2720.0643440517597,29.41143246299608
0,34.11542882510635,201.36120852053676,801.3175482347222,21.1920606748189
2,22.180290696673406,97.57090470515215,676.2316683039015,4.540979068463887
0,34.91473742096587,163.04310193670673,811.491360567749,25.727136087028796
0,34.4030869306136,164.2629204757987,723.2354663086545,21.481448003342834
0,34.36774257934469,126.13328796177353,484.2875741421478,33.461732862316026
0,33.49806881779662,162.73181813583037,1106.3266865802098,25.721632358630185
0,34.81770901510461,188.38556009280478,823.2987498799102,11.483259764463213
0,33.88037080257326,83.49543481937806,859.7220897683806,26.6967790637811
1,34.05993263026633,370.1097922996326,2482.6276750369275,23.259213015913435
0,34.6386884689791,75.20187539009767,689.7324798913119,24.62536721940776
0,35.18032929791933,121.03005589430376,772.1113278576844,23.1569031710715
0,33.84558980044044,198.87499094702835,560.0907856708533,29.035232083033435
0,32.99024392208959,132.5465389982384,1141.5629747079956,30.598438892766907
0,34.59192477237685,114.78360106773081,614.8232002366406,26.415265811293267
0,35.40025559075543,144.06186813045954,645.2050574229231,23.303444064309204
0,35.11947317646972,212.03719014490656,733.96111934204,24.79331397595415
2,25.628978245823877,95.04953258381921,828.8075724852378,5.029399424866442
3,33.508363814367954,497.43450441803276,701.4508999262654,20.987849800675818
0,34.90356129831866,194.9229504953888,614.5796305954307,27.894643242856173
0,34.013226900147764,205.73107030613198,988.1507541136009,27.30021161930233
0,34.738178884678106,146.89706327129147,909.6500940178222,32.70220619888337
0,34.75273507958331,112.82841892420072,880.7652435824679,31.276748901442375
0,35.030104953749436,212.87530505427478,907.360136175626,21.57162541204935
0,35.87983001945554,197.8332717524759,1159.1542850873675,29.101491872544823
1,34.39241596717876,377.1578795104893,3155.5284685108336,20.24523308452764
0,34.24551818714625,125.6279295318774,696.9926985495057,28.47966050470425
0,34.487212843904004,148.52911977485888,1043.5827489216729,22.41692900619946
0,33.61546204755544,145.1891975686551,857.475228463835,19.883733883122076
0,34.15264343445547,159.92553913846734,874.8643724206624,26.400226713487022
0,34.295358780943445,193.53004314394008,546.1593752535007,11.627164359229296
0,34.237955801032705,176.3825112341221,774.4421351917706,16.245122127973858
0,34.57617743601686,117.67871769045726,678.0764614495153,24.112540581128584
1,33.1775800676178,405.0598580007815,2748.417644467993,25.412208833174212
0,35.06051533366224,159.39396420039466,960.6620750604208,23.153406149209054
0,34.5001035324591,170.6119738757675,488.8270473475533,17.102818506412007
0,34.495349839430695,193.99622577835808,796.6947703993594,20.910540789307472
0,34.33605264174354,116.65259251459347,968.2792257191378,26.95604663618697
0,34.57759534192949,148.9252326388061,771.9981556529832,27.908908853141813
1,34.82509826466764,328.7418179456314,2718.7190935007093,24.918884412020294
2,22.3986093528673,102.96421723903632,735.1165467627084,6.735250671555484
2,23.02565053277423,160.4012993281476,734.1660231952626,5.5960955351888515
0,34.34813698561167,225.3466965475327,759.3027532897554,21.262721730208938
0,33.82706453826339,94.79766766482742,617.5128793796436,23.597489732941913
0,34.09037107013925,149.03158166851588,631.7704778862459,17.985669213960726
0,34.26188956322767,169.21628805224321,906.4028771682976,24.459305048042918
2,27.623167542138184,153.69234604968543,701.9458255518883,6.6681509288320076
0,34.63128066450096,146.6061584245278,779.2231633089162,28.42645042355484
0,34.59679495568377,111.02350909662528,736.4164936516471,32.01004662959561
0,34.92544898108399,156.9836022882049,754.2216731778873,23.485573781005034
0,34.431314105800304,127.2970806895222,957.0367691732209,31.73049897257129
0,34.695232424964445,84.3023488506434,749.713387719796,24.033478867760152
0,34.44838912353375,185.8377666154119,598.8402930047647,32.35792541284947
0,34.63268117469981,178.75157459526127,911.547766331026,24.890716262789383
2,23.251724027165253,151.5498293055324,679.5123336135283,6.060847060706415
2,17.683548525170714,156.87224064617106,703.1395865532777,7.2126685464647835
0,34.43286041890685,182.22954038146685,1041.1367459599264,24.032861857093973
0,35.21137406804997,156.7301897033425,796.9159163974239,26.09194493772087
0,34.9631077011208,177.12052664283942,843.3775509678088,31.44431712603151
0,34.98269874229558,141.0755339737845,623.1614763052512,24.334984180349682
0,35.11806536090311,189.3595121572184,767.049582147356,18.395538587469193
0,34.544328795480716,159.62357177798052,891.4289067812902,35.71503527292455
0,34.5986578537028,155.8215583081762,566.6939399238137,22.651177678314316
0,34.191174052282825,111.89816733863904,830.1267639673564,25.793780254687714
0,34.341963571986476,158.60867562905128,815.1186608967209,30.780033347255635
0,34.80788557488557,125.04135247516646,806.1931183381159,21.95753048134399
3,35.20388443716882,518.0858636735753,803.7158898658244,19.96066043388935
1,33.860553724319,317.38497486735514,2600.3315544545567,26.268686483874166
0,34.27490536757429,118.01295204302325,1021.7107847534667,16.034618010438052
2,25.001583876569793,213.74314209050885,600.6410484405964,4.56814088469812
0,34.80060337446456,189.94017185965208,820.3886850827522,26.22519332157703
2,20.668435551599373,207.61102506432783,708.4466786389947,4.595072154762254
1,31.703819046862762,301.08419921777744,2179.2236518734762,17.282745284071265
0,34.22473157525421,152.13761249732678,943.4442503137019,32.97088978102006
0,33.88964378704292,111.19477124387713,1148.7009958779227,25.517690769745876
0,34.245929901176346,129.12915368408807,797.4490888274254,32.155760588808704
0,34.426109840591266,122.45619049750275,875.7531632410651,23.699818749097776
0,34.27337579548849,187.18752019324685,812.677771372299,20.59994009154618
0,35.22623376723537,138.11310965694722,692.9622995139237,26.345904601275798
0,34.66337238230116,182.05138001082048,526.8859583296976,23.921064368358902
2,25.901423078832487,168.12362668765553,629.4226516904635,3.233357813012963
3,34.6222071440434,665.1819376052395,560.8041619048269,32.34892129393748
0,33.93058344110962,105.61667330580828,1055.6153117088677,21.88864888553002
0,35.019555893710134,187.77699719360396,782.7335459115142,15.798668076022157
0,34.46211785673227,184.39322611202184,748.1121006429244,31.64083026978666
0,34.835240308620605,120.79863485918897,933.3730737181709,22.478509920936883
3,32.928142766959844,600.356666823658,587.8248897144113,21.960880536921877
0,33.72312061699197,160.08434889078686,684.9703942993171,16.17306206485013
0,34.90894482901251,143.17571220139777,810.2108403872932,33.704707432984954
0,34.68820476304876,125.28193539084,954.3153487135221,18.552597063951563
0,34.04897422282124,128.42671645652442,875.2527567753182,25.29224740352825
0,34.06516845936265,211.49436287357778,837.2487713773824,29.5631016127022
2,28.376304353244308,150.02048456872447,707.8117735236017,5.6325753995046455
0,33.90529405356634,173.46390004594377,860.0353783290162,24.70172844003904
0,35.321336476627984,126.27301854997341,830.2479357693882,16.49167070856292
0,34.04968963267606,126.60441161335083,645.5041587834596,20.95137582116358
3,34.63839192560838,604.0992404624972,704.6079221633152,25.93900169021261
2,24.014144572753047,109.51271365345403,592.6311341082247,3.8192388950195055
0,34.80159371554117,137.54358696284186,812.1623814351235,26.01679729999384
0,34.2279429989429,151.02082233216697,727.9028087767638,28.408717044075708
0,34.41860354696385,153.34117805520157,1180.907243417429,29.812514429000508
0,34.52045958769786,144.62720144951533,794.0158424372432,18.869103210936583
3,32.997812544218526,569.7909890547961,559.5760433738411,35.98323027489477
0,34.87041217271006,170.78567267453434,779.8729683984614,28.837396722770652
0,34.243393216764204,172.0391263637799,877.9038118456832,24.99142923165468
0,34.385700042329994,120.4258857399652,1051.0045919228785,30.447682915383204
0,34.00282531269574,141.47534706213608,711.5821400091922,36.82703885999987
0,33.218833170602345,185.84288585630813,562.635803896454,17.806399494715652
1,33.80897223739983,385.7858875029549,2745.0511034292945,23.87368678754323
0,35.706307710806456,108.81421645556807,592.9101941150523,13.107841700633358
0,34.89230214394901,160.54439701056606,734.5766837738772,25.963257663240125
0,34.490369810132805,90.65324251875569,761.3569271733509,26.826971209625704
0,34.36855458539586,151.4080470618111,789.5549820049838,24.8041894227862
0,34.511232946406025,206.93301050237932,903.3746685611503,21.72733214500845
0,34.7735595575876,121.56321848193042,697.4548576570419,14.752427419058375
1,32.81918718469115,316.6270781803367,2417.881224349972,26.867668417058844
0,35.05716084733444,172.9208934471858,797.8594470575918,32.27717241957662
0,34.857690657720624,103.71595454371062,822.4396936278182,22.04490772133284
0,34.85909286285397,131.01734910344882,814.6740762061884,27.200299645115724
0,34.719237869404864,167.8932341274526,865.4008662833869,17.159278432899747
3,34.01961665769399,518.2857076155299,784.3839509641737,27.28606531846257
1,34.67286123596682,340.56120051156114,2617.7902346952906,23.033088511276716
0,34.79590706687069,172.32557130945105,868.0378285263828,21.187910246985428
0,34.32297964452949,162.64638250609684,562.6665249880284,21.198181793919346
0,34.213199113551546,158.00455188886207,807.5341548748521,23.03194208983495
0,34.55092814763099,139.82633162189885,871.9261322002413,26.912166578462678
0,35.27451007574759,161.10183345806865,909.3411791855675,18.43918399402241
0,33.88044646217305,146.2880195970073,696.1473838649308,23.014423342160736
0,33.76623736712378,163.73416829777355,701.1441087667033,24.79264111000426
0,34.58238042061826,135.09203924646064,713.8848987074603,19.504803877340706
1,34.05088770185602,342.69724102481837,2660.924169967403,33.98332600837509
0,34.586670832185206,120.30126622343958,955.0821582386313,20.73252259969329
0,34.62197659895425,148.9497716998129,738.8809839062598,21.652815431832547
1,33.776797745365194,317.5599654548462,2772.388694088115,20.10846025088751
0,35.24493171930104,116.5786064951402,818.5219713746891,33.992400435690584
0,33.699548010761745,157.75983443566165,781.3571334256345,27.764526142997408
0,34.085751487609876,156.3821932757298,768.2923655273047,20.31703996878179
0,34.44837261992548,173.48621204845716,911.9917046903236,30.531157794299844
2,20.0704335665375,137.06623291274704,732.557781678707,5.301048041433317
1,33.82414559556793,366.32211387347024,3182.747628294291,26.28626710555751
0,35.33073508286401,166.5239271682099,672.1663035504014,23.277613956237737
0,34.51044324414798,163.34321423494785,877.7152553044964,21.252920065215132
0,34.61535045285934,125.23038951593574,720.6198485282731,26.688830495273006
0,33.86991761741371,154.48090446813566,669.6069519517034,22.274563850022048
0,34.19181929598026,160.92420888163983,798.3699294447542,34.08377814787552
3,33.624803619676065,550.3589233453971,713.7352479407036,18.65354447378448
0,34.341142451621884,87.40567024886747,1237.726033259014,32.68078386427473
3,35.28164379500377,558.024481198674,681.5854184316798,24.443405756010996
0,34.77884553036256,216.37593118191728,630.4731905772975,26.49542867010553
0,33.944271021531485,139.19882193729052,840.9516076241579,29.165788833147175
0,34.623252389216,128.15768706434037,488.80399436804475,21.84875352497782
2,26.494665245490356,161.20045679134194,690.8043217395734,6.296372577047955
1,35.140149038521265,362.4951284186629,2504.807584688548,11.462280723094114
2,29.741622059705122,185.78205496249242,779.4600382945212,3.920015700167091
0,33.992452904086065,112.26395532273337,946.043337414177,20.379685963294673
0,34.09457124439483,171.94140757724978,724.4645571638424,18.732469938141193
2,21.22726642325615,167.71266183754392,684.9385985370067,4.677567742881573
0,34.38299007044651,145.73560389178363,685.0818754083994,26.928749840908473
0,34.733179187223165,160.1606195376507,630.7906167788459,28.513299992496528
0,34.99366725829455,180.88372444795073,846.4842169070952,26.204383786002037
3,33.924048976357476,593.6157690014226,572.6414451403401,21.671532675532266
3,33.68015247674516,492.8490343963136,658.5373099428136,26.845082189125836
0,34.57587899612437,174.60474560266454,650.7239060151144,25.62142847425425
1,33.16485709836998,347.4124557986993,2664.904955887078,29.68028083968008
3,36.08953872169477,553.6437049007758,880.1430099266488,28.88468351465758
0,33.69616948644097,152.19590973005083,604.7618025795003,25.152382069603146
0,34.592370289447864,145.4927103360522,522.0472275653647,20.513734969193717
3,36.02360621922964,609.5853748553533,687.5113114649932,21.735249220839595
0,34.503399922279996,147.48846120452365,802.3546693936638,22.25105320180983
0,34.404980482499255,116.41361614850494,832.7988960135947,23.42366833041872
0,34.321277288594786,138.19410432090814,733.0519227148483,26.340252137948767
3,33.81960831823759,558.9347358405238,679.9360701174568,28.57587195064029
3,35.37284847467653,611.4607392148525,736.7510410540602,24.74440653492311
3,31.788138088670493,580.1547342474416,804.0430892644839,25.080623939502363
0,35.266716850648166,124.48394163758869,506.74268445225755,25.71653152500002
2,20.728128542649564,224.55569750036676,663.1060560968538,4.2261420303014905
2,24.200043012296756,157.94325932933938,721.3808793941064,3.611911613535566
0,34.28537778985067,188.26172213997046,662.3035843083896,16.22281051344645
2,26.765659809312158,145.44856699268314,873.11696317673,3.957275962884691
0,33.70093782405812,166.00077734116348,704.6885179656895,27.365727266338936
0,34.73108633304097,175.18405513555214,793.8060969489076,21.485442809802162
0,35.51215481164343,186.5458413526277,883.4033145263436,23.810964812870303
0,33.8184129977036,181.72104916134674,711.3072816797159,27.332156437061585
0,34.5948530838052,176.16591000218932,523.0140428293374,27.603447482113342
0,34.1690089111017,140.54739806417675,735.7018209625201,19.602335739169803
0,34.71294360309652,132.84761874131817,954.4160833890561,29.985296782268207
1,34.01914777741575,363.3043004129679,2398.9314619644583,30.636750446777427
0,34.17925654547785,177.99384217023209,673.0348547811532,19.350750713907203
0,34.74393614243554,143.31837897670178,938.8508314254083,20.88081565179423
0,35.40217405489337,181.9551589714316,750.383765596542,30.955453415730958
1,33.8090962082727,408.10466981944717,2346.951755904935,24.265732393723496
0,34.85987897107409,122.5103724277974,822.4184134494965,13.901110262740746
0,33.853363521064416,124.8923788861116,915.6125314428181,18.00159247633657
2,22.130690869545973,145.7887482328399,938.1713531732546,4.625945562241278
0,34.73620313894019,159.2283800456759,924.0854161486135,19.18478674857699
0,35.24205801426798,134.26298958698848,973.9759949582517,22.93288114681779
0,34.67780667439283,190.56608036601432,724.1050701518217,25.161981068417894
2,24.060825908430537,162.72200584555353,597.4131894030523,7.193381906052093
0,34.499645702711675,151.1834114472222,809.3497024428684,23.547730418861054
2,21.248776798090848,106.92271428394417,710.7169915259597,6.608812699359138
0,34.802257663177684,110.52552550717479,638.2230887953104,32.143800810183855
3,34.88233306232341,564.0504625140903,682.4705470095987,32.17154834676038
1,33.54790966716692,264.6961749538066,2619.7952805157393,26.423772966927842
3,33.5299578522405,600.6318704822036,736.0393395018081,15.18355426080513
0,34.63293911482602,145.2553846688304,875.6431780076408,27.304124327019327
1,33.563280263959406,479.7237187837893,2587.289419041233,30.241999439067705
0,34.466933692687086,219.2374875184833,723.9487011094916,24.594664472822913
0,35.549860894583254,144.5565279225745,722.9149060026735,33.722919350376245
0,34.376487149627,146.80988992406054,620.1572903009186,29.299167807337287
2,23.924979543936335,179.8674454200609,878.4775039185095,5.852410065729177
3,33.35245819436484,635.1586304959019,701.3450364619293,30.43190355602919
1,34.74419197149994,284.4788377025593,2432.5440832615445,26.666849256304392
0,34.40938791339095,96.40873603935941,660.6811877821312,12.535947503023232
0,34.175313480839286,131.33895583336857,1240.3486853491668,22.504305242648172
1,35.32130403227301,373.3095033269546,2178.0015903331314,30.98584013623927
0,35.209801502256816,164.9062077152279,735.672811159089,20.96204329950852
0,34.199788217130646,182.0931436495155,862.3755254429091,23.882637473815304
0,33.56673002431969,114.00907414904076,890.0319448616417,19.775818430484644
0,35.00375684491846,80.5156841109337,943.6898082823526,33.91961297600884
0,34.15768508712,175.74042585906437,1071.1412761653894,33.40746228709008
0,34.89531279958138,125.15411181104297,875.9236483191069,20.580655524296354
0,33.514948091144085,89.44536406834087,641.5953800049999,25.73649000194542
0,34.946298669149655,154.35191237878144,761.4582312317327,21.59752976117976
3,32.78882807071922,589.6587844109339,730.7832372513885,28.074723195156892
0,34.86538205953326,146.3382860363617,1110.2339062258736,27.548415386211644
0,34.507136533918214,136.26454841452534,590.3291782363555,29.058527858066327
0,34.023030290301676,145.2191330356228,980.3864757837841,26.659592238539435
0,34.29648184353661,138.8825171279765,826.9871554319625,39.67703103194234
3,34.6863184569567,482.59764440299165,783.7830535229481,19.860381174946305
1,34.10589445311523,321.41277292038274,2469.4015850092205,16.446983227817427
0,34.79220649023624,165.63839715041445,673.635105481051,23.034548996492692
0,35.48822029225774,159.65035624129501,912.6309169101999,17.160058672198662
2,20.307275164866844,155.0417941790046,765.4431027105621,2.7613065949910105
3,35.617212574968626,500.242575907331,797.2056965739722,19.993426729010167
0,34.552177968761605,144.55490513593,798.0043046932047,20.38905547284186
0,34.05060797583844,84.68804860671436,710.0266965020226,20.2269094902497
0,33.8348431871305,155.3542999165617,566.1819507464238,27.591094752227058
3,33.810879609222965,621.4428853906784,781.9373268139407,22.46905469457332
0,34.96082505596223,105.77603603873683,863.5834223665979,24.1024271256376
3,33.87245087962246,520.7036163341122,603.4217367136041,29.471163872504675
0,35.25557746512367,159.8732033613039,719.2139490055064,21.16838737609287
0,33.77441215497422,187.5852790328245,729.986178207284,23.67727050647639
0,34.493955526076974,136.55326151099553,577.5523352026373,26.828799930464577
0,33.87380327779344,129.2324901220231,677.3476405092299,15.292160996898893
0,34.681815941312486,90.9323057275175,629.9254464790469,13.075472455247088
0,34.94344369504865,153.1031438792432,738.1281482168094,26.730586643988612
0,34.289619103159474,211.26228120431233,689.1953752505656,27.460071402834494
1,31.395786143372867,361.094338478587,2011.8985237399754,35.321100674262055
0,34.59947407339825,149.3316306244886,1103.3885345854223,25.79047437933405
0,34.718369275866756,159.66246932300956,987.8811096543845,29.098698586290475
3,34.4042947549617,549.4453998025699,622.0980578480014,24.02263678207013
2,28.707346575466463,125.6095688321961,727.242139665361,5.4458408323776295
3,32.92894632035095,591.1639957838853,741.7465089821295,33.33628420874767
3,34.68021610545045,561.2880761555878,819.1085854773477,14.380035909371822
0,35.09625375623899,150.52839755800971,677.2092460009882,27.0680812878584
0,33.61070620799674,120.73901918165251,963.816017597364,35.677933650386834
1,34.319651825918974,402.14031727739035,2335.6284087379195,26.410171096046714
0,34.24791008449616,169.9410823599933,599.6206393747079,33.25286481616424
0,34.45923866344918,133.41237487898093,908.6204838971746,21.853939252352788
2,26.04302945061501,180.05474561045813,829.0758424122428,4.95192875875443
0,34.256385717943225,135.07287484844377,1188.1863460296026,25.16762351194294
0,34.162145960419195,126.5398952246689,620.041210236468,13.912044603206146
0,34.517076208744015,127.20890647559139,904.8379527621183,19.159110860749
0,33.956377030568596,96.86794340735727,738.5298134309701,19.51562460308007
0,33.957087435557405,164.14627141254618,917.5038065786047,29.110330390162638
0,34.83968664147825,95.0656536498495,579.4265673153125,29.360765528420274
2,21.55361789452403,113.14668506202713,573.7230224301436,5.4860546640598
0,34.83315625045461,87.732359727644,683.6187765250274,29.12051448427853
0,34.73129564642698,147.41790921627322,811.8446068502127,24.17925293639113
2,19.82257981362821,145.49038619184384,635.8918733461644,6.802897504309315
3,33.322435347664346,533.6651893406818,765.9054343913419,25.04394221316036
2,28.58232820914212,118.72266915988271,802.6894618257915,5.086796071140134
2,22.056503406580955,114.83298739690079,759.9577541245355,4.601611050106383
0,34.26779786884531,163.93109590639722,1042.8181459491302,28.422252388182137
0,34.73103044662595,133.48344204874536,862.3739944183014,22.894005916935434
0,34.8916952546413,159.49074964608434,617.4654934489749,29.88215688599034
0,34.37423055697775,123.44253941627332,1004.506477030751,19.339254296419966
0,34.20124490265418,155.43188228313247,709.2265646591004,19.505418726359032
0,35.21118493084926,189.09834111948192,936.5627749528355,28.43713377563252
1,35.73889966379758,373.4466320157113,2972.120264966532,24.557278927084937
0,34.9894290253909,137.6275854535056,868.5032016095599,22.73054291923436
0,34.542659071282515,157.71596911067783,575.5761780253025,29.450288662377297
0,34.09586713917954,142.78004476409362,662.2681750235313,21.96369292956958
0,34.08477779672172,150.23640554084184,998.4116700327703,23.99899372849815
0,34.76125705263288,140.2316684355449,774.6315971535776,31.996139750355795
2,26.25519466266605,145.06994382343825,707.9573534942166,7.308713518715976
0,35.200799296473214,156.36280059222526,913.8236624245415,32.86199105135164
0,34.825225046268066,120.19923901254148,904.4484293120486,23.589371115330444
0,33.74845984912009,119.52363519030065,841.8199718578192,31.15351452492235
2,28.155842853168757,108.34372338506367,679.1331628779534,3.576570758346983
0,34.00096968634279,101.9918668648887,753.0997331401464,20.465485626389693
0,34.308014364023826,113.48151923338563,928.6848237937014,13.247720736878195
0,34.625100103125845,154.7838752041239,883.035429660169,33.36434100949265
0,35.497833744891985,123.21637453524347,761.4049999073316,20.68010075461961
2,34.329755668016084,165.4084339269329,808.211231299314,4.81020113037941
1,34.606723059136186,351.38854995010246,2461.2897654610647,20.44837829035858
0,34.408401690639806,90.94487359685839,672.250673849841,28.4758262416507
2,26.60351694544165,169.6492675266507,624.1029301096655,4.4365495089239895
2,27.662966277621507,174.32395936775129,602.1259163690233,3.042774664350576
1,33.67933237444281,310.2454930066059,2418.276995018894,27.208312820930303
2,30.385634067736966,162.60574628684975,823.3724278336193,2.849404962784657
0,34.6150353795957,124.30505287772402,679.2357228454237,20.812971373422542
0,34.7488715445457,152.93011130245006,828.2713641527155,14.465554426869595
0,34.83296212602723,112.06504779135103,701.496598155888,17.880209439011967
1,34.421586610614455,278.27574189861696,2421.9072876185687,25.89264584860239
0,34.91947025023481,138.51548431161095,573.4938182022122,15.177319809485377
2,23.14824044035923,146.28813161175492,677.9461770843462,2.7782814130674263
2,23.32509473816191,138.06960919156188,680.6294620195038,4.996446625800788
0,33.949922883514155,114.47908325332321,881.0431916053543,22.281965519534737
2,26.31850369186068,138.0030281360659,722.328091325537,7.988054953938963
0,34.88946825175606,158.07884257742202,620.2411812571931,34.16948273012188
0,34.72888643307594,148.65320909632388,962.6297366065314,20.66038768624423
1,35.67449243334754,357.30004122396855,2563.090912066599,27.78568809201741
0,34.497201990585474,129.89654398637302,829.759027576623,28.746412784397258
2,27.006224966777538,185.15153744148478,699.0817646614861,4.103781712963395
2,21.724897371582056,114.71479990335658,648.2242552777781,2.756687695252694
0,34.3064501487628,164.62680891260155,832.6703509623089,24.938507753459714
0,34.84776887878289,185.45673278879883,871.3382653892874,24.135771625929447
0,34.92455105537157,164.42724278246686,537.9656462981668,22.821177515146903
0,34.353016526167906,143.9242731880551,719.1858743980856,27.211584340822426
3,33.92840074814193,523.5851476668511,674.5053029596411,21.246351964972007
0,33.7410631266596,181.08262953138768,838.4255908541418,19.240012262104287
0,34.321485399596696,107.31075224214982,978.9966508890689,25.545414851749157
0,34.94519158175989,120.8962721886107,684.2388778104827,26.929850462844378
0,34.78760250805328,138.07326703524836,725.3057229773237,19.116775280499734
1,34.50066572138121,399.50615030047993,2346.239766806035,29.640453054955405
0,34.52488684359048,161.39302908122687,679.7708614843187,16.14759431111961
1,34.00706315862818,311.27816965959016,2395.844051466321,22.109432706421785
0,34.16983943026327,140.6907688384529,915.6203329981956,23.709957319011956
3,34.69882842020253,519.2838427951853,594.6164504635655,21.81888143674035
0,34.710486472194695,128.70633023299393,864.1721592729355,22.174697632244037
0,34.7460094239964,179.36668675670336,544.7146654972497,34.35537241154057
3,33.47396515733242,481.4128435368247,643.8662003557794,20.745579554805506
0,33.423328540064375,198.2634256720312,750.576604967302,37.20610861235957
3,35.097152711753694,591.4114845092312,867.4859672914065,27.185633898655258
0,34.2605812719958,182.72585011811094,758.7796542870968,25.46027568655996
0,34.06861211797844,136.11181463924225,469.81347898236226,27.38120176693833
0,34.846739455957,145.50177842762673,500.1666639708125,37.64963874625976
1,33.60798736008087,292.67392741901153,2510.2088759040043,20.03203498034276
0,35.02996819202331,134.2601277879959,892.0656283684863,19.397910405318054
0,34.80850297478835,164.80964542929453,856.3183786440879,21.225669017140394
0,34.84178466160024,188.88189185344189,825.1355158701485,25.160715734822805
0,33.817022144399736,116.78529549592645,974.33893962585,16.371144375937135
0,35.1059719926932,139.03482189044203,719.0613168894303,25.11169619659304
2,25.783751593701567,145.46102339302433,789.4910556026825,7.540320700120509
3,33.6307228607538,480.21053989037574,536.7985114973583,25.757036953123887
3,34.14338846734225,579.56746208792,609.5052167061933,23.536572705123614
1,32.22376476710168,321.0403867302956,1957.8875815204551,21.90919775658186
0,34.70432640574033,144.13828946468928,758.7732048995312,29.49255852275782
1,32.970628491817926,331.9220251235249,2486.1216348200974,20.87083613380976
0,33.823664857078235,126.31984482840977,817.115223833978,34.23197960299624
0,33.73882040689105,149.78865043558335,809.2825029330703,34.666798738571785
0,35.056344187494965,143.53171264295932,660.8670003782408,26.283753993308938
0,34.1853683031536,138.84426353164002,771.4638733380176,24.942424559616775
1,35.5337277099165,320.8615351327863,2050.7659994182754,30.153299041207795
0,34.23209926847385,159.58574012348868,1004.4843462698375,30.473992511136625
0,33.646321021203526,199.60851805476855,754.4560890652998,20.97004134470292
0,33.94173778002567,154.19661698517382,726.6670821434464,22.36722433431649
3,35.23581162000694,599.8059107455565,858.8940328444082,18.38826282658352
0,34.42205091103167,108.29334224539612,613.6630199676156,27.045324691670285
0,34.2258563517547,154.73284317881308,631.1619328952047,28.333139417284453
0,34.58000911292639,117.078950430868,635.5669512697152,18.250371810693636
1,34.50178273616754,290.92300289872395,2479.6385854901555,22.724005475919206
0,35.05869940795123,127.81885777622891,864.7447444456396,18.263730412093253
0,35.224249614946466,185.75698003240717,910.9513202176751,20.506000948780812
0,34.320115677105456,178.50047486008935,1185.7992976242454,27.755085301131498
0,33.83697615695898,157.290141661632,462.58513186988546,21.3325896666086
0,34.293267419438365,104.01898320330207,891.3103383686625,23.49587021983851
0,34.630140253291444,144.11158045836189,716.4304141141653,16.863441360263423
3,33.03624107378939,565.0850004450867,641.3584851111226,25.934951048623322
0,34.02142454255248,155.26608688735794,707.0341807619184,24.778633400776755
0,34.67189394077494,94.68619249557763,663.684549378804,21.35520374983419
3,33.95134764842955,505.4841075990064,868.4524834603452,24.05492851158763
0,34.516398497705794,148.0776670755385,926.3445990520854,25.901474402517223
0,34.120752332649964,166.0887272855157,803.4793967836063,20.92565925545328
0,34.384799642897114,84.11616536700161,1002.65236287305,17.618687279991104
0,34.03788342786585,145.13628073560426,573.1206552051686,34.027872163434076
3,34.890198411124786,557.1524384939477,566.9294868669074,21.833636476448635
0,35.01762466736188,175.4883596554864,473.30484017079687,24.516199484065552
2,19.461436413285718,170.7857275271231,630.0585459876712,6.51625960253047
0,34.035244569903796,167.47713956426415,824.254779005713,42.64527593785242
0,33.75173537245496,126.00178479894197,815.4287866898501,18.777567750555672
0,34.17498803279655,92.75993588630078,822.401286658982,27.24913606863255
0,34.458281015104816,138.20841728815796,588.3414753400878,21.46223857352947
0,33.77517739015074,180.0489547562568,920.4732113921033,22.306048477116445
2,22.23442056062406,191.80363582573295,723.9627518238998,3.919681968489815
0,33.99802131395925,171.31647306893356,909.9581422198997,19.371725160997073
3,34.207267329398945,571.4670411400867,510.7237822409948,24.793543191076694
0,34.53467216851813,161.38918945157897,846.7236288196685,17.627486564758822
2,22.83478733998824,133.3164375971766,581.2234760082473,6.420211349767806
1,34.176820872139395,344.7975882578552,2380.8030242345912,25.275014680166873
1,33.453319915412735,416.7627810330532,2660.309469590915,27.1121748645072
2,24.18503466902184,121.72325982624372,709.1093606255913,4.3007170820806655
1,35.67345209029854,414.5911516283941,2244.538006066204,23.163980328941257
0,35.17023052589517,140.33915536523824,800.9409734276627,26.43781952583664
0,33.8502093815362,189.76296327285235,570.2697027134535,19.179746837970875
0,34.914866208939586,107.79554971507386,972.5401093847444,23.21004782793332
3,34.811396554491594,579.2952100582324,679.4715980503748,20.70193243060773
0,33.92586835562369,127.89689592157134,967.7824916382989,20.547155947044928
1,34.81877764375486,293.3893123230325,2342.040493871187,14.450808796871792
0,35.26896595920628,156.55602127232837,721.4636017390126,31.696632947399998
0,33.93872759687779,180.28415365787907,685.3719820043231,21.567306234231154
0,34.04124858949287,124.65175684219511,931.4260897539613,30.816880275817752
0,35.00883073342175,105.02952118624796,693.5853264007286,30.34396160697146
0,34.63574765541282,147.24465706995136,896.6893148622764,18.570001467417534
0,34.77573813761976,147.37694013668457,742.6321403496065,19.55794382163577
0,34.67029460820025,166.44958882663497,503.60550501625704,37.80251479677842
0,34.69534796046407,178.48783714093466,714.4528898320301,33.754629709635715
0,33.83676393584446,148.21754456182518,623.1337678455727,24.84240743335948
0,35.02365885331072,205.6650994438279,805.0854085523506,26.286865532086747
1,35.169589992427774,358.9693897814117,2142.877679297653,21.845767985264057
0,34.385304627965986,139.60720481979303,938.8962651071924,27.1617635710017
0,34.47826152509307,101.65297922691516,786.3386209470459,21.414090496387644
0,33.734446248722136,142.12021439051497,773.3606007861891,14.838231178508076
0,34.75712737800892,139.90839163766591,898.3838206681373,18.392221067444744
0,34.786028720857075,178.8091438884441,944.5860401113794,25.105463739252937
0,34.468904491500346,163.87450872200563,796.9851872345522,19.34466382248706
0,35.06217667993525,114.61892635102149,684.3199550676064,24.663612675432326
0,34.33296138451003,155.16763159233113,533.9045575831806,19.626694802835686
0,34.7823029629468,170.1459351518716,697.092536444723,21.088230387490032
2,21.941006983923653,195.84094078163497,638.2787753352038,6.279747959619788
1,33.97644784912576,385.5001586965624,2532.117235897689,26.237402738200522
0,34.41282287104858,172.82539962934433,748.227967829296,24.951677893433263
0,34.61265396102047,151.8025798384549,903.1899458077143,29.394819865353256
0,34.315236535583324,161.6493601627035,708.0525093093966,27.403042966736738
0,34.434263702164166,187.48514702118476,791.4438249720588,32.232816456256835
3,34.82604717144151,483.36113012601754,818.398744319689,22.700703688424298
0,34.28161788138089,139.51682018349132,851.273782093245,22.85182510736246
0,33.69671144963066,126.82293753731278,790.9943687467153,18.494453668043274
0,35.37479195210271,161.3745935617837,709.7083337097234,22.8550964131379
1,35.38145407869049,399.2088870260315,2310.0305809855067,29.82384947151223
0,33.85386865244719,132.0907713983678,672.4080120572078,31.49993686131067
0,34.844853902622596,78.29086897591687,718.8489701325651,29.80152584043334
0,34.248512614724326,137.6333776492659,913.3498758116472,16.02904066725282
0,34.63174360766553,177.4042119605222,766.7167593061597,30.415726063303673
0,34.64711206450675,166.1288970884964,597.5340395928154,15.807406883639647
0,34.38279609984184,162.84558743431728,1065.2253939589675,29.490586620611737
0,34.1081171672068,141.6002009437656,847.9947786717745,23.161077367144724
0,34.15472947384187,111.6290779134064,588.9584899230246,28.51266656966928
0,34.041904042259375,165.45882964873402,733.7226609138764,18.33775826052717
0,34.084088895884776,124.97154569896125,816.6329574242627,30.855838163530734
0,34.46641085497532,215.52290200141368,1055.6888139946066,17.675126269475555
0,34.142120005444625,167.11521625063548,633.7831312611696,21.657725445734112
2,27.04615619713786,132.58055092338148,797.6040719355947,3.502858058346447
0,35.24362307766796,131.65844257834115,1009.9229640458515,16.228575735887503
0,34.20997337931498,147.21167380159235,705.7018542388145,25.47263783794234
0,34.619702250267686,142.8149423393475,758.372957170965,34.03044558918481
0,34.74984255515147,183.50501326589864,644.5536128939344,38.33452611160004
1,34.472002270919276,357.45664678976186,2438.9616576759086,25.485778935431238
0,34.53797763395804,128.05104783274416,794.5115038485603,30.58340637533761
3,34.74268241835972,644.5220342577891,765.964999808237,26.160473189642687
0,34.74112447634033,151.47924994560668,963.5275206530671,27.494415973841065
0,33.88116878883635,173.0651902790669,687.785590306753,23.289256744363804
1,34.86915606438927,325.67093970220964,1909.8024807322017,25.975384627113012
2,27.661872511800226,160.8934688323357,697.8755220723758,5.806218056909643
1,33.23671389582142,362.4443996457278,2588.0612589905923,22.107701355618342
2,25.113813506342805,93.31052123711541,724.9417687685042,4.883758550160518
0,34.841664496405535,210.4582533138192,750.9990128736434,24.70784940501256
2,24.372058541261914,188.71933382767642,712.4752099663934,6.239604975995787
0,35.03648902388301,138.08414051562036,1027.3167212528372,19.669839141861598
2,32.09161748385808,116.93190778632433,738.173416896251,4.922686687088523
0,34.10700698368251,160.42684841410656,743.9947362495374,34.560027345263485
2,20.856866190538675,152.6009309824319,649.9802182904004,6.746090228878906
0,34.65190929780244,160.67006845689687,774.5221463483404,31.745895244443524
0,34.86078125256307,155.74732188582269,1045.510994274596,25.12215920089017
0,34.38456681307762,165.1872296791778,772.5048935710704,26.604987818430114
1,35.45326066332103,407.89222797567226,2494.0616966437874,30.011180833514626
0,33.83069710013837,167.04309615385938,727.6529643595545,32.80127764765466
0,34.84645931151581,118.51033503270176,964.8475036162947,15.241985435585567
0,34.197069589620554,190.87688558137356,1093.9755882117013,18.42279346475077
0,35.35968895310365,199.21843690464863,867.5919574147083,31.54722050701324
2,30.977546059504355,244.56170203536254,708.2772903785426,4.584665966346795
0,34.11667170610833,116.29517900281206,805.5174249761352,21.641396053709613
3,33.45044286409142,562.1441006575137,461.56932112142545,18.72919506502198
0,34.9297939434899,87.53703890433039,911.7726296427226,22.224916492279455
0,34.306434675105244,166.59447469137626,820.1249623993765,17.988153582880877
1,33.95458878206776,328.07198807332907,2628.5026151982174,35.45547136366238
0,34.512694210271206,207.7033738447486,693.2806708874443,24.887819740097132
0,33.54016342190117,126.76155089944254,742.3314681534363,24.710247291186413
0,34.49308112695288,99.32450886098215,738.346259524524,27.940383375839158
1,33.310272225935826,331.1494503718992,2806.4868952219117,29.81172584633285
0,34.253438588800115,90.73536686348588,743.186024509536,29.729440782773196
3,35.443632003468814,587.5549727253655,908.2660322109798,30.36810971953786
3,32.743493105720745,446.745847687184,743.0862419015037,21.84577224604572
0,34.90660259337399,150.85372743549476,608.6476010006403,23.510665975215694
0,34.36051853483409,87.66564540431409,780.7180560122065,28.84515827721138
0,34.36011991575208,140.39106586390074,702.2487316765377,22.3630546918019
0,34.895185948025855,199.30134467413603,470.84262952699635,24.974466839863876
0,34.67002564728445,160.81943674307385,1039.9206410170684,26.993818822124073
0,34.78530649860976,124.09519185105198,905.4713813330006,28.92592541155188
0,34.98409233026643,149.06389533182747,879.9810976848969,16.111595188148996
2,24.00607485045003,150.5405061613334,716.5403660299704,6.072118474833418
1,33.38776326549225,368.90521383373624,2085.394729392269,23.831379710741373
1,32.9148494734422,295.32566546876694,2354.914858133369,28.537288554321904
0,34.08729473501052,167.77701821541993,926.2671162176019,28.884658461774144
0,35.974547212654365,68.86825105191674,642.3169955326246,33.03957530559579
0,35.12233979036839,131.10346342908568,420.234602562378,31.767268238106016
3,32.648925633791976,525.5863078774228,677.2893992219074,31.73285831305148
0,33.83877102162821,168.99980478213715,778.7363668958692,32.218351595831194
2,26.445598185155475,150.67892558030607,713.5563416414709,5.437068477223919
0,34.77363239868898,107.8331083843114,909.2777965271804,25.160925435184197
0,34.774441917658685,120.45020622548955,895.6408718346813,29.364085415891672
1,33.7450442064463,357.94720038189627,2577.6309415731766,28.66040475716511
0,34.43727286999855,147.6279797440633,979.3297082130064,23.4546688163087
2,25.98363857247807,132.6262767109276,548.1030219186686,5.607235113212402
3,34.08589300629333,525.958310524401,750.458181447739,24.82451766607703
0,33.39034981362623,170.88503991477867,893.9807545005414,20.73033545769972
0,34.3851001847124,134.46922281392355,614.065657087964,31.45230370688175
0,34.074296782869844,147.3572626791278,574.5694086976416,25.275996212650448
3,34.17521141890851,658.4968294040272,625.4057873524399,35.24354128849426
0,35.99262950130171,107.28952089348232,700.7687836227062,16.872538649000838
0,34.68374083273715,94.44471805276024,913.0129195253646,22.216106135783168
0,34.3432351569138,173.5076899439582,707.8191824463357,25.163194183454358
1,34.92180150197725,322.85427754823587,2243.095444515639,30.68690548814457
0,34.741343943604605,140.4528741677214,708.2549394958162,26.997346863010925
1,34.42009449045184,318.75374487475545,2835.5897002462634,26.552363770903757
3,34.60685059321567,537.0099929616243,701.3043374376953,19.363681037229263
0,35.52827178241477,197.95614336289023,773.1123461964632,19.215293013852644
0,33.93455578233704,174.0638537585436,783.4991751948423,26.612523301449524
3,34.473632076811455,593.1111755943489,829.2060334326522,18.179470030908206
0,34.03680943500923,107.51318832622064,687.6242410095138,22.34061124855336
2,26.666537939026746,115.46538790341393,831.5508290940104,5.751375993628786
0,34.04065674425695,64.82764021543719,831.5744448382255,20.08837863861612
0,34.29131659319746,125.71857536751739,775.9370927036979,33.026779811809035
2,24.114730257286283,178.70109559156975,950.0900497934281,6.835904516356836
0,34.98790835967235,165.50839547245113,641.6540765302105,17.142900008308498
0,34.959227221971204,143.3546021114363,746.9471360649491,20.338143784090065
0,33.87714131177681,149.3309914884584,615.1353141254,13.57111377752525
0,34.527467055499926,129.33343372273782,942.8692955804254,21.087043187259333
0,34.14521007262541,156.14276647205352,1053.3783400477519,28.831942382861996
0,33.870747544662336,172.97634838441843,1050.4884172106958,22.930525288625716
3,33.78298294957563,469.20566062947637,822.3948753146004,27.30398621807984
0,34.34575860577209,158.98943063512044,770.3569298306052,17.388328408591278
0,35.71335824317276,177.97304612864002,745.213853376523,28.989876272909527
0,34.71647991268035,137.54699133109892,549.3245341258903,22.224453860358253
1,32.62238249924576,378.02802448482333,3110.762060554538,25.060848411414526
0,34.21761299791453,234.4396333341766,870.3467117222701,24.535627493034735
3,35.0213832954294,544.7828603506554,650.8043095130517,18.64225739553858
0,35.54422138643496,161.7992115001597,999.2085333480452,19.234578341301088
0,33.70700834388102,127.85828749015826,654.0853224859999,29.83897234501713
0,33.560037807430476,155.4375348780615,860.9933051334011,26.99496078750848
0,35.43548258768589,163.80814874946913,774.1056298563748,30.250245207767133
0,34.69480708868545,155.84527020810415,895.8015709820452,26.62329117751259
0,34.06585363406182,119.4091404087343,790.4639691220818,25.714953174046084
2,26.603887258367305,156.19085313976353,554.9072108888776,2.41098407199985
0,33.18212613049156,193.8658781615291,811.3364559005057,23.648166516194152
0,34.50168775329858,163.4590729354358,957.3296212813043,24.86307839798128
0,34.663910586421544,178.85961567215523,795.6175391219023,34.76553599136287
1,34.92427013953783,340.5195211994949,2732.534536476726,28.434783160493385
0,33.99305202385373,172.49700718271131,643.170577148892,32.680305908547645
0,34.54284358070168,158.3780351464958,796.0608810095222,27.98768852947364
0,34.03728768697021,121.47267810938304,706.3234317367134,21.443483865252603
1,34.255383755674316,362.740840191955,2724.094252031413,25.585621080749256
0,34.05232683881849,120.24910009679068,804.7237343392993,26.181118231321165
0,34.29594958041989,131.01359175345624,903.5110514504919,20.30422215114659
2,22.012553815629314,155.6798492187712,808.7710426157867,4.423418935110618
2,26.95340872547097,158.91732820140373,769.1618575121388,4.691349509484242
0,34.92922555832833,114.32302604768613,840.9677651440467,33.02809916282559
2,24.296138290127757,181.6195731354863,600.1787741488595,1.8788892119135325
0,34.519118997480014,167.1601883490142,799.5820833999649,31.029092103580215
0,33.77570429268323,128.85814693167347,720.036439697625,20.316023825203086
0,34.35016167599661,103.87245610652474,748.3904064943661,18.13960406365193
0,34.47489769147913,145.65286262755706,743.8198773874624,30.89971065019232
0,35.81039654551499,136.62168858416518,653.0111637826633,28.659490346171907
3,32.88803297422584,555.6570228526512,504.266141086601,31.27259351190595
0,35.23208861937622,139.10650016533302,699.778542750835,29.00350973772788
0,34.9984293867329,89.7762941776497,829.0069177886238,35.29922500868701
0,34.64031820224507,138.34959185096525,597.7734431858764,27.793619184722427
3,35.758620484195134,534.7190444465843,701.5682236471624,24.217613119384207
0,34.68605273630343,169.00983074322176,1085.0402636466447,26.714631886606714
0,34.694579597833965,129.0540097616685,953.4584832878359,31.217345641729818
0,34.47343967349123,200.360240201177,1046.5312263680794,21.103123373699415
0,35.111784441209316,92.65078348044729,858.6691815399089,21.740557087343095
3,35.096469233810886,615.5583748901312,816.7509822986447,23.45519992701046
3,33.37432271250379,538.7840514560947,627.6035269532213,14.477086006173339
0,33.84037640270061,175.78754617030668,703.3489599467024,25.690392042087733
3,33.797019362604345,553.9900742029366,426.08597938625275,15.569356480244869
0,34.099980717801174,184.18666608076407,977.9218211063449,25.265296564663096
2,24.809426276153935,138.37914106341566,854.0323979819887,6.297934634202875
0,35.11871906734207,117.04138724466563,717.0234131979095,22.615617696780824
0,34.2713491724566,192.6151286181319,761.9072440404148,33.38557935093436
0,34.47858830934421,146.59558062353577,686.9206829463558,17.69749550290756
0,34.529011367404195,156.64675420872632,857.3980327216237,30.95630340815916
0,34.92421544110264,187.04255742134384,968.7398817954861,28.375685282034603
0,33.376555333007694,119.04134273716696,538.5842039178439,16.419833758446554
0,34.19664985261735,167.86472692917772,861.4157795963379,38.55397149520266
1,34.21128369227947,326.40420974148435,2416.9984684842566,24.68127357248017
0,35.10003947821343,146.03491933066886,817.0091587950034,20.61257988922184
0,34.2540487762469,152.16836896152867,868.8491002511437,17.964564026079916
3,32.12344729395812,474.9889069276532,681.1797561227179,23.89990986170163
0,34.809855722983066,126.63488871538695,784.461971989133,24.362965638050202
0,34.18231880558719,190.53218677239417,767.9187248668042,25.51322764269832
0,33.90516667045482,176.58573565754386,945.5474302682422,23.5110192188802
2,23.126963830860326,148.12081268018295,741.8759960127496,5.94983796517264
0,34.40773732117208,157.2937037553868,833.0875306606041,23.061850836683767
0,34.19762766773089,141.17272483090628,609.3572418361575,15.325179413797645
2,18.38330182870279,190.69750157483946,662.1420256786846,4.775957756525538
3,34.89706619688713,539.9823711102918,789.8669160339174,13.162611733133609
0,35.13743752063936,156.95526276404544,805.6544859685885,26.76885315445695
0,34.825760995669754,184.38090432426196,898.9297204383707,20.103498848586824
0,33.93115716478759,126.6788554546228,1064.976770049145,25.816801774579
2,24.395525398157446,196.7636755349068,803.8606069208817,6.971112472286906
0,34.49673934238527,104.0861577076987,813.9737506549613,20.25625652366
0,34.79939719478096,198.88926393338397,723.3516244706409,30.30628129256059
3,34.66834048871808,531.3662208024012,444.64504039441016,22.833052166569235
0,34.13291310061075,142.71903756524154,774.7422616290721,33.76597401032792
0,34.54099777820678,93.29969486451171,751.0981256274727,23.174236934008935
0,34.72864020230762,136.35615847866922,858.5549291593063,20.797535072466545
0,35.227911161073386,118.80580406919347,776.9142159537969,28.436192251976443
0,34.85225326991236,131.77060963879583,751.9422410844809,22.82105135188182
0,34.89452834368776,145.8806710263336,533.0901604239169,20.79275242935496
0,34.54191331396468,178.73374843418716,659.00482562749,22.610800746481043
0,35.20522957260175,156.22810054201878,871.4976561200837,24.776967339084994
3,34.409762795959494,565.3838326700557,871.5907631132694,31.71090065622427
0,34.06945604491322,117.13441833463312,785.3711924381565,15.329561272702115
3,35.40336997012519,505.96229551986346,732.7811073574123,25.115403294752102
0,34.84895163626951,203.96175055053936,942.8717235429208,28.124517973270216
2,23.670867936614552,127.9439689571026,618.910606379975,5.290172862487694
1,33.520507032600754,416.24833008229183,2610.044212985633,31.549325847167673
0,34.648287772570384,142.708164033574,688.9264840501762,24.62827335120738
1,34.46318479526759,350.0915174457402,2759.4473315473033,24.077242789070276
2,25.59187679689362,182.1109548068979,715.1403047951733,5.888494320520015
0,34.65565433672144,188.1567726581597,844.7677720972159,25.49656907475675
0,35.34997868728819,146.67562319162738,682.6102103872116,23.047956308597644
0,35.03577157611744,138.35270839435384,906.0548539416177,27.5807201979319
2,25.571906773795074,148.3223865443336,908.4712921231016,4.021207560175032
1,34.941310580767485,363.51830112928474,2197.626491371538,21.944114239903364
1,32.96747609647246,385.65214747479024,2398.072297705743,22.360029891171934
0,34.69896352497341,150.12689576982456,834.7411211252138,31.765345800832037
2,30.427919049199332,168.5665889406946,778.6406211995817,0.5
0,34.39097705230381,199.15079196812823,716.0680572065796,26.97799417381471
0,34.076183035690455,161.43928836794353,400.0,25.17135907100111
0,34.17395555570347,159.34958568014335,1003.8784241246037,16.595647703809398
0,33.9551834813288,104.43267524729796,914.0759179376214,26.548633895680013
0,34.10761904593615,71.0780958951281,538.5578704270002,27.37875995915766
0,34.31474595070499,161.65127187690504,708.8646812330667,27.948196156787
0,33.797216490410676,147.15527306157384,1035.227364429099,11.740859684775256
0,34.5078091669748,134.55651975255773,1017.1694627686799,31.831947059272192
0,34.95113858689332,157.30590612559033,940.7960034018417,21.311316476575797
0,34.04612190992654,148.18788812409275,773.5831349060206,28.43283873376588
0,35.25964196182088,183.83340751901696,812.4481128218765,28.70536890341143
0,34.7553960442638,152.58332604776933,780.361129231081,20.616514571903537
0,35.015290292812026,127.59230144789497,969.2359674903256,28.30229976175775
0,34.17108272307393,179.70498716877867,668.6236390257335,23.072533795438208
0,34.92726261353331,143.48606775161392,679.1300517673693,14.643114103309214
0,33.95403304980234,165.79610051016923,951.5411880254023,30.838709627638895
0,34.945123750418254,135.677678814216,793.3457816732657,21.1247751849188
0,34.58591966989677,130.5051934350769,1006.7701033180713,20.72753268630973
2,26.65975365995435,152.5250469055709,632.8487793019455,4.395401197944917
